Species,Trophic.Niche,Realm
Accipiter albogularis,Vertivore,Oceanian
Accipiter badius,Vertivore,Afrotropical
Accipiter bicolor,Vertivore,Neotropical
Accipiter brachyurus,Vertivore,Oceanian
Accipiter brevipes,Vertivore,Palearctic
Accipiter butleri,Vertivore,Oriental
Accipiter castanilius,Vertivore,Afrotropical
Accipiter cirrocephalus,Vertivore,Australian
Accipiter collaris,Vertivore,Neotropical
Accipiter cooperii,Vertivore,Nearctic
Accipiter erythrauchen,Vertivore,Oceanian
Accipiter erythropus,Vertivore,Afrotropical
Accipiter fasciatus,Vertivore,Australian
Accipiter francesiae,Invertivore,Madagascan
Accipiter gentilis,Vertivore,Saharo-Arabian
Accipiter griseiceps,Vertivore,Oriental
Accipiter gularis,Vertivore,Palearctic
Accipiter gundlachi,Vertivore,Neotropical
Accipiter haplochrous,Vertivore,Oceanian
Accipiter henicogrammus,Vertivore,Oceanian
Accipiter henstii,Vertivore,Madagascan
Accipiter hiogaster,Vertivore,Oceanian
Accipiter imitator,Vertivore,Oceanian
Accipiter luteoschistaceus,Vertivore,Oceanian
Accipiter madagascariensis,Vertivore,Madagascan
Accipiter melanochlamys,Vertivore,Oceanian
Accipiter melanoleucus,Vertivore,Afrotropical
Accipiter meyerianus,Vertivore,Oceanian
Accipiter minullus,Vertivore,Afrotropical
Accipiter nanus,Invertivore,Oriental
Accipiter nisus,Vertivore,Palearctic
Accipiter novaehollandiae,Vertivore,Australian
Accipiter ovampensis,Vertivore,Afrotropical
Accipiter poliocephalus,Vertivore,Oceanian
Accipiter poliogaster,Vertivore,Neotropical
Accipiter princeps,Vertivore,Oceanian
Accipiter rhodogaster,Vertivore,Oceanian
Accipiter rufitorques,Vertivore,Oceanian
Accipiter rufiventris,Vertivore,Afrotropical
Accipiter soloensis,Vertivore,Sino-Japanese
Accipiter striatus,Vertivore,Nearctic
Accipiter superciliosus,Vertivore,Neotropical
Accipiter sylvestris,Vertivore,Oriental
Accipiter tachiro,Vertivore,Afrotropical
Accipiter toussenelii,Vertivore,Afrotropical
Accipiter trinotatus,Vertivore,Oceanian
Accipiter trivirgatus,Vertivore,Oriental
Accipiter virgatus,Vertivore,Oriental
Aegypius monachus,Scavenger,Palearctic
Aquila adalberti,Vertivore,Palearctic
Aquila africana,Vertivore,Afrotropical
Aquila audax,Vertivore,Australian
Aquila chrysaetos,Vertivore,Palearctic
Aquila fasciata,Vertivore,Saharo-Arabian
Aquila gurneyi,Vertivore,Oceanian
Aquila heliaca,Vertivore,Palearctic
Aquila nipalensis,Vertivore,Palearctic
Aquila rapax,Vertivore,Afrotropical
Aquila spilogaster,Vertivore,Afrotropical
Aquila verreauxii,Vertivore,Afrotropical
Aviceda cuculoides,Vertivore,Afrotropical
Aviceda jerdoni,Omnivore,Oriental
Aviceda leuphotes,Invertivore,Oriental
Aviceda madagascariensis,Vertivore,Madagascan
Aviceda subcristata,Omnivore,Australian
Busarellus nigricollis,Aquatic predator,Neotropical
Butastur indicus,Vertivore,Palearctic
Butastur liventer,Vertivore,Oriental
Butastur rufipennis,Invertivore,Afrotropical
Butastur teesa,Vertivore,Oriental
Buteo albigula,Vertivore,Neotropical
Buteo albonotatus,Vertivore,Neotropical
Buteo augur,Vertivore,Afrotropical
Buteo auguralis,Vertivore,Afrotropical
Buteo brachypterus,Vertivore,Madagascan
Buteo brachyurus,Vertivore,Neotropical
Buteo buteo,Vertivore,Palearctic
Buteo galapagoensis,Vertivore,Neotropical
Buteo hemilasius,Vertivore,Palearctic
Buteo jamaicensis,Vertivore,Nearctic
Buteo japonicus,Vertivore,Palearctic
Buteo lagopus,Vertivore,Saharo-Arabian
Buteo lineatus,Vertivore,Nearctic
Buteo nitidus,Vertivore,Neotropical
Buteo oreophilus,Vertivore,Afrotropical
Buteo plagiatus,Vertivore,Neotropical
Buteo platypterus,Vertivore,Nearctic
Buteo refectus,Vertivore,Sino-Japanese
Buteo regalis,Vertivore,Nearctic
Buteo ridgwayi,Vertivore,Neotropical
Buteo rufinus,Vertivore,Saharo-Arabian
Buteo rufofuscus,Vertivore,Afrotropical
Buteo socotraensis,Vertivore,Afrotropical
Buteo solitarius,Vertivore,Nearctic
Buteo swainsoni,Vertivore,Nearctic
Buteo trizonatus,Vertivore,Afrotropical
Buteo ventralis,Vertivore,Neotropical
Buteogallus aequinoctialis,Aquatic predator,Neotropical
Buteogallus anthracinus,Aquatic predator,Neotropical
Buteogallus coronatus,Vertivore,Neotropical
Buteogallus gundlachii,Omnivore,Neotropical
Buteogallus lacernulatus,Vertivore,Neotropical
Buteogallus meridionalis,Vertivore,Neotropical
Buteogallus schistaceus,Vertivore,Neotropical
Buteogallus solitarius,Vertivore,Neotropical
Buteogallus urubitinga,Vertivore,Neotropical
Chelictinia riocourii,Invertivore,Afrotropical
Chondrohierax uncinatus,Invertivore,Neotropical
Chondrohierax wilsonii,Invertivore,Neotropical
Circaetus beaudouini,Vertivore,Afrotropical
Circaetus cinerascens,Vertivore,Afrotropical
Circaetus cinereus,Vertivore,Afrotropical
Circaetus fasciolatus,Vertivore,Afrotropical
Circaetus gallicus,Vertivore,Saharo-Arabian
Circaetus pectoralis,Vertivore,Afrotropical
Circus aeruginosus,Vertivore,Palearctic
Circus approximans,Vertivore,Australian
Circus assimilis,Vertivore,Australian
Circus buffoni,Vertivore,Neotropical
Circus cinereus,Vertivore,Neotropical
Circus cyaneus,Vertivore,Palearctic
Circus hudsonius,Vertivore,Nearctic
Circus macrosceles,Vertivore,Madagascan
Circus macrourus,Vertivore,Palearctic
Circus maillardi,Vertivore,Oceanian
Circus maurus,Vertivore,Afrotropical
Circus melanoleucos,Vertivore,Palearctic
Circus pygargus,Vertivore,Palearctic
Circus ranivorus,Vertivore,Afrotropical
Circus spilonotus,Vertivore,Palearctic
Circus spilothorax,Vertivore,Oceanian
Clanga clanga,Vertivore,Palearctic
Clanga hastata,Vertivore,Oriental
Clanga pomarina,Vertivore,Palearctic
Cryptoleucopteryx plumbea,Vertivore,Neotropical
Dryotriorchis spectabilis,Vertivore,Afrotropical
Elanoides forficatus,Invertivore,Neotropical
Elanus axillaris,Vertivore,Australian
Elanus caeruleus,Vertivore,Afrotropical
Elanus leucurus,Vertivore,Neotropical
Elanus scriptus,Vertivore,Australian
Erythrotriorchis buergersi,Vertivore,Oceanian
Erythrotriorchis radiatus,Vertivore,Australian
Eutriorchis astur,Vertivore,Madagascan
Gampsonyx swainsonii,Vertivore,Neotropical
Geranoaetus albicaudatus,Vertivore,Neotropical
Geranoaetus melanoleucus,Vertivore,Neotropical
Geranoaetus polyosoma,Vertivore,Neotropical
Geranospiza caerulescens,Vertivore,Neotropical
Gypaetus barbatus,Scavenger,Sino-Japanese
Gypohierax angolensis,Frugivore,Afrotropical
Gyps africanus,Scavenger,Afrotropical
Gyps bengalensis,Scavenger,Oriental
Gyps coprotheres,Scavenger,Afrotropical
Gyps fulvus,Scavenger,Palearctic
Gyps himalayensis,Scavenger,Sino-Japanese
Gyps indicus,Scavenger,Oriental
Gyps rueppelli,Scavenger,Afrotropical
Gyps tenuirostris,Scavenger,Oriental
Haliaeetus albicilla,Aquatic predator,Palearctic
Haliaeetus leucocephalus,Omnivore,Nearctic
Haliaeetus leucogaster,Aquatic predator,Oceanian
Haliaeetus leucoryphus,Aquatic predator,Oriental
Haliaeetus pelagicus,Aquatic predator,Palearctic
Haliaeetus sanfordi,Omnivore,Oceanian
Haliaeetus vocifer,Aquatic predator,Afrotropical
Haliaeetus vociferoides,Aquatic predator,Madagascan
Haliastur indus,Omnivore,Oriental
Haliastur sphenurus,Omnivore,Australian
Hamirostra melanosternon,Vertivore,Australian
Harpagus bidentatus,Invertivore,Neotropical
Harpagus diodon,Invertivore,Neotropical
Harpia harpyja,Vertivore,Neotropical
Harpyopsis novaeguineae,Vertivore,Oceanian
Helicolestes hamatus,Invertivore,Neotropical
Henicopernis infuscatus,Invertivore,Oceanian
Henicopernis infuscatus,Invertivore,Oceanian
Henicopernis longicauda,Invertivore,Oceanian
Hieraaetus ayresii,Vertivore,Afrotropical
Hieraaetus morphnoides,Vertivore,Australian
Hieraaetus pennatus,Vertivore,Palearctic
Hieraaetus wahlbergi,Vertivore,Afrotropical
Hieraaetus weiskei,Vertivore,Oceanian
Icthyophaga humilis,Aquatic predator,Oriental
Icthyophaga ichthyaetus,Aquatic predator,Oriental
Ictinaetus malaiensis,Vertivore,Oriental
Ictinia mississippiensis,Invertivore,Nearctic
Ictinia plumbea,Invertivore,Neotropical
Kaupifalco monogrammicus,Invertivore,Afrotropical
Leptodon cayanensis,Omnivore,Neotropical
Leptodon forbesi,Omnivore,Neotropical
Leucopternis kuhli,Vertivore,Neotropical
Leucopternis melanops,Vertivore,Neotropical
Leucopternis semiplumbeus,Vertivore,Neotropical
Lophaetus occipitalis,Vertivore,Afrotropical
Lophoictinia isura,Vertivore,Australian
Lophotriorchis kienerii,Vertivore,Oriental
Macheiramphus alcinus,Vertivore,Afrotropical
Megatriorchis doriae,Vertivore,Oceanian
Melierax canorus,Vertivore,Afrotropical
Melierax metabates,Vertivore,Afrotropical
Melierax poliopterus,Vertivore,Afrotropical
Micronisus gabar,Vertivore,Afrotropical
Milvus aegyptius,Omnivore,NA
Milvus migrans,Omnivore,Oriental
Milvus milvus,Omnivore,Palearctic
Morphnarchus princeps,Vertivore,Neotropical
Morphnus guianensis,Vertivore,Neotropical
Necrosyrtes monachus,Scavenger,Afrotropical
Neophron percnopterus,Scavenger,Saharo-Arabian
Nisaetus alboniger,Vertivore,Oriental
Nisaetus bartelsi,Vertivore,Oriental
Nisaetus cirrhatus,Vertivore,Oriental
Nisaetus floris,Vertivore,Oceanian
Nisaetus lanceolatus,Vertivore,Oriental
Nisaetus nanus,Vertivore,Oriental
Nisaetus nipalensis,Vertivore,Sino-Japanese
Nisaetus philippensis,Vertivore,Oriental
Nisaetus pinskeri,Vertivore,Oceanian
Parabuteo leucorrhous,Vertivore,Neotropical
Parabuteo unicinctus,Vertivore,Neotropical
Pernis apivorus,Invertivore,Palearctic
Pernis celebensis,Invertivore,Oriental
Pernis ptilorhynchus,Invertivore,Sino-Japanese
Pernis steerei,Invertivore,Oceanian
Pithecophaga jefferyi,Vertivore,Oriental
Polemaetus bellicosus,Vertivore,Afrotropical
Polyboroides radiatus,Vertivore,Madagascan
Polyboroides typus,Vertivore,Afrotropical
Pseudastur albicollis,Vertivore,Neotropical
Pseudastur occidentalis,Vertivore,Neotropical
Pseudastur polionotus,Vertivore,Neotropical
Rostrhamus sociabilis,Aquatic predator,Neotropical
Rupornis magnirostris,Vertivore,Neotropical
Sarcogyps calvus,Scavenger,Oriental
Spilornis cheela,Vertivore,Oriental
Spilornis elgini,Vertivore,Oriental
Spilornis holospilus,Vertivore,Oceanian
Spilornis holospilus,Vertivore,Oceanian
Spilornis kinabaluensis,Vertivore,Oriental
Spilornis klossi,Vertivore,Oriental
Spilornis rufipectus,Vertivore,Oriental
Spizaetus isidori,Vertivore,Neotropical
Spizaetus melanoleucus,Vertivore,Neotropical
Spizaetus ornatus,Vertivore,Neotropical
Spizaetus tyrannus,Vertivore,Neotropical
Stephanoaetus coronatus,Vertivore,Afrotropical
Terathopius ecaudatus,Omnivore,Afrotropical
Torgos tracheliotos,Scavenger,Afrotropical
Trigonoceps occipitalis,Scavenger,Afrotropical
Urotriorchis macrourus,Vertivore,Afrotropical
Pandion haliaetus,Aquatic predator,Palearctic
Sagittarius serpentarius,Vertivore,Afrotropical
Aix galericulata,Herbivore aquatic,Palearctic
Aix sponsa,Omnivore,Nearctic
Alopochen aegyptiaca,Omnivore,Afrotropical
Amazonetta brasiliensis,Herbivore aquatic,Neotropical
Anas acuta,Herbivore aquatic,Saharo-Arabian
Anas albogularis,Aquatic predator,Oriental
Anas andium,Herbivore aquatic,Neotropical
Anas aucklandica,Aquatic predator,Neotropical
Anas bahamensis,Herbivore aquatic,Neotropical
Anas bernieri,Herbivore aquatic,Madagascan
Anas capensis,Aquatic predator,Afrotropical
Anas carolinensis,Aquatic predator,NA
Anas castanea,Aquatic predator,Australian
Anas chlorotis,Herbivore aquatic,Australian
Anas crecca,Herbivore aquatic,Saharo-Arabian
Anas eatoni,Omnivore,Madagascan
Anas erythrorhyncha,Herbivore aquatic,Afrotropical
Anas flavirostris,Herbivore aquatic,Neotropical
Anas fulvigula,Herbivore aquatic,Nearctic
Anas georgica,Herbivore aquatic,Neotropical
Anas gibberifrons,Aquatic predator,Oceanian
Anas gracilis,Aquatic predator,Australian
Anas laysanensis,Aquatic predator,Nearctic
Anas luzonica,Herbivore aquatic,Oceanian
Anas melleri,Herbivore aquatic,Madagascan
Anas nesiotis,Aquatic predator,Palearctic
Anas platyrhynchos,Herbivore aquatic,Palearctic
Anas poecilorhyncha,Herbivore aquatic,Oriental
Anas rubripes,Herbivore aquatic,Nearctic
Anas sparsa,Omnivore,Afrotropical
Anas superciliosa,Herbivore aquatic,Australian
Anas undulata,Herbivore aquatic,Afrotropical
Anas wyvilliana,Omnivore,Nearctic
Anas zonorhyncha,Herbivore aquatic,Palearctic
Anser albifrons,Herbivore terrestrial,Palearctic
Anser anser,Herbivore terrestrial,Palearctic
Anser brachyrhynchus,Herbivore terrestrial,Nearctic
Anser caerulescens,Herbivore terrestrial,Nearctic
Anser canagicus,Omnivore,Saharo-Arabian
Anser cygnoid,Herbivore terrestrial,Palearctic
Anser erythropus,Herbivore terrestrial,Palearctic
Anser fabalis,Herbivore terrestrial,Palearctic
Anser indicus,Herbivore terrestrial,Palearctic
Anser rossii,Herbivore terrestrial,Palearctic
Asarcornis scutulata,Omnivore,Oriental
Aythya affinis,Aquatic predator,Nearctic
Aythya americana,Herbivore aquatic,Nearctic
Aythya australis,Aquatic predator,Australian
Aythya baeri,Herbivore aquatic,Palearctic
Aythya collaris,Herbivore aquatic,Nearctic
Aythya ferina,Herbivore aquatic,Palearctic
Aythya fuligula,Herbivore aquatic,Palearctic
Aythya innotata,Aquatic predator,Madagascan
Aythya marila,Aquatic predator,Palearctic
Aythya novaeseelandiae,Herbivore aquatic,Australian
Aythya nyroca,Herbivore aquatic,Saharo-Arabian
Aythya valisineria,Herbivore aquatic,Nearctic
Biziura lobata,Aquatic predator,Australian
Branta bernicla,Herbivore terrestrial,Palearctic
Branta canadensis,Herbivore terrestrial,Nearctic
Branta hutchinsii,Herbivore terrestrial,Nearctic
Branta leucopsis,Herbivore terrestrial,Palearctic
Branta ruficollis,Herbivore terrestrial,Palearctic
Branta sandvicensis,Herbivore terrestrial,Nearctic
Bucephala albeola,Aquatic predator,Nearctic
Bucephala clangula,Aquatic predator,Palearctic
Bucephala islandica,Aquatic predator,Nearctic
Cairina moschata,Omnivore,Neotropical
Callonetta leucophrys,Herbivore aquatic,Neotropical
Cereopsis novaehollandiae,Herbivore terrestrial,Australian
Chenonetta jubata,Herbivore terrestrial,Australian
Chloephaga hybrida,Herbivore terrestrial,Neotropical
Chloephaga melanoptera,Herbivore terrestrial,Neotropical
Chloephaga picta,Herbivore terrestrial,Neotropical
Chloephaga poliocephala,Herbivore terrestrial,Neotropical
Chloephaga rubidiceps,Herbivore terrestrial,Neotropical
Clangula hyemalis,Aquatic predator,Nearctic
Coscoroba coscoroba,Aquatic predator,Neotropical
Cyanochen cyanoptera,Herbivore terrestrial,Afrotropical
Cygnus atratus,Herbivore aquatic,Australian
Cygnus buccinator,Herbivore aquatic,Nearctic
Cygnus columbianus,Herbivore aquatic,Palearctic
Cygnus cygnus,Herbivore aquatic,Palearctic
Cygnus melancoryphus,Herbivore aquatic,Neotropical
Cygnus olor,Herbivore aquatic,Palearctic
Dendrocygna arborea,Omnivore,Neotropical
Dendrocygna arcuata,Herbivore aquatic,Australian
Dendrocygna autumnalis,Herbivore terrestrial,Neotropical
Dendrocygna bicolor,Omnivore,Afrotropical
Dendrocygna eytoni,Herbivore terrestrial,Australian
Dendrocygna guttata,Omnivore,Oceanian
Dendrocygna javanica,Herbivore aquatic,Oriental
Dendrocygna viduata,Herbivore aquatic,Afrotropical
Heteronetta atricapilla,Herbivore aquatic,Neotropical
Histrionicus histrionicus,Aquatic predator,Saharo-Arabian
Hymenolaimus malacorhynchos,Aquatic predator,Australian
Lophodytes cucullatus,Aquatic predator,Nearctic
Lophonetta specularioides,Aquatic predator,Neotropical
Malacorhynchus membranaceus,Omnivore,Australian
Mareca americana,Omnivore,Nearctic
Mareca falcata,Herbivore aquatic,Palearctic
Mareca penelope,Omnivore,Palearctic
Mareca sibilatrix,Omnivore,Neotropical
Mareca strepera,Herbivore aquatic,Palearctic
Marmaronetta angustirostris,Herbivore aquatic,Palearctic
Melanitta americana,Aquatic predator,Palearctic
Melanitta deglandi,Aquatic predator,Nearctic
Melanitta fusca,Aquatic predator,Palearctic
Melanitta nigra,Aquatic predator,Palearctic
Melanitta perspicillata,Aquatic predator,Nearctic
Melanitta stejnegeri,Aquatic predator,Palearctic
Merganetta armata,Aquatic predator,Neotropical
Mergellus albellus,Aquatic predator,Palearctic
Mergus merganser,Aquatic predator,Palearctic
Mergus octosetaceus,Aquatic predator,Neotropical
Mergus serrator,Aquatic predator,Palearctic
Mergus squamatus,Aquatic predator,Palearctic
Neochen jubata,Herbivore terrestrial,Neotropical
Netta erythrophthalma,Herbivore aquatic,Afrotropical
Netta peposaca,Herbivore aquatic,Neotropical
Netta rufina,Herbivore aquatic,Palearctic
Nettapus auritus,Herbivore aquatic,Afrotropical
Nettapus coromandelianus,Herbivore aquatic,Oriental
Nettapus pulchellus,Herbivore aquatic,Oceanian
Nomonyx dominicus,Herbivore aquatic,Neotropical
Oxyura australis,Herbivore aquatic,Australian
Oxyura ferruginea,Aquatic predator,Neotropical
Oxyura jamaicensis,Aquatic predator,Nearctic
Oxyura leucocephala,Aquatic predator,Palearctic
Oxyura maccoa,Omnivore,Afrotropical
Oxyura vittata,Herbivore aquatic,Neotropical
Plectropterus gambensis,Omnivore,Afrotropical
Polysticta stelleri,Aquatic predator,Palearctic
Pteronetta hartlaubii,Aquatic predator,Afrotropical
Radjah radjah,Aquatic predator,Oceanian
Rhodonessa caryophyllacea,NA,Oriental
Salvadorina waigiuensis,Aquatic predator,Oceanian
Sarkidiornis melanotos,Herbivore aquatic,Afrotropical
Sarkidiornis sylvicola,Herbivore aquatic,Neotropical
Sibirionetta formosa,Herbivore aquatic,Palearctic
Somateria fischeri,Aquatic predator,Nearctic
Somateria mollissima,Aquatic predator,Palearctic
Somateria spectabilis,Aquatic predator,Nearctic
Spatula clypeata,Aquatic predator,Palearctic
Spatula cyanoptera,Herbivore aquatic,Neotropical
Spatula discors,Herbivore aquatic,Nearctic
Spatula hottentota,Omnivore,Afrotropical
Spatula platalea,Herbivore aquatic,Neotropical
Spatula puna,Herbivore aquatic,Neotropical
Spatula querquedula,Herbivore aquatic,Palearctic
Spatula rhynchotis,Aquatic predator,Australian
Spatula smithii,Aquatic predator,Afrotropical
Spatula versicolor,Herbivore aquatic,Neotropical
Speculanas specularis,Herbivore aquatic,Neotropical
Stictonetta naevosa,Herbivore aquatic,Australian
Tachyeres brachypterus,Aquatic predator,Neotropical
Tachyeres leucocephalus,Aquatic predator,Neotropical
Tachyeres patachonicus,Aquatic predator,Neotropical
Tachyeres pteneres,Aquatic predator,Neotropical
Tadorna cana,Omnivore,Afrotropical
Tadorna cristata,NA,Palearctic
Tadorna ferruginea,Omnivore,Palearctic
Tadorna tadorna,Aquatic predator,Palearctic
Tadorna tadornoides,Omnivore,Australian
Tadorna variegata,Omnivore,Australian
Thalassornis leuconotus,Herbivore aquatic,Afrotropical
Anhima cornuta,Herbivore aquatic,Neotropical
Chauna chavaria,Herbivore aquatic,Neotropical
Chauna torquata,Herbivore aquatic,Neotropical
Anseranas semipalmata,Omnivore,Australian
Aceros nipalensis,Frugivore,Oriental
Anorrhinus austeni,Frugivore,Oriental
Anorrhinus galeritus,Frugivore,Oriental
Anorrhinus tickelli,Frugivore,Oriental
Anthracoceros albirostris,Frugivore,Oriental
Anthracoceros coronatus,Frugivore,Oriental
Anthracoceros malayanus,Frugivore,Oriental
Anthracoceros marchei,Frugivore,Oriental
Anthracoceros montani,Frugivore,Oriental
Berenicornis comatus,Omnivore,Oriental
Buceros bicornis,Frugivore,Oriental
Buceros hydrocorax,Frugivore,Oriental
Buceros mindanensis,Frugivore,Oriental
Buceros rhinoceros,Frugivore,Oriental
Bucorvus abyssinicus,Omnivore,Afrotropical
Bucorvus leadbeateri,Omnivore,Afrotropical
Bycanistes albotibialis,Frugivore,Afrotropical
Bycanistes brevis,Frugivore,Afrotropical
Bycanistes bucinator,Frugivore,Afrotropical
Bycanistes cylindricus,Frugivore,Afrotropical
Bycanistes fistulator,Frugivore,Afrotropical
Bycanistes sharpii,Frugivore,Afrotropical
Bycanistes subcylindricus,Frugivore,Afrotropical
Ceratogymna atrata,Frugivore,Afrotropical
Ceratogymna elata,Frugivore,Afrotropical
Horizocerus albocristatus,Invertivore,Afrotropical
Horizocerus cassini,Invertivore,Afrotropical
Horizocerus granti,Invertivore,Afrotropical
Horizocerus hartlaubi,Invertivore,Afrotropical
Lophoceros alboterminatus,Omnivore,Afrotropical
Lophoceros bradfieldi,Invertivore,Afrotropical
Lophoceros camurus,Invertivore,Afrotropical
Lophoceros fasciatus,Omnivore,Afrotropical
Lophoceros hemprichii,Invertivore,Afrotropical
Lophoceros nasutus,Invertivore,Afrotropical
Lophoceros pallidirostris,Invertivore,Afrotropical
Lophoceros semifasciatus,Omnivore,Afrotropical
Ocyceros birostris,Frugivore,Oriental
Ocyceros gingalensis,Frugivore,Oriental
Ocyceros griseus,Frugivore,Oriental
Penelopides affinis,Omnivore,Oriental
Penelopides manillae,Frugivore,Oriental
Penelopides mindorensis,Frugivore,Oriental
Penelopides panini,Frugivore,Oceanian
Rhabdotorrhinus corrugatus,Frugivore,Oriental
Rhabdotorrhinus exarhatus,Frugivore,Oriental
Rhabdotorrhinus leucocephalus,Frugivore,Oriental
Rhabdotorrhinus waldeni,Frugivore,Oriental
Rhinoplax vigil,Frugivore,Oriental
Rhyticeros cassidix,Frugivore,Oriental
Rhyticeros everetti,Frugivore,Oriental
Rhyticeros narcondami,Frugivore,Oriental
Rhyticeros plicatus,Frugivore,Oceanian
Rhyticeros subruficollis,Frugivore,Oriental
Rhyticeros undulatus,Frugivore,Oriental
Tockus damarensis,Invertivore,Afrotropical
Tockus deckeni,Invertivore,Afrotropical
Tockus erythrorhynchus,Invertivore,Afrotropical
Tockus flavirostris,Invertivore,Afrotropical
Tockus jacksoni,Invertivore,Afrotropical
Tockus leucomelas,Invertivore,Afrotropical
Tockus monteiri,Invertivore,Afrotropical
Phoeniculus bollei,Invertivore,Afrotropical
Phoeniculus damarensis,Invertivore,Afrotropical
Phoeniculus purpureus,Invertivore,Afrotropical
Phoeniculus somaliensis,Invertivore,Afrotropical
Rhinopomastus aterrimus,Invertivore,Afrotropical
Rhinopomastus castaneiceps,Invertivore,Afrotropical
Rhinopomastus cyanomelas,Invertivore,Afrotropical
Rhinopomastus minor,Invertivore,Afrotropical
Upupa epops,Invertivore,Saharo-Arabian
Upupa marginata,Invertivore,Madagascan
Aegotheles affinis,Invertivore,Oceanian
Aegotheles albertisi,Invertivore,Oceanian
Aegotheles archboldi,Invertivore,Oceanian
Aegotheles bennettii,Invertivore,Oceanian
Aegotheles crinifrons,Invertivore,Oceanian
Aegotheles cristatus,Invertivore,Australian
Aegotheles insignis,Invertivore,Oceanian
Aegotheles savesi,Invertivore,Australian
Aegotheles tatei,Invertivore,Oceanian
Aegotheles wallacii,Invertivore,Oceanian
Aerodramus bartschi,Invertivore,Oceanian
Aerodramus brevirostris,Invertivore,Sino-Japanese
Aerodramus elaphrus,Invertivore,Madagascan
Aerodramus francicus,Invertivore,Madagascan
Aerodramus fuciphagus,Invertivore,Oriental
Aerodramus hirundinaceus,Invertivore,Oceanian
Aerodramus infuscatus,Invertivore,Oceanian
Aerodramus inquietus,Invertivore,Oceanian
Aerodramus leucophaeus,Invertivore,Neotropical
Aerodramus maximus,Invertivore,Oriental
Aerodramus mearnsi,Invertivore,Sino-Japanese
Aerodramus nuditarsus,Invertivore,Oceanian
Aerodramus orientalis,Invertivore,Oceanian
Aerodramus papuensis,Invertivore,Oceanian
Aerodramus pelewensis,Invertivore,Oceanian
Aerodramus salangana,Invertivore,Oriental
Aerodramus sawtelli,Invertivore,Oceanian
Aerodramus spodiopygius,Invertivore,Oceanian
Aerodramus terraereginae,Invertivore,Australian
Aerodramus unicolor,Invertivore,Oriental
Aerodramus vanikorensis,Invertivore,Oceanian
Aerodramus vulcanorum,Invertivore,Oriental
Aerodramus whiteheadi,Invertivore,Sino-Japanese
Aeronautes andecolus,Invertivore,Neotropical
Aeronautes montivagus,Invertivore,Neotropical
Aeronautes saxatalis,Invertivore,Nearctic
Apus acuticauda,Invertivore,Oriental
Apus affinis,Invertivore,Afrotropical
Apus alexandri,Invertivore,Afrotropical
Apus apus,Invertivore,Palearctic
Apus balstoni,Invertivore,Madagascan
Apus barbatus,Invertivore,Afrotropical
Apus batesi,Invertivore,Afrotropical
Apus berliozi,Invertivore,Saharo-Arabian
Apus bradfieldi,Invertivore,Afrotropical
Apus caffer,Invertivore,Afrotropical
Apus horus,Invertivore,Afrotropical
Apus niansae,Invertivore,Afrotropical
Apus nipalensis,Invertivore,Oriental
Apus pacificus,Invertivore,Palearctic
Apus pallidus,Invertivore,Saharo-Arabian
Apus sladeniae,Invertivore,Afrotropical
Apus unicolor,Invertivore,Saharo-Arabian
Apus unicolor,Invertivore,Saharo-Arabian
Chaetura andrei,Invertivore,NA
Chaetura brachyura,Invertivore,Neotropical
Chaetura chapmani,Invertivore,Neotropical
Chaetura cinereiventris,Invertivore,Neotropical
Chaetura egregia,Invertivore,Neotropical
Chaetura fumosa,Invertivore,Neotropical
Chaetura martinica,Invertivore,Neotropical
Chaetura meridionalis,Invertivore,Neotropical
Chaetura pelagica,Invertivore,Nearctic
Chaetura spinicaudus,Invertivore,Neotropical
Chaetura vauxi,Invertivore,Nearctic
Collocalia esculenta,Invertivore,Oceanian
Collocalia linchi,Invertivore,Oriental
Collocalia troglodytes,Invertivore,Oceanian
Cypseloides cherriei,Invertivore,Neotropical
Cypseloides cryptus,Invertivore,Neotropical
Cypseloides fumigatus,Invertivore,Neotropical
Cypseloides lemosi,Invertivore,Neotropical
Cypseloides niger,Invertivore,Nearctic
Cypseloides rothschildi,Invertivore,Neotropical
Cypseloides senex,Invertivore,Neotropical
Cypseloides storeri,Invertivore,Nearctic
Cypsiurus balasiensis,Invertivore,Oriental
Cypsiurus gracilis,Invertivore,Madagascan
Cypsiurus parvus,Invertivore,Afrotropical
Hirundapus caudacutus,Invertivore,Palearctic
Hirundapus celebensis,Invertivore,Oriental
Hirundapus cochinchinensis,Invertivore,Oriental
Hirundapus giganteus,Invertivore,Oriental
Hydrochous gigas,Invertivore,Oriental
Mearnsia novaeguineae,Invertivore,Oceanian
Mearnsia picina,Invertivore,Oriental
Neafrapus boehmi,Invertivore,Afrotropical
Neafrapus cassini,Invertivore,Afrotropical
Panyptila cayennensis,Invertivore,Neotropical
Panyptila sanctihieronymi,Invertivore,Neotropical
Rhaphidura leucopygialis,Invertivore,Oriental
Rhaphidura sabini,Invertivore,Afrotropical
Schoutedenapus myoptilus,Invertivore,Afrotropical
Streptoprocne biscutata,Invertivore,Neotropical
Streptoprocne phelpsi,Invertivore,Neotropical
Streptoprocne rutila,Invertivore,Neotropical
Streptoprocne semicollaris,Invertivore,Nearctic
Streptoprocne zonaris,Invertivore,Neotropical
Tachornis furcata,Invertivore,Neotropical
Tachornis phoenicobia,Invertivore,Neotropical
Tachornis squamata,Invertivore,Neotropical
Tachymarptis aequatorialis,Invertivore,Afrotropical
Tachymarptis melba,Invertivore,Saharo-Arabian
Telacanthura melanopygia,Invertivore,Afrotropical
Telacanthura ussheri,Invertivore,Afrotropical
Zoonavena grandidieri,Invertivore,Madagascan
Zoonavena sylvatica,Invertivore,Oriental
Zoonavena thomensis,Invertivore,Afrotropical
Antrostomus arizonae,Invertivore,Nearctic
Antrostomus badius,Invertivore,Neotropical
Antrostomus carolinensis,Invertivore,Nearctic
Antrostomus cubanensis,Invertivore,Neotropical
Antrostomus ekmani,Invertivore,Neotropical
Antrostomus noctitherus,Invertivore,Neotropical
Antrostomus ridgwayi,Invertivore,Nearctic
Antrostomus rufus,Invertivore,Neotropical
Antrostomus salvini,Invertivore,Nearctic
Antrostomus saturatus,Invertivore,Neotropical
Antrostomus sericocaudatus,Invertivore,Neotropical
Antrostomus vociferus,Invertivore,Nearctic
Caprimulgus aegyptius,Invertivore,Saharo-Arabian
Caprimulgus affinis,Invertivore,Oriental
Caprimulgus andamanicus,Invertivore,Oriental
Caprimulgus asiaticus,Invertivore,Oriental
Caprimulgus atripennis,Invertivore,Oriental
Caprimulgus batesi,Invertivore,Afrotropical
Caprimulgus celebensis,Invertivore,Oceanian
Caprimulgus centralasicus,Invertivore,NA
Caprimulgus clarus,Invertivore,Afrotropical
Caprimulgus climacurus,Invertivore,Afrotropical
Caprimulgus concretus,Invertivore,Oriental
Caprimulgus donaldsoni,Invertivore,Afrotropical
Caprimulgus europaeus,Invertivore,Palearctic
Caprimulgus eximius,Invertivore,Afrotropical
Caprimulgus fossii,Invertivore,Afrotropical
Caprimulgus fraenatus,Invertivore,Afrotropical
Caprimulgus indicus,Invertivore,Oriental
Caprimulgus inornatus,Invertivore,Afrotropical
Caprimulgus jotaka,Invertivore,Sino-Japanese
Caprimulgus longipennis,Invertivore,Afrotropical
Caprimulgus macrurus,Invertivore,Oriental
Caprimulgus madagascariensis,Invertivore,Madagascan
Caprimulgus mahrattensis,Invertivore,Saharo-Arabian
Caprimulgus manillensis,Invertivore,Oceanian
Caprimulgus meesi,Invertivore,Oceanian
Caprimulgus natalensis,Invertivore,Afrotropical
Caprimulgus nubicus,Invertivore,Afrotropical
Caprimulgus pectoralis,Invertivore,Afrotropical
Caprimulgus phalaena,Invertivore,Oceanian
Caprimulgus poliocephalus,Invertivore,Afrotropical
Caprimulgus prigoginei,Invertivore,Afrotropical
Caprimulgus pulchellus,Invertivore,Oriental
Caprimulgus ruficollis,Invertivore,Saharo-Arabian
Caprimulgus rufigena,Invertivore,Afrotropical
Caprimulgus solala,Invertivore,Afrotropical
Caprimulgus stellatus,Invertivore,Afrotropical
Caprimulgus tristigma,Invertivore,Afrotropical
Caprimulgus vexillarius,Invertivore,Afrotropical
Chordeiles acutipennis,Invertivore,Neotropical
Chordeiles gundlachii,Invertivore,Neotropical
Chordeiles minor,Invertivore,Nearctic
Chordeiles nacunda,Invertivore,Neotropical
Chordeiles pusillus,Invertivore,Neotropical
Chordeiles rupestris,Invertivore,Neotropical
Eleothreptus anomalus,Invertivore,Neotropical
Eleothreptus candicans,Invertivore,Neotropical
Eurostopodus archboldi,Invertivore,Oceanian
Eurostopodus argus,Invertivore,Australian
Eurostopodus diabolicus,Invertivore,Oceanian
Eurostopodus exul,Invertivore,NA
Eurostopodus mystacalis,Invertivore,Australian
Eurostopodus nigripennis,Invertivore,Oceanian
Eurostopodus papuensis,Invertivore,Oceanian
Gactornis enarratus,Invertivore,Madagascan
Hydropsalis cayennensis,Invertivore,Neotropical
Hydropsalis climacocerca,Invertivore,Neotropical
Hydropsalis maculicaudus,Invertivore,Neotropical
Hydropsalis torquata,Invertivore,Neotropical
Lurocalis rufiventris,Invertivore,Neotropical
Lurocalis semitorquatus,Invertivore,Neotropical
Lyncornis macrotis,Invertivore,Oriental
Lyncornis temminckii,Invertivore,Oriental
Macropsalis forcipata,Invertivore,Neotropical
Nyctidromus albicollis,Invertivore,Neotropical
Nyctidromus anthonyi,Invertivore,Neotropical
Nyctiphrynus mcleodii,Invertivore,Nearctic
Nyctiphrynus ocellatus,Invertivore,Neotropical
Nyctiphrynus rosenbergi,Invertivore,Neotropical
Nyctiphrynus yucatanicus,Invertivore,Neotropical
Nyctipolus hirundinaceus,Invertivore,Neotropical
Nyctipolus nigrescens,Invertivore,Neotropical
Nyctiprogne leucopyga,Invertivore,Neotropical
Nyctiprogne vielliardi,Invertivore,Neotropical
Phalaenoptilus nuttallii,Invertivore,Nearctic
Setopagis heterura,Invertivore,Neotropical
Setopagis maculosa,Invertivore,NA
Setopagis parvula,Invertivore,Neotropical
Setopagis whitelyi,Invertivore,Neotropical
Siphonorhis americana,Invertivore,NA
Siphonorhis brewsteri,Invertivore,Neotropical
Systellura decussata,Invertivore,Neotropical
Systellura longirostris,Invertivore,Neotropical
Systellura roraimae,Invertivore,Neotropical
Uropsalis lyra,Invertivore,Neotropical
Uropsalis segmentata,Invertivore,Neotropical
Veles binotatus,Invertivore,Afrotropical
Hemiprocne comata,Invertivore,Oriental
Hemiprocne coronata,Invertivore,Oriental
Hemiprocne longipennis,Invertivore,Oriental
Hemiprocne mystacea,Invertivore,Oceanian
Nyctibius aethereus,Invertivore,Neotropical
Nyctibius grandis,Invertivore,Neotropical
Nyctibius griseus,Invertivore,Neotropical
Nyctibius jamaicensis,Invertivore,Neotropical
Nyctibius leucopterus,Invertivore,Neotropical
Nyctibius maculosus,Invertivore,Neotropical
Phyllaemulor bracteatus,Invertivore,Neotropical
Batrachostomus auritus,Invertivore,Oriental
Batrachostomus cornutus,Invertivore,Oriental
Batrachostomus harterti,Invertivore,Oriental
Batrachostomus hodgsoni,Invertivore,Oriental
Batrachostomus javensis,Invertivore,Oriental
Batrachostomus mixtus,Invertivore,Oriental
Batrachostomus moniliger,Invertivore,Oriental
Batrachostomus poliolophus,Invertivore,Oriental
Batrachostomus septimus,Invertivore,Oceanian
Batrachostomus stellatus,Invertivore,Oriental
Podargus ocellatus,Invertivore,Oceanian
Podargus papuensis,Invertivore,Oceanian
Podargus strigoides,Invertivore,Australian
Rigidipenna inexpectata,Invertivore,Oceanian
Steatornis caripensis,Frugivore,Neotropical
Abeillia abeillei,Nectarivore,Neotropical
Adelomyia melanogenys,Nectarivore,Neotropical
Aglaeactis aliciae,Nectarivore,Neotropical
Aglaeactis castelnaudii,Nectarivore,Neotropical
Aglaeactis cupripennis,Nectarivore,Neotropical
Aglaeactis pamela,Nectarivore,Neotropical
Aglaiocercus berlepschi,Nectarivore,Neotropical
Aglaiocercus coelestis,Nectarivore,Neotropical
Aglaiocercus kingii,Nectarivore,Neotropical
Amazilia alfaroana,Nectarivore,Neotropical
Amazilia amabilis,Nectarivore,Neotropical
Amazilia amazilia,Nectarivore,Neotropical
Amazilia bartletti,Nectarivore,Neotropical
Amazilia beryllina,Nectarivore,Nearctic
Amazilia boucardi,Nectarivore,Neotropical
Amazilia brevirostris,Nectarivore,Neotropical
Amazilia candida,Nectarivore,Neotropical
Amazilia castaneiventris,Nectarivore,Neotropical
Amazilia chionogaster,Nectarivore,Neotropical
Amazilia chrysura,Nectarivore,Neotropical
Amazilia coeruleogularis,Nectarivore,Neotropical
Amazilia cupreicauda,Nectarivore,Neotropical
Amazilia cyanifrons,Nectarivore,Neotropical
Amazilia cyanocephala,Nectarivore,Neotropical
Amazilia cyanura,Nectarivore,Neotropical
Amazilia cyanus,Nectarivore,Neotropical
Amazilia decora,Nectarivore,Neotropical
Amazilia edward,Nectarivore,Neotropical
Amazilia eliciae,Nectarivore,Neotropical
Amazilia fimbriata,Nectarivore,Neotropical
Amazilia franciae,Nectarivore,Neotropical
Amazilia goudoti,Nectarivore,Neotropical
Amazilia grayi,Nectarivore,Neotropical
Amazilia humboldtii,Nectarivore,Neotropical
Amazilia julie,Nectarivore,Neotropical
Amazilia lactea,Nectarivore,Neotropical
Amazilia leucogaster,Nectarivore,Neotropical
Amazilia lilliae,Nectarivore,Neotropical
Amazilia luciae,Nectarivore,Neotropical
Amazilia oenone,Nectarivore,Neotropical
Amazilia rosenbergi,Nectarivore,Neotropical
Amazilia rosenbergi,Nectarivore,Neotropical
Amazilia rutila,Nectarivore,Neotropical
Amazilia sapphirina,Nectarivore,Neotropical
Amazilia saucerottei,Nectarivore,Neotropical
Amazilia tobaci,Nectarivore,Neotropical
Amazilia tzacatl,Nectarivore,Neotropical
Amazilia versicolor,Nectarivore,Neotropical
Amazilia violiceps,Nectarivore,Nearctic
Amazilia viridicauda,Nectarivore,Neotropical
Amazilia viridifrons,Nectarivore,Neotropical
Amazilia viridigaster,Nectarivore,Neotropical
Amazilia wagneri,Nectarivore,Neotropical
Amazilia yucatanensis,Nectarivore,Neotropical
Androdon aequatorialis,Nectarivore,Neotropical
Anopetia gounellei,Nectarivore,Neotropical
Anthocephala berlepschi,Nectarivore,Neotropical
Anthocephala floriceps,Nectarivore,Neotropical
Anthracothorax aurulentus,Nectarivore,Neotropical
Anthracothorax dominicus,Nectarivore,Neotropical
Anthracothorax mango,Nectarivore,Neotropical
Anthracothorax nigricollis,Nectarivore,Neotropical
Anthracothorax prevostii,Nectarivore,Neotropical
Anthracothorax veraguensis,Nectarivore,Neotropical
Anthracothorax viridigula,Nectarivore,Neotropical
Anthracothorax viridis,Nectarivore,Neotropical
Aphantochroa cirrochloris,Nectarivore,Neotropical
Archilochus alexandri,Nectarivore,Nearctic
Archilochus colubris,Nectarivore,Nearctic
Atthis ellioti,Nectarivore,Neotropical
Atthis heloisa,Nectarivore,Nearctic
Augastes lumachella,Nectarivore,Neotropical
Augastes scutatus,Nectarivore,Neotropical
Avocettula recurvirostris,Nectarivore,Neotropical
Basilinna leucotis,Nectarivore,Nearctic
Basilinna xantusii,Nectarivore,Nearctic
Boissonneaua flavescens,Nectarivore,Neotropical
Boissonneaua jardini,Nectarivore,Neotropical
Boissonneaua matthewsii,Nectarivore,Neotropical
Calliphlox amethystina,Nectarivore,Neotropical
Calliphlox bryantae,Nectarivore,Neotropical
Calliphlox mitchellii,Nectarivore,Neotropical
Calothorax lucifer,Nectarivore,Nearctic
Calothorax pulcher,Nectarivore,Neotropical
Calypte anna,Nectarivore,Nearctic
Calypte costae,Nectarivore,Nearctic
Campylopterus curvipennis,Nectarivore,Neotropical
Campylopterus cuvierii,Nectarivore,Neotropical
Campylopterus duidae,Nectarivore,Neotropical
Campylopterus ensipennis,Nectarivore,Neotropical
Campylopterus falcatus,Nectarivore,Neotropical
Campylopterus hemileucurus,Nectarivore,Neotropical
Campylopterus hyperythrus,Nectarivore,Neotropical
Campylopterus largipennis,Nectarivore,Neotropical
Campylopterus phainopeplus,Nectarivore,Neotropical
Campylopterus rufus,Nectarivore,Neotropical
Campylopterus villaviscensio,Nectarivore,Neotropical
Chaetocercus astreans,Nectarivore,Neotropical
Chaetocercus berlepschi,Nectarivore,Neotropical
Chaetocercus bombus,Nectarivore,Neotropical
Chaetocercus heliodor,Nectarivore,Neotropical
Chaetocercus jourdanii,Nectarivore,Neotropical
Chaetocercus mulsant,Nectarivore,Neotropical
Chalcostigma herrani,Nectarivore,Neotropical
Chalcostigma heteropogon,Nectarivore,Neotropical
Chalcostigma olivaceum,Nectarivore,Neotropical
Chalcostigma ruficeps,Nectarivore,Neotropical
Chalcostigma stanleyi,Nectarivore,Neotropical
Chalybura buffonii,Nectarivore,Neotropical
Chalybura urochrysia,Nectarivore,Neotropical
Chlorostilbon assimilis,Nectarivore,Neotropical
Chlorostilbon auriceps,Nectarivore,Nearctic
Chlorostilbon canivetii,Nectarivore,Neotropical
Chlorostilbon forficatus,Nectarivore,Neotropical
Chlorostilbon gibsoni,Nectarivore,Neotropical
Chlorostilbon lucidus,Nectarivore,Neotropical
Chlorostilbon maugaeus,Nectarivore,Neotropical
Chlorostilbon mellisugus,Nectarivore,Neotropical
Chlorostilbon notatus,Nectarivore,Neotropical
Chlorostilbon olivaresi,Nectarivore,Neotropical
Chlorostilbon poortmani,Nectarivore,Neotropical
Chlorostilbon ricordii,Nectarivore,Neotropical
Chlorostilbon russatus,Nectarivore,Neotropical
Chlorostilbon stenurus,Nectarivore,Neotropical
Chlorostilbon swainsonii,Nectarivore,Neotropical
Chrysolampis mosquitus,Nectarivore,Neotropical
Clytolaema rubricauda,Nectarivore,Neotropical
Coeligena albicaudata,Nectarivore,Neotropical
Coeligena bonapartei,Nectarivore,Neotropical
Coeligena coeligena,Nectarivore,Neotropical
Coeligena conradii,Nectarivore,Neotropical
Coeligena consita,Nectarivore,Neotropical
Coeligena dichroura,Nectarivore,Neotropical
Coeligena eisenmanni,Nectarivore,Neotropical
Coeligena eos,Nectarivore,Neotropical
Coeligena helianthea,Nectarivore,Neotropical
Coeligena inca,Nectarivore,Neotropical
Coeligena iris,Nectarivore,Neotropical
Coeligena lutetiae,Nectarivore,Neotropical
Coeligena orina,Nectarivore,Neotropical
Coeligena osculans,Nectarivore,Neotropical
Coeligena phalerata,Nectarivore,Neotropical
Coeligena prunellei,Nectarivore,Neotropical
Coeligena torquata,Nectarivore,Neotropical
Coeligena violifer,Nectarivore,Neotropical
Coeligena wilsoni,Nectarivore,Neotropical
Colibri coruscans,Nectarivore,Neotropical
Colibri delphinae,Nectarivore,Neotropical
Colibri serrirostris,Nectarivore,Neotropical
Colibri thalassinus,Nectarivore,Neotropical
Cyanophaia bicolor,Nectarivore,Neotropical
Cynanthus doubledayi,Nectarivore,Neotropical
Cynanthus latirostris,Nectarivore,Nearctic
Cynanthus lawrencei,Nectarivore,Nearctic
Cynanthus sordidus,Nectarivore,Neotropical
Discosura conversii,Nectarivore,Neotropical
Discosura langsdorffi,Nectarivore,Neotropical
Discosura letitiae,Nectarivore,NA
Discosura longicaudus,Nectarivore,Neotropical
Discosura popelairii,Nectarivore,Neotropical
Doricha eliza,Nectarivore,Neotropical
Doricha enicura,Nectarivore,Neotropical
Doryfera johannae,Nectarivore,Neotropical
Doryfera ludovicae,Nectarivore,Neotropical
Elvira chionura,Nectarivore,Neotropical
Elvira cupreiceps,Nectarivore,Neotropical
Ensifera ensifera,Nectarivore,Neotropical
Eriocnemis aline,Nectarivore,Neotropical
Eriocnemis cupreoventris,Nectarivore,Neotropical
Eriocnemis derbyi,Nectarivore,Neotropical
Eriocnemis glaucopoides,Nectarivore,Neotropical
Eriocnemis godini,Nectarivore,NA
Eriocnemis isabellae,Nectarivore,Neotropical
Eriocnemis luciani,Nectarivore,Neotropical
Eriocnemis mirabilis,Nectarivore,Neotropical
Eriocnemis mosquera,Nectarivore,Neotropical
Eriocnemis nigrivestis,Nectarivore,Neotropical
Eriocnemis sapphiropygia,Nectarivore,Neotropical
Eriocnemis vestita,Nectarivore,Neotropical
Eugenes fulgens,Nectarivore,Nearctic
Eulampis holosericeus,Nectarivore,Neotropical
Eulampis jugularis,Nectarivore,Neotropical
Eulidia yarrellii,Nectarivore,Neotropical
Eupetomena macroura,Nectarivore,Neotropical
Eupherusa cyanophrys,Nectarivore,Neotropical
Eupherusa eximia,Nectarivore,Neotropical
Eupherusa nigriventris,Nectarivore,Neotropical
Eupherusa poliocerca,Nectarivore,Neotropical
Eutoxeres aquila,Nectarivore,Neotropical
Eutoxeres condamini,Nectarivore,Neotropical
Florisuga fusca,Nectarivore,Neotropical
Florisuga mellivora,Nectarivore,Neotropical
Glaucis aeneus,Nectarivore,Neotropical
Glaucis dohrnii,Nectarivore,Neotropical
Glaucis hirsutus,Nectarivore,Neotropical
Goethalsia bella,Nectarivore,Neotropical
Goldmania violiceps,Nectarivore,Neotropical
Haplophaedia assimilis,Nectarivore,Neotropical
Haplophaedia aureliae,Nectarivore,Neotropical
Haplophaedia lugens,Nectarivore,Neotropical
Heliactin bilophus,Nectarivore,Neotropical
Heliangelus amethysticollis,Nectarivore,Neotropical
Heliangelus clarisse,Nectarivore,Neotropical
Heliangelus exortis,Nectarivore,Neotropical
Heliangelus mavors,Nectarivore,Neotropical
Heliangelus micraster,Nectarivore,Neotropical
Heliangelus regalis,Nectarivore,Neotropical
Heliangelus spencei,Nectarivore,Neotropical
Heliangelus strophianus,Nectarivore,Neotropical
Heliangelus viola,Nectarivore,Neotropical
Heliodoxa aurescens,Nectarivore,Neotropical
Heliodoxa branickii,Nectarivore,Neotropical
Heliodoxa gularis,Nectarivore,Neotropical
Heliodoxa imperatrix,Nectarivore,Neotropical
Heliodoxa jacula,Nectarivore,Neotropical
Heliodoxa leadbeateri,Nectarivore,Neotropical
Heliodoxa rubinoides,Nectarivore,Neotropical
Heliodoxa schreibersii,Nectarivore,Neotropical
Heliodoxa whitelyana,Nectarivore,Neotropical
Heliodoxa xanthogonys,Nectarivore,Neotropical
Heliomaster constantii,Nectarivore,Nearctic
Heliomaster furcifer,Nectarivore,Neotropical
Heliomaster longirostris,Nectarivore,Neotropical
Heliomaster squamosus,Nectarivore,Neotropical
Heliothryx auritus,Nectarivore,Neotropical
Heliothryx barroti,Nectarivore,Neotropical
Hylonympha macrocerca,Nectarivore,Neotropical
Klais guimeti,Nectarivore,Neotropical
Lafresnaya lafresnayi,Nectarivore,Neotropical
Lampornis amethystinus,Nectarivore,Neotropical
Lampornis calolaemus,Nectarivore,Neotropical
Lampornis castaneoventris,Nectarivore,Neotropical
Lampornis cinereicauda,Nectarivore,Neotropical
Lampornis clemenciae,Nectarivore,Nearctic
Lampornis hemileucus,Nectarivore,Neotropical
Lampornis sybillae,Nectarivore,Neotropical
Lampornis viridipallens,Nectarivore,Neotropical
Lamprolaima rhami,Nectarivore,Neotropical
Lesbia nuna,Nectarivore,Neotropical
Lesbia victoriae,Nectarivore,Neotropical
Leucippus baeri,Nectarivore,Neotropical
Leucippus chlorocercus,Nectarivore,Neotropical
Leucippus fallax,Nectarivore,Neotropical
Leucippus taczanowskii,Nectarivore,Neotropical
Leucochloris albicollis,Nectarivore,Neotropical
Loddigesia mirabilis,Nectarivore,Neotropical
Lophornis adorabilis,Nectarivore,Neotropical
Lophornis brachylophus,Nectarivore,Neotropical
Lophornis chalybeus,Nectarivore,Neotropical
Lophornis delattrei,Nectarivore,Neotropical
Lophornis gouldii,Nectarivore,Neotropical
Lophornis helenae,Nectarivore,Neotropical
Lophornis magnificus,Omnivore,Neotropical
Lophornis ornatus,Omnivore,Neotropical
Lophornis pavoninus,Nectarivore,Neotropical
Lophornis stictolophus,Nectarivore,Neotropical
Lophornis verreauxii,Nectarivore,Neotropical
Mellisuga helenae,Nectarivore,Neotropical
Mellisuga minima,Nectarivore,Neotropical
Metallura aeneocauda,Nectarivore,Neotropical
Metallura baroni,Nectarivore,Neotropical
Metallura eupogon,Nectarivore,Neotropical
Metallura iracunda,Nectarivore,Neotropical
Metallura odomae,Nectarivore,Neotropical
Metallura phoebe,Nectarivore,Neotropical
Metallura theresiae,Nectarivore,Neotropical
Metallura tyrianthina,Nectarivore,Neotropical
Metallura williami,Nectarivore,Neotropical
Microchera albocoronata,Nectarivore,Neotropical
Microstilbon burmeisteri,Nectarivore,Neotropical
Myrmia micrura,Nectarivore,Neotropical
Myrtis fanny,Nectarivore,Neotropical
Nesophlox evelynae,Nectarivore,Neotropical
Nesophlox lyrura,Nectarivore,Neotropical
Ocreatus underwoodii,Nectarivore,Neotropical
Opisthoprora euryptera,Nectarivore,Neotropical
Oreonympha albolimbata,Nectarivore,Neotropical
Oreonympha nobilis,Nectarivore,Neotropical
Oreotrochilus adela,Nectarivore,Neotropical
Oreotrochilus chimborazo,Nectarivore,Neotropical
Oreotrochilus estella,Nectarivore,Neotropical
Oreotrochilus leucopleurus,Nectarivore,Neotropical
Oreotrochilus melanogaster,Nectarivore,Neotropical
Oreotrochilus stolzmanni,Nectarivore,Neotropical
Orthorhyncus cristatus,Nectarivore,Neotropical
Oxypogon cyanolaemus,Nectarivore,Neotropical
Oxypogon guerinii,Nectarivore,Neotropical
Oxypogon lindenii,Nectarivore,Neotropical
Oxypogon stuebelii,Nectarivore,Neotropical
Panterpe insignis,Nectarivore,Neotropical
Patagona gigas,Nectarivore,Neotropical
Phaethornis aethopygus,Nectarivore,Neotropical
Phaethornis anthophilus,Nectarivore,Neotropical
Phaethornis atrimentalis,Nectarivore,Neotropical
Phaethornis augusti,Nectarivore,Neotropical
Phaethornis baroni,Nectarivore,Neotropical
Phaethornis bourcieri,Nectarivore,Neotropical
Phaethornis eurynome,Nectarivore,Neotropical
Phaethornis griseogularis,Nectarivore,Neotropical
Phaethornis guy,Nectarivore,Neotropical
Phaethornis hispidus,Nectarivore,Neotropical
Phaethornis idaliae,Nectarivore,Neotropical
Phaethornis koepckeae,Nectarivore,Neotropical
Phaethornis longirostris,Nectarivore,Neotropical
Phaethornis longuemareus,Nectarivore,Neotropical
Phaethornis major,Nectarivore,Neotropical
Phaethornis malaris,Nectarivore,Neotropical
Phaethornis mexicanus,Nectarivore,Nearctic
Phaethornis nattereri,Nectarivore,Neotropical
Phaethornis philippii,Nectarivore,Neotropical
Phaethornis porcullae,Nectarivore,Neotropical
Phaethornis pretrei,Nectarivore,Neotropical
Phaethornis ruber,Nectarivore,Neotropical
Phaethornis rupurumii,Nectarivore,Neotropical
Phaethornis squalidus,Nectarivore,Neotropical
Phaethornis striigularis,Nectarivore,Neotropical
Phaethornis stuarti,Nectarivore,Neotropical
Phaethornis subochraceus,Nectarivore,Neotropical
Phaethornis superciliosus,Nectarivore,Neotropical
Phaethornis syrmatophorus,Nectarivore,Neotropical
Phaethornis yaruqui,Nectarivore,Neotropical
Phlogophilus harterti,Nectarivore,Neotropical
Phlogophilus hemileucurus,Nectarivore,Neotropical
Polyonymus caroli,Nectarivore,Neotropical
Polytmus guainumbi,Nectarivore,Neotropical
Polytmus milleri,Nectarivore,Neotropical
Polytmus theresiae,Nectarivore,Neotropical
Pterophanes cyanopterus,Nectarivore,Neotropical
Ramphodon naevius,Nectarivore,Neotropical
Ramphomicron dorsale,Nectarivore,Neotropical
Ramphomicron microrhynchum,Nectarivore,Neotropical
Rhodopis vesper,Nectarivore,Neotropical
Sappho sparganurus,Nectarivore,Neotropical
Schistes albogularis,Nectarivore,Neotropical
Schistes geoffroyi,Nectarivore,Neotropical
Selasphorus ardens,Nectarivore,Neotropical
Selasphorus calliope,Nectarivore,Nearctic
Selasphorus flammula,Nectarivore,Neotropical
Selasphorus platycercus,Nectarivore,Nearctic
Selasphorus rufus,Nectarivore,Nearctic
Selasphorus sasin,Nectarivore,Nearctic
Selasphorus scintilla,Nectarivore,Neotropical
Sephanoides fernandensis,Nectarivore,Neotropical
Sephanoides sephaniodes,Nectarivore,Neotropical
Stephanoxis lalandi,Nectarivore,Neotropical
Stephanoxis loddigesii,Nectarivore,Neotropical
Sternoclyta cyanopectus,Nectarivore,Neotropical
Taphrolesbia griseiventris,Nectarivore,Neotropical
Taphrospilus hypostictus,Nectarivore,Neotropical
Thalurania colombica,Nectarivore,Neotropical
Thalurania furcata,Nectarivore,Neotropical
Thalurania glaucopis,Nectarivore,Neotropical
Thalurania ridgwayi,Nectarivore,Nearctic
Thalurania watertonii,Nectarivore,Neotropical
Thaumastura cora,Nectarivore,Neotropical
Threnetes leucurus,Nectarivore,Neotropical
Threnetes niger,Nectarivore,Neotropical
Threnetes ruckeri,Nectarivore,Neotropical
Tilmatura dupontii,Nectarivore,Neotropical
Topaza pella,Nectarivore,Neotropical
Topaza pyra,Nectarivore,Neotropical
Trochilus polytmus,Nectarivore,Neotropical
Trochilus scitulus,Nectarivore,Neotropical
Urochroa bougueri,Nectarivore,Neotropical
Urochroa leucura,Nectarivore,Neotropical
Urosticte benjamini,Nectarivore,Neotropical
Urosticte ruficrissa,Nectarivore,Neotropical
Cariama cristata,Invertivore,Neotropical
Chunga burmeisteri,Invertivore,Neotropical
Cathartes aura,Scavenger,Neotropical
Cathartes burrovianus,Scavenger,Neotropical
Cathartes melambrotus,Scavenger,Neotropical
Coragyps atratus,Scavenger,Neotropical
Gymnogyps californianus,Scavenger,Nearctic
Sarcoramphus papa,Scavenger,Neotropical
Vultur gryphus,Scavenger,Neotropical
Aethia cristatella,Aquatic predator,Palearctic
Aethia psittacula,Aquatic predator,Nearctic
Aethia pusilla,Aquatic predator,Palearctic
Aethia pygmaea,Aquatic predator,Palearctic
Alca torda,Aquatic predator,Nearctic
Alle alle,Aquatic predator,Palearctic
Brachyramphus brevirostris,Aquatic predator,Nearctic
Brachyramphus marmoratus,Aquatic predator,Nearctic
Brachyramphus perdix,Aquatic predator,Palearctic
Cepphus carbo,Aquatic predator,Palearctic
Cepphus columba,Aquatic predator,Nearctic
Cepphus grylle,Aquatic predator,Palearctic
Cerorhinca monocerata,Aquatic predator,Nearctic
Fratercula arctica,Aquatic predator,Palearctic
Fratercula cirrhata,Aquatic predator,Palearctic
Fratercula corniculata,Aquatic predator,Palearctic
Ptychoramphus aleuticus,Aquatic predator,Nearctic
Synthliboramphus antiquus,Aquatic predator,Saharo-Arabian
Synthliboramphus craveri,Aquatic predator,Nearctic
Synthliboramphus hypoleucus,Aquatic predator,Nearctic
Synthliboramphus scrippsi,Aquatic predator,Nearctic
Synthliboramphus wumizusume,Aquatic predator,Sino-Japanese
Uria aalge,Aquatic predator,Saharo-Arabian
Uria lomvia,Aquatic predator,Saharo-Arabian
Burhinus bistriatus,Invertivore,Neotropical
Burhinus capensis,Invertivore,Afrotropical
Burhinus grallarius,Invertivore,Australian
Burhinus indicus,Invertivore,Oriental
Burhinus oedicnemus,Invertivore,Palearctic
Burhinus senegalensis,Invertivore,Afrotropical
Burhinus superciliaris,Invertivore,Neotropical
Burhinus vermiculatus,Invertivore,Afrotropical
Esacus magnirostris,Invertivore,Oceanian
Esacus recurvirostris,Invertivore,Oriental
Anarhynchus frontalis,Aquatic predator,Australian
Charadrius alexandrinus,Aquatic predator,Palearctic
Charadrius alticola,Aquatic predator,Neotropical
Charadrius aquilonius,Aquatic predator,Australian
Charadrius asiaticus,Omnivore,Palearctic
Charadrius bicinctus,Aquatic predator,Australian
Charadrius bifrontatus,Aquatic predator,Madagascan
Charadrius collaris,Aquatic predator,Neotropical
Charadrius dealbatus,Aquatic predator,Oriental
Charadrius dubius,Aquatic predator,Palearctic
Charadrius falklandicus,Aquatic predator,Neotropical
Charadrius forbesi,Invertivore,Afrotropical
Charadrius hiaticula,Aquatic predator,Palearctic
Charadrius javanicus,Aquatic predator,Oriental
Charadrius leschenaultii,Aquatic predator,Palearctic
Charadrius marginatus,Aquatic predator,Afrotropical
Charadrius melodus,Aquatic predator,Nearctic
Charadrius modestus,Aquatic predator,Neotropical
Charadrius mongolus,Aquatic predator,Palearctic
Charadrius montanus,Invertivore,Nearctic
Charadrius nivosus,Aquatic predator,Nearctic
Charadrius obscurus,Aquatic predator,Australian
Charadrius pallidus,Aquatic predator,Afrotropical
Charadrius pecuarius,Aquatic predator,Afrotropical
Charadrius peronii,Aquatic predator,Oriental
Charadrius placidus,Aquatic predator,Palearctic
Charadrius ruficapillus,Aquatic predator,Australian
Charadrius sanctaehelenae,Invertivore,Afrotropical
Charadrius semipalmatus,Aquatic predator,Nearctic
Charadrius thoracicus,Invertivore,Madagascan
Charadrius tricollaris,Aquatic predator,Afrotropical
Charadrius veredus,Omnivore,Palearctic
Charadrius vociferus,Omnivore,Nearctic
Charadrius wilsonia,Aquatic predator,Neotropical
Elseyornis melanops,Aquatic predator,Australian
Erythrogonys cinctus,Aquatic predator,Australian
Eudromias morinellus,Invertivore,Palearctic
Hoploxypterus cayanus,Aquatic predator,Neotropical
Oreopholus ruficollis,Invertivore,Neotropical
Peltohyas australis,Omnivore,Australian
Phegornis mitchellii,Aquatic predator,Neotropical
Pluvialis apricaria,Invertivore,Palearctic
Pluvialis dominica,Invertivore,Nearctic
Pluvialis fulva,Omnivore,Palearctic
Pluvialis squatarola,Aquatic predator,Palearctic
Thinornis cucullatus,Aquatic predator,Australian
Thinornis novaeseelandiae,Aquatic predator,Australian
Thinornis novaeseelandiae,Aquatic predator,Australian
Vanellus albiceps,Aquatic predator,Afrotropical
Vanellus armatus,Aquatic predator,Afrotropical
Vanellus chilensis,Omnivore,Neotropical
Vanellus cinereus,Aquatic predator,Palearctic
Vanellus coronatus,Invertivore,Afrotropical
Vanellus crassirostris,Aquatic predator,Afrotropical
Vanellus duvaucelii,Aquatic predator,Oriental
Vanellus gregarius,Invertivore,Palearctic
Vanellus indicus,Invertivore,Oriental
Vanellus leucurus,Aquatic predator,Palearctic
Vanellus lugubris,Invertivore,Afrotropical
Vanellus macropterus,NA,NA
Vanellus malabaricus,Invertivore,Oriental
Vanellus melanocephalus,Aquatic predator,Afrotropical
Vanellus melanopterus,Invertivore,Afrotropical
Vanellus miles,Invertivore,Australian
Vanellus novaehollandiae,Invertivore,Australian
Vanellus resplendens,Invertivore,Neotropical
Vanellus senegallus,Aquatic predator,Afrotropical
Vanellus spinosus,Omnivore,Afrotropical
Vanellus superciliosus,Invertivore,Afrotropical
Vanellus tectus,Invertivore,Afrotropical
Vanellus tricolor,Omnivore,Australian
Vanellus vanellus,Omnivore,Palearctic
Chionis albus,Omnivore,Neotropical
Chionis minor,Omnivore,Madagascan
Dromas ardeola,Aquatic predator,Saharo-Arabian
Cursorius coromandelicus,Invertivore,Oriental
Cursorius cursor,Invertivore,Saharo-Arabian
Cursorius rufus,Invertivore,Afrotropical
Cursorius somalensis,Invertivore,Afrotropical
Cursorius temminckii,Invertivore,Afrotropical
Glareola cinerea,Invertivore,Afrotropical
Glareola lactea,Invertivore,Oriental
Glareola maldivarum,Invertivore,Sino-Japanese
Glareola nordmanni,Invertivore,Palearctic
Glareola nuchalis,Invertivore,Afrotropical
Glareola ocularis,Invertivore,Madagascan
Glareola pratincola,Invertivore,Saharo-Arabian
Rhinoptilus bitorquatus,Invertivore,Oriental
Rhinoptilus chalcopterus,Invertivore,Afrotropical
Rhinoptilus cinctus,Invertivore,Afrotropical
Smutsornis africanus,Invertivore,Afrotropical
Stiltia isabella,Invertivore,Australian
Haematopus ater,Aquatic predator,Neotropical
Haematopus chathamensis,Aquatic predator,Australian
Haematopus finschi,Aquatic predator,Australian
Haematopus fuliginosus,Aquatic predator,Australian
Haematopus leucopodus,Aquatic predator,Neotropical
Haematopus longirostris,Aquatic predator,Australian
Haematopus moquini,Aquatic predator,Afrotropical
Haematopus ostralegus,Aquatic predator,Palearctic
Haematopus palliatus,Aquatic predator,Neotropical
Haematopus unicolor,Aquatic predator,Australian
Ibidorhyncha struthersii,Aquatic predator,Sino-Japanese
Actophilornis africanus,Aquatic predator,Afrotropical
Actophilornis albinucha,Aquatic predator,Madagascan
Hydrophasianus chirurgus,Aquatic predator,Oriental
Irediparra gallinacea,Aquatic predator,Australian
Jacana jacana,Omnivore,Neotropical
Jacana spinosa,Aquatic predator,Neotropical
Metopidius indicus,Omnivore,Oriental
Microparra capensis,Aquatic predator,Afrotropical
Anous albivittus,Aquatic predator,Neotropical
Anous ceruleus,Aquatic predator,Neotropical
Anous minutus,Aquatic predator,Madagascan
Anous stolidus,Aquatic predator,Afrotropical
Anous tenuirostris,Aquatic predator,Oriental
Chlidonias albostriatus,Aquatic predator,Australian
Chlidonias hybrida,Aquatic predator,Oriental
Chlidonias leucopterus,Aquatic predator,Palearctic
Chlidonias niger,Aquatic predator,Saharo-Arabian
Creagrus furcatus,Aquatic predator,Neotropical
Gelochelidon macrotarsa,Omnivore,Australian
Gelochelidon nilotica,Omnivore,Saharo-Arabian
Gygis alba,Aquatic predator,Afrotropical
Gygis microrhyncha,Aquatic predator,Nearctic
Hydrocoloeus minutus,Aquatic predator,Palearctic
Hydroprogne caspia,Aquatic predator,Oriental
Larosterna inca,Aquatic predator,Neotropical
Larus argentatus,Aquatic predator,Palearctic
Larus armenicus,Aquatic predator,Palearctic
Larus atlanticus,Aquatic predator,Neotropical
Larus atricilla,Aquatic predator,Nearctic
Larus audouinii,Aquatic predator,Saharo-Arabian
Larus belcheri,Aquatic predator,Neotropical
Larus brunnicephalus,Aquatic predator,Palearctic
Larus bulleri,Aquatic predator,Australian
Larus cachinnans,Omnivore,Palearctic
Larus californicus,Omnivore,Nearctic
Larus canus,Omnivore,Palearctic
Larus cirrocephalus,Aquatic predator,Afrotropical
Larus crassirostris,Aquatic predator,Palearctic
Larus delawarensis,Omnivore,Nearctic
Larus dominicanus,Omnivore,Neotropical
Larus fuliginosus,Omnivore,Neotropical
Larus fuscus,Aquatic predator,Palearctic
Larus genei,Aquatic predator,Palearctic
Larus glaucescens,Aquatic predator,Nearctic
Larus glaucoides,Aquatic predator,Palearctic
Larus hartlaubii,Aquatic predator,Afrotropical
Larus heermanni,Aquatic predator,Nearctic
Larus hemprichii,Omnivore,Saharo-Arabian
Larus hyperboreus,Omnivore,Nearctic
Larus ichthyaetus,Omnivore,Palearctic
Larus leucophthalmus,Aquatic predator,Saharo-Arabian
Larus livens,Omnivore,Nearctic
Larus maculipennis,Omnivore,Neotropical
Larus marinus,Omnivore,Saharo-Arabian
Larus melanocephalus,Omnivore,Palearctic
Larus michahellis,Aquatic predator,Saharo-Arabian
Larus modestus,Aquatic predator,Neotropical
Larus novaehollandiae,Omnivore,Australian
Larus occidentalis,Omnivore,Nearctic
Larus pacificus,Aquatic predator,Australian
Larus philadelphia,Omnivore,Nearctic
Larus pipixcan,Omnivore,Nearctic
Larus relictus,Aquatic predator,Palearctic
Larus ridibundus,Aquatic predator,Palearctic
Larus schistisagus,Omnivore,Palearctic
Larus scoresbii,Omnivore,Neotropical
Larus serranus,Aquatic predator,Neotropical
Larus smithsonianus,Aquatic predator,Saharo-Arabian
Onychoprion aleuticus,Aquatic predator,Saharo-Arabian
Onychoprion anaethetus,Aquatic predator,Oriental
Onychoprion fuscatus,Aquatic predator,Oriental
Onychoprion lunatus,Aquatic predator,Afrotropical
Pagophila eburnea,Aquatic predator,Palearctic
Phaetusa simplex,Aquatic predator,Neotropical
Rhodostethia rosea,Aquatic predator,Palearctic
Rissa brevirostris,Aquatic predator,Nearctic
Rissa tridactyla,Aquatic predator,Nearctic
Rynchops albicollis,Aquatic predator,Oriental
Rynchops flavirostris,Aquatic predator,Afrotropical
Rynchops niger,Aquatic predator,Neotropical
Saundersilarus saundersi,Aquatic predator,Sino-Japanese
Sterna acuticauda,Aquatic predator,Oriental
Sterna aurantia,Aquatic predator,Oriental
Sterna dougallii,Aquatic predator,Madagascan
Sterna forsteri,Aquatic predator,Nearctic
Sterna hirundinacea,Aquatic predator,Neotropical
Sterna hirundo,Aquatic predator,Palearctic
Sterna paradisaea,Aquatic predator,Nearctic
Sterna repressa,Aquatic predator,Saharo-Arabian
Sterna striata,Aquatic predator,Australian
Sterna sumatrana,Aquatic predator,Oriental
Sterna trudeaui,Aquatic predator,Neotropical
Sterna virgata,Aquatic predator,Madagascan
Sterna vittata,Aquatic predator,Madagascan
Sternula albifrons,Aquatic predator,Palearctic
Sternula antillarum,Aquatic predator,Neotropical
Sternula balaenarum,Aquatic predator,Afrotropical
Sternula lorata,Aquatic predator,Neotropical
Sternula nereis,Aquatic predator,Australian
Sternula saundersi,Aquatic predator,Oriental
Sternula superciliaris,Aquatic predator,Neotropical
Thalasseus bengalensis,Aquatic predator,Oriental
Thalasseus bergii,Aquatic predator,Madagascan
Thalasseus bernsteini,Aquatic predator,Sino-Japanese
Thalasseus elegans,Aquatic predator,Nearctic
Thalasseus maximus,Aquatic predator,Neotropical
Thalasseus sandvicensis,Aquatic predator,Neotropical
Xema sabini,Aquatic predator,Palearctic
Pedionomus torquatus,Omnivore,Australian
Pluvianellus socialis,Aquatic predator,Neotropical
Pluvianus aegyptius,Aquatic predator,Afrotropical
Cladorhynchus leucocephalus,Aquatic predator,Australian
Himantopus himantopus,Aquatic predator,Afrotropical
Himantopus novaezelandiae,Aquatic predator,Australian
Recurvirostra americana,Aquatic predator,Nearctic
Recurvirostra andina,Aquatic predator,Neotropical
Recurvirostra avosetta,Aquatic predator,Oriental
Recurvirostra novaehollandiae,Aquatic predator,Australian
Nycticryphes semicollaris,Aquatic predator,Neotropical
Rostratula australis,Aquatic predator,Australian
Rostratula benghalensis,Aquatic predator,Madagascan
Actitis hypoleucos,Aquatic predator,Palearctic
Actitis macularius,Aquatic predator,Nearctic
Arenaria interpres,Aquatic predator,Nearctic
Arenaria melanocephala,Aquatic predator,Palearctic
Bartramia longicauda,Invertivore,Nearctic
Calidris acuminata,Aquatic predator,Palearctic
Calidris alba,Aquatic predator,Nearctic
Calidris alpina,Aquatic predator,Palearctic
Calidris bairdii,Aquatic predator,Palearctic
Calidris canutus,Aquatic predator,Nearctic
Calidris falcinellus,Aquatic predator,Palearctic
Calidris ferruginea,Aquatic predator,Palearctic
Calidris fuscicollis,Aquatic predator,Nearctic
Calidris himantopus,Aquatic predator,Nearctic
Calidris maritima,Aquatic predator,Palearctic
Calidris mauri,Aquatic predator,Nearctic
Calidris melanotos,Aquatic predator,Nearctic
Calidris minuta,Aquatic predator,Palearctic
Calidris minutilla,Aquatic predator,Nearctic
Calidris ptilocnemis,Aquatic predator,Nearctic
Calidris pugnax,Aquatic predator,Palearctic
Calidris pusilla,Aquatic predator,Palearctic
Calidris pygmaea,Aquatic predator,Palearctic
Calidris ruficollis,Aquatic predator,Palearctic
Calidris subminuta,Aquatic predator,Palearctic
Calidris subruficollis,Omnivore,Palearctic
Calidris temminckii,Aquatic predator,Palearctic
Calidris tenuirostris,Aquatic predator,Palearctic
Calidris virgata,Aquatic predator,Nearctic
Coenocorypha aucklandica,Invertivore,Australian
Coenocorypha huegeli,Invertivore,Australian
Coenocorypha huegeli,Invertivore,Australian
Coenocorypha huegeli,Invertivore,Australian
Coenocorypha pusilla,Invertivore,Australian
Gallinago andina,Aquatic predator,Neotropical
Gallinago delicata,Aquatic predator,Nearctic
Gallinago gallinago,Aquatic predator,Palearctic
Gallinago hardwickii,Aquatic predator,Sino-Japanese
Gallinago imperialis,Aquatic predator,Neotropical
Gallinago jamesoni,Aquatic predator,Neotropical
Gallinago macrodactyla,Aquatic predator,Madagascan
Gallinago media,Aquatic predator,Palearctic
Gallinago megala,Aquatic predator,Palearctic
Gallinago nemoricola,Aquatic predator,Sino-Japanese
Gallinago nigripennis,Aquatic predator,Afrotropical
Gallinago nobilis,Aquatic predator,Neotropical
Gallinago paraguaiae,Aquatic predator,Neotropical
Gallinago solitaria,Aquatic predator,Palearctic
Gallinago stenura,Aquatic predator,Palearctic
Gallinago stricklandii,Aquatic predator,Neotropical
Gallinago undulata,Aquatic predator,Neotropical
Limnodromus griseus,Aquatic predator,Nearctic
Limnodromus scolopaceus,Aquatic predator,Palearctic
Limnodromus semipalmatus,Aquatic predator,Palearctic
Limosa fedoa,Aquatic predator,Nearctic
Limosa haemastica,Aquatic predator,Nearctic
Limosa lapponica,Aquatic predator,Palearctic
Limosa limosa,Aquatic predator,Palearctic
Lymnocryptes minimus,Aquatic predator,Palearctic
Numenius americanus,Omnivore,Nearctic
Numenius arquata,Aquatic predator,Palearctic
Numenius borealis,Invertivore,NA
Numenius madagascariensis,Aquatic predator,Palearctic
Numenius minutus,Aquatic predator,Palearctic
Numenius phaeopus,Omnivore,Saharo-Arabian
Numenius tahitiensis,Omnivore,Palearctic
Numenius tenuirostris,Aquatic predator,Palearctic
Phalaropus fulicarius,Aquatic predator,Palearctic
Phalaropus lobatus,Aquatic predator,Nearctic
Prosobonia parvirostris,Aquatic predator,Neotropical
Scolopax bukidnonensis,Invertivore,Oriental
Scolopax celebensis,Aquatic predator,Oriental
Scolopax minor,Invertivore,Nearctic
Scolopax mira,Invertivore,Sino-Japanese
Scolopax rochussenii,Invertivore,Oceanian
Scolopax rosenbergii,Invertivore,Oceanian
Scolopax rusticola,Omnivore,Palearctic
Scolopax saturata,Invertivore,Oriental
Steganopus tricolor,Aquatic predator,Nearctic
Tringa brevipes,Aquatic predator,Palearctic
Tringa erythropus,Aquatic predator,Palearctic
Tringa flavipes,Aquatic predator,Nearctic
Tringa glareola,Aquatic predator,Palearctic
Tringa guttifer,Aquatic predator,Palearctic
Tringa incana,Aquatic predator,Nearctic
Tringa melanoleuca,Aquatic predator,Nearctic
Tringa nebularia,Aquatic predator,Palearctic
Tringa ochropus,Aquatic predator,Palearctic
Tringa semipalmata,Aquatic predator,Nearctic
Tringa solitaria,Aquatic predator,Nearctic
Tringa stagnatilis,Aquatic predator,Palearctic
Tringa totanus,Aquatic predator,Palearctic
Xenus cinereus,Aquatic predator,Palearctic
Catharacta antarctica,Aquatic predator,Madagascan
Catharacta chilensis,Aquatic predator,Neotropical
Catharacta maccormicki,Aquatic predator,Madagascan
Catharacta skua,Aquatic predator,Saharo-Arabian
Stercorarius longicaudus,Aquatic predator,Palearctic
Stercorarius parasiticus,Aquatic predator,Nearctic
Stercorarius pomarinus,Aquatic predator,Palearctic
Attagis gayi,Herbivore terrestrial,Neotropical
Attagis malouinus,Herbivore terrestrial,Neotropical
Thinocorus orbignyianus,Herbivore terrestrial,Neotropical
Thinocorus rumicivorus,Herbivore terrestrial,Neotropical
Ortyxelos meiffrenii,Omnivore,Afrotropical
Turnix castanotus,Omnivore,Australian
Turnix everetti,Omnivore,Oriental
Turnix hottentottus,Omnivore,Afrotropical
Turnix maculosus,Omnivore,Australian
Turnix melanogaster,Invertivore,Australian
Turnix nanus,Omnivore,Afrotropical
Turnix nigricollis,Omnivore,Madagascan
Turnix novaecaledoniae,Omnivore,NA
Turnix ocellatus,Omnivore,Oriental
Turnix olivii,Omnivore,Australian
Turnix pyrrhothorax,Omnivore,Australian
Turnix suscitator,Omnivore,Oriental
Turnix sylvaticus,Omnivore,Afrotropical
Turnix tanki,Granivore,Sino-Japanese
Turnix varius,Omnivore,Australian
Turnix velox,Granivore,Australian
Turnix worcesteri,Omnivore,Oriental
Anastomus lamelligerus,Aquatic predator,Afrotropical
Anastomus oscitans,Aquatic predator,Oriental
Ciconia abdimii,Invertivore,Afrotropical
Ciconia boyciana,Aquatic predator,Palearctic
Ciconia ciconia,Omnivore,Palearctic
Ciconia episcopus,Aquatic predator,Oriental
Ciconia maguari,Aquatic predator,Neotropical
Ciconia microscelis,Aquatic predator,Afrotropical
Ciconia nigra,Aquatic predator,Palearctic
Ciconia stormi,Aquatic predator,Oriental
Ephippiorhynchus asiaticus,Aquatic predator,Oriental
Ephippiorhynchus senegalensis,Aquatic predator,Afrotropical
Jabiru mycteria,Aquatic predator,Neotropical
Leptoptilos crumenifer,Omnivore,Afrotropical
Leptoptilos dubius,Omnivore,Oriental
Leptoptilos javanicus,Omnivore,Oriental
Mycteria americana,Aquatic predator,Neotropical
Mycteria cinerea,Aquatic predator,Oriental
Mycteria ibis,Omnivore,Afrotropical
Mycteria leucocephala,Aquatic predator,Oriental
Colius castanotus,Frugivore,Afrotropical
Colius colius,Frugivore,Afrotropical
Colius leucocephalus,Frugivore,Afrotropical
Colius striatus,Frugivore,Afrotropical
Urocolius indicus,Frugivore,Afrotropical
Urocolius macrourus,Frugivore,Afrotropical
Alectroenas madagascariensis,Frugivore,Madagascan
Alectroenas pulcherrimus,Frugivore,Madagascan
Alectroenas pulcherrimus,Frugivore,Madagascan
Alectroenas pulcherrimus,Frugivore,Madagascan
Alectroenas sganzini,Frugivore,Madagascan
Alopecoenas beccarii,Omnivore,Oceanian
Alopecoenas canifrons,Granivore,Oceanian
Alopecoenas erythropterus,Granivore,Neotropical
Alopecoenas hoedtii,Frugivore,Oriental
Alopecoenas jobiensis,Omnivore,Oceanian
Alopecoenas johannae,Omnivore,Oceanian
Alopecoenas kubaryi,Omnivore,Oceanian
Alopecoenas rubescens,Granivore,Neotropical
Alopecoenas sanctaecrucis,Omnivore,Oceanian
Alopecoenas stairi,Omnivore,Australian
Alopecoenas xanthonurus,Frugivore,Oceanian
Aplopelia larvata,Granivore,Afrotropical
Caloenas nicobarica,Omnivore,Oceanian
Chalcophaps indica,Omnivore,Oriental
Chalcophaps longirostris,Omnivore,Australian
Chalcophaps stephani,Omnivore,Oceanian
Chrysoena luteovirens,Frugivore,Oceanian
Chrysoena victor,Frugivore,Oceanian
Chrysoena viridis,Frugivore,Oceanian
Claravis pretiosa,Granivore,Neotropical
Columba albinucha,Frugivore,Afrotropical
Columba albitorques,Granivore,Afrotropical
Columba argentina,Frugivore,Oriental
Columba arquatrix,Frugivore,Afrotropical
Columba bollii,Frugivore,Saharo-Arabian
Columba delegorguei,Frugivore,Afrotropical
Columba elphinstonii,Frugivore,Oriental
Columba eversmanni,Granivore,Palearctic
Columba guinea,Granivore,Afrotropical
Columba hodgsonii,Frugivore,Sino-Japanese
Columba iriditorques,Frugivore,Afrotropical
Columba janthina,Granivore,Sino-Japanese
Columba junoniae,Frugivore,Saharo-Arabian
Columba leucomela,Omnivore,Australian
Columba leuconota,Granivore,Sino-Japanese
Columba livia,Granivore,Palearctic
Columba malherbii,Frugivore,Afrotropical
Columba oenas,Omnivore,Palearctic
Columba oliviae,Granivore,Afrotropical
Columba pallidiceps,Omnivore,Oceanian
Columba palumboides,Frugivore,Oriental
Columba palumboides,Frugivore,Oriental
Columba palumbus,Omnivore,Palearctic
Columba pollenii,Frugivore,Madagascan
Columba pulchricollis,Frugivore,Oriental
Columba punicea,Frugivore,Oriental
Columba rupestris,Granivore,Palearctic
Columba sjostedti,Frugivore,Afrotropical
Columba thomensis,Frugivore,Afrotropical
Columba torringtoniae,Frugivore,Oriental
Columba trocaz,Frugivore,Palearctic
Columba unicincta,Frugivore,Afrotropical
Columba vitiensis,Omnivore,Oceanian
Columbina buckleyi,Granivore,Neotropical
Columbina cruziana,Granivore,Neotropical
Columbina cyanopis,Granivore,Neotropical
Columbina inca,Granivore,Nearctic
Columbina minuta,Granivore,Neotropical
Columbina passerina,Omnivore,Neotropical
Columbina picui,Granivore,Neotropical
Columbina squammata,Granivore,Neotropical
Columbina talpacoti,Granivore,Neotropical
Cryptophaps poecilorrhoa,Frugivore,Oriental
Didunculus strigirostris,Frugivore,Oceanian
Drepanoptila holosericea,Frugivore,Oceanian
Ducula aenea,Frugivore,Oriental
Ducula aurorae,Frugivore,Oceanian
Ducula aurorae,Frugivore,Oceanian
Ducula badia,Frugivore,Oriental
Ducula bakeri,Frugivore,Oceanian
Ducula basilica,Frugivore,Oceanian
Ducula bicolor,Frugivore,Oriental
Ducula brenchleyi,Frugivore,Oceanian
Ducula carola,Frugivore,Sino-Japanese
Ducula chalconota,Frugivore,Oceanian
Ducula cineracea,Frugivore,Oriental
Ducula concinna,Frugivore,Oceanian
Ducula cuprea,Frugivore,Oriental
Ducula finschii,Frugivore,Oceanian
Ducula forsteni,Frugivore,Oriental
Ducula galeata,Frugivore,Oceanian
Ducula geelvinkiana,Frugivore,Oceanian
Ducula goliath,Frugivore,Oceanian
Ducula lacernulata,Frugivore,Oriental
Ducula latrans,Frugivore,Oceanian
Ducula luctuosa,Frugivore,Oriental
Ducula melanochroa,Frugivore,Oceanian
Ducula mindorensis,Frugivore,Oriental
Ducula mullerii,Frugivore,Oceanian
Ducula myristicivora,Frugivore,Oceanian
Ducula neglecta,Frugivore,Oceanian
Ducula obiensis,Frugivore,Oceanian
Ducula oceanica,Frugivore,Oceanian
Ducula oenothorax,Frugivore,Oriental
Ducula pacifica,Frugivore,Australian
Ducula perspicillata,Frugivore,Oceanian
Ducula pickeringii,Frugivore,Oceanian
Ducula pinon,Frugivore,Oceanian
Ducula pistrinaria,Frugivore,Oceanian
Ducula poliocephala,Frugivore,Oceanian
Ducula poliocephala,Frugivore,Oceanian
Ducula radiata,Frugivore,Oriental
Ducula rosacea,Frugivore,Oceanian
Ducula rubricera,Frugivore,Oceanian
Ducula rufigaster,Frugivore,Oceanian
Ducula salvadorii,Frugivore,Oceanian
Ducula spilorrhoa,Frugivore,Oceanian
Ducula subflavescens,Frugivore,Oceanian
Ducula whartoni,Frugivore,Oriental
Ducula whartoni,Frugivore,Oriental
Ducula whartoni,Frugivore,Oriental
Ducula zoeae,Frugivore,Oceanian
Gallicolumba crinigera,Omnivore,Oriental
Gallicolumba keayi,Omnivore,Oceanian
Gallicolumba keayi,Omnivore,Oceanian
Gallicolumba keayi,Omnivore,Oceanian
Gallicolumba keayi,Omnivore,Oceanian
Gallicolumba keayi,Omnivore,Oceanian
Gallicolumba keayi,Omnivore,Oceanian
Gallicolumba keayi,Omnivore,Oceanian
Gallicolumba keayi,Omnivore,Oceanian
Gallicolumba luzonica,Omnivore,Oriental
Gallicolumba menagei,Omnivore,Oriental
Gallicolumba platenae,Omnivore,Oriental
Gallicolumba rufigula,Omnivore,Oceanian
Gallicolumba tristigmata,Omnivore,Oriental
Geopelia cuneata,Granivore,Australian
Geopelia humeralis,Granivore,Australian
Geopelia maugeus,Granivore,Oceanian
Geopelia placida,Granivore,Australian
Geopelia striata,Granivore,Oriental
Geophaps plumifera,Granivore,Australian
Geophaps scripta,Granivore,Australian
Geophaps smithii,Granivore,Australian
Geotrygon caniceps,Omnivore,Neotropical
Geotrygon chrysia,Omnivore,Neotropical
Geotrygon leucometopia,Omnivore,Neotropical
Geotrygon montana,Omnivore,Neotropical
Geotrygon mystacea,Omnivore,Neotropical
Geotrygon purpurata,Omnivore,Neotropical
Geotrygon saphirina,Omnivore,Neotropical
Geotrygon versicolor,Omnivore,Neotropical
Geotrygon violacea,Omnivore,Neotropical
Goura cristata,Omnivore,Oceanian
Goura scheepmakeri,Omnivore,Oceanian
Goura sclaterii,Omnivore,Oceanian
Goura victoria,Frugivore,Oceanian
Gymnophaps albertisii,Frugivore,Oceanian
Gymnophaps mada,Frugivore,Oceanian
Gymnophaps solomonensis,Frugivore,Oceanian
Gymnophaps stalkeri,Frugivore,Oceanian
Hemiphaga chathamensis,Frugivore,Australian
Hemiphaga chathamensis,Frugivore,Australian
Hemiphaga novaeseelandiae,Frugivore,Australian
Henicophaps albifrons,Omnivore,Oceanian
Henicophaps foersteri,Omnivore,Oceanian
Leptotila battyi,Granivore,Neotropical
Leptotila cassinii,Granivore,Neotropical
Leptotila conoveri,Granivore,Neotropical
Leptotila jamaicensis,Granivore,Neotropical
Leptotila megalura,Granivore,Neotropical
Leptotila ochraceiventris,Granivore,Neotropical
Leptotila pallida,Granivore,Neotropical
Leptotila plumbeiceps,Granivore,Neotropical
Leptotila rufaxilla,Granivore,Neotropical
Leptotila verreauxi,Granivore,Neotropical
Leptotila wellsi,Granivore,Neotropical
Leptotrygon veraguensis,Omnivore,Neotropical
Leucosarcia melanoleuca,Omnivore,Australian
Lopholaimus antarcticus,Frugivore,Australian
Macropygia amboinensis,Frugivore,Oceanian
Macropygia emiliana,Frugivore,Oriental
Macropygia macassariensis,Frugivore,Oceanian
Macropygia mackinlayi,Omnivore,Oceanian
Macropygia magna,Frugivore,Oriental
Macropygia nigrirostris,Omnivore,Oceanian
Macropygia phasianella,Omnivore,Australian
Macropygia ruficeps,Omnivore,Oriental
Macropygia rufipennis,Frugivore,Oriental
Macropygia rufipennis,Frugivore,Oriental
Macropygia tenuirostris,Frugivore,Sino-Japanese
Macropygia timorlaoensis,Frugivore,Oriental
Macropygia unchall,Omnivore,Oriental
Megaloprepia formosa,Frugivore,Oceanian
Megaloprepia magnifica,Frugivore,Oceanian
Metriopelia aymara,Granivore,Neotropical
Metriopelia ceciliae,Granivore,Neotropical
Metriopelia melanoptera,Granivore,Neotropical
Metriopelia morenoi,Granivore,Neotropical
Nesoenas mayeri,Omnivore,Oceanian
Nesoenas picturatus,Granivore,Madagascan
Ocyphaps lophotes,Omnivore,Australian
Oena capensis,Granivore,Afrotropical
Otidiphaps aruensis,Omnivore,Oceanian
Otidiphaps cervicalis,Omnivore,Oceanian
Otidiphaps insularis,Omnivore,Oceanian
Otidiphaps nobilis,Omnivore,Oceanian
Paraclaravis geoffroyi,Granivore,Neotropical
Paraclaravis mondetoura,Granivore,Neotropical
Patagioenas albilinea,Granivore,Neotropical
Patagioenas albipennis,Granivore,Neotropical
Patagioenas araucana,Frugivore,Neotropical
Patagioenas caribaea,Frugivore,Neotropical
Patagioenas cayennensis,Frugivore,Neotropical
Patagioenas corensis,Omnivore,Neotropical
Patagioenas fasciata,Granivore,Nearctic
Patagioenas flavirostris,Frugivore,Neotropical
Patagioenas goodsoni,Frugivore,Neotropical
Patagioenas inornata,Omnivore,Neotropical
Patagioenas leucocephala,Frugivore,Neotropical
Patagioenas maculosa,Granivore,Neotropical
Patagioenas nigrirostris,Frugivore,Neotropical
Patagioenas oenops,Granivore,Neotropical
Patagioenas picazuro,Omnivore,Neotropical
Patagioenas plumbea,Frugivore,Neotropical
Patagioenas speciosa,Frugivore,Neotropical
Patagioenas squamosa,Frugivore,Neotropical
Patagioenas subvinacea,Frugivore,Neotropical
Petrophassa albipennis,Granivore,Australian
Petrophassa rufipennis,Granivore,Australian
Phapitreron amethystinus,Omnivore,Oriental
Phapitreron brevirostris,Frugivore,Oriental
Phapitreron brunneiceps,Omnivore,Oriental
Phapitreron cinereiceps,Omnivore,Oriental
Phapitreron frontalis,Omnivore,Oriental
Phapitreron leucotis,Frugivore,Oriental
Phapitreron maculipectus,Omnivore,Oriental
Phapitreron nigrorum,Frugivore,Oceanian
Phaps chalcoptera,Granivore,Australian
Phaps elegans,Granivore,Australian
Phaps histrionica,Granivore,Australian
Ptilinopus alligator,Frugivore,Australian
Ptilinopus arcanus,Frugivore,Oriental
Ptilinopus aurantiifrons,Frugivore,Oceanian
Ptilinopus chalcurus,Frugivore,Oceanian
Ptilinopus chalcurus,Frugivore,Oceanian
Ptilinopus chrysogaster,Frugivore,Oceanian
Ptilinopus cinctus,Frugivore,Oriental
Ptilinopus coralensis,Omnivore,Neotropical
Ptilinopus coronulatus,Frugivore,Oceanian
Ptilinopus dohertyi,Frugivore,Oriental
Ptilinopus dupetithouarsii,Frugivore,Neotropical
Ptilinopus eugeniae,Frugivore,Oceanian
Ptilinopus fasciatus,Frugivore,Oceanian
Ptilinopus fasciatus,Frugivore,Oceanian
Ptilinopus gestroi,Frugivore,Oceanian
Ptilinopus granulifrons,Frugivore,Oceanian
Ptilinopus greyi,Frugivore,Oceanian
Ptilinopus hernsheimi,Frugivore,Oceanian
Ptilinopus huttoni,Frugivore,Australian
Ptilinopus huttoni,Frugivore,Australian
Ptilinopus hyogastrus,Frugivore,Oceanian
Ptilinopus insolitus,Frugivore,Oceanian
Ptilinopus insularis,Frugivore,Oceanian
Ptilinopus iozonus,Frugivore,Oceanian
Ptilinopus melanospilus,Frugivore,Oceanian
Ptilinopus monacha,Frugivore,Oceanian
Ptilinopus nainus,Frugivore,Oceanian
Ptilinopus ornatus,Frugivore,Oceanian
Ptilinopus pelewensis,Frugivore,Oceanian
Ptilinopus perlatus,Frugivore,Oceanian
Ptilinopus perousii,Frugivore,Australian
Ptilinopus ponapensis,Frugivore,Oceanian
Ptilinopus porphyraceus,Frugivore,Neotropical
Ptilinopus porphyreus,Frugivore,Oriental
Ptilinopus pulchellus,Frugivore,Oceanian
Ptilinopus purpuratus,Frugivore,Oceanian
Ptilinopus rarotongensis,Frugivore,Oceanian
Ptilinopus regina,Frugivore,Australian
Ptilinopus richardsii,Frugivore,Oceanian
Ptilinopus rivoli,Frugivore,Oceanian
Ptilinopus roseicapilla,Frugivore,Oceanian
Ptilinopus solomonensis,Frugivore,Oceanian
Ptilinopus speciosus,Frugivore,Oceanian
Ptilinopus superbus,Frugivore,Australian
Ptilinopus tannensis,Frugivore,Oceanian
Ptilinopus temminckii,Frugivore,Oriental
Ptilinopus viridis,Frugivore,Oceanian
Ptilinopus wallacii,Frugivore,Oceanian
Ramphiculus epius,Frugivore,Oriental
Ramphiculus fischeri,Frugivore,Oriental
Ramphiculus jambu,Frugivore,Oriental
Ramphiculus leclancheri,Frugivore,Sino-Japanese
Ramphiculus mangoliensis,Frugivore,Oceanian
Ramphiculus marchei,Frugivore,Oriental
Ramphiculus meridionalis,Frugivore,Oriental
Ramphiculus merrilli,Frugivore,Sino-Japanese
Ramphiculus occipitalis,Frugivore,Oceanian
Ramphiculus occipitalis,Frugivore,Oceanian
Ramphiculus subgularis,Frugivore,Oriental
Reinwardtoena browni,Frugivore,Oceanian
Reinwardtoena crassirostris,Frugivore,Oceanian
Reinwardtoena reinwardti,Frugivore,Oceanian
Spilopelia chinensis,Granivore,Sino-Japanese
Spilopelia senegalensis,Granivore,Afrotropical
Spilopelia suratensis,Granivore,Oriental
Starnoenas cyanocephala,Omnivore,Neotropical
Streptopelia bitorquata,Granivore,Oriental
Streptopelia capicola,Granivore,Afrotropical
Streptopelia decaocto,Omnivore,Palearctic
Streptopelia decipiens,Granivore,Afrotropical
Streptopelia dusumieri,Granivore,Oceanian
Streptopelia hypopyrrha,Granivore,Afrotropical
Streptopelia lugens,Omnivore,Afrotropical
Streptopelia orientalis,Omnivore,Palearctic
Streptopelia reichenowi,Frugivore,Afrotropical
Streptopelia roseogrisea,Granivore,Afrotropical
Streptopelia semitorquata,Granivore,Afrotropical
Streptopelia tranquebarica,Granivore,Sino-Japanese
Streptopelia turtur,Granivore,Palearctic
Streptopelia vinacea,Granivore,Afrotropical
Streptopelia xanthocycla,Omnivore,Oriental
Treron affinis,Frugivore,Oriental
Treron apicauda,Frugivore,Oriental
Treron aromaticus,Frugivore,Oceanian
Treron australis,Frugivore,Madagascan
Treron axillaris,Frugivore,Oceanian
Treron bicinctus,Frugivore,Oriental
Treron calvus,Frugivore,Afrotropical
Treron capellei,Frugivore,Oriental
Treron chloropterus,Frugivore,Oriental
Treron curvirostra,Frugivore,Oriental
Treron delalandii,Frugivore,Afrotropical
Treron floris,Frugivore,Oceanian
Treron formosae,Frugivore,Oriental
Treron fulvicollis,Frugivore,Oriental
Treron griseicauda,Frugivore,Oceanian
Treron griveaudi,Frugivore,Madagascan
Treron olax,Frugivore,Oriental
Treron oxyurus,Frugivore,Oriental
Treron pembaensis,Frugivore,Afrotropical
Treron permagnus,Frugivore,Sino-Japanese
Treron phayrei,Frugivore,Oriental
Treron phoenicopterus,Frugivore,Oriental
Treron pompadora,Frugivore,Oriental
Treron psittaceus,Frugivore,Oriental
Treron sanctithomae,Frugivore,Afrotropical
Treron seimundi,Frugivore,Oriental
Treron sieboldii,Frugivore,Sino-Japanese
Treron sphenurus,Frugivore,Oriental
Treron teysmannii,Frugivore,Oriental
Treron vernans,Frugivore,Oriental
Treron waalia,Frugivore,Afrotropical
Trugon terrestris,Granivore,Oceanian
Turacoena manadensis,Frugivore,Oriental
Turacoena modesta,Frugivore,Oriental
Turacoena sulaensis,Frugivore,Oceanian
Turacoena sulaensis,Frugivore,Oceanian
Turtur abyssinicus,Granivore,Afrotropical
Turtur afer,Granivore,Afrotropical
Turtur brehmeri,Omnivore,Afrotropical
Turtur chalcospilos,Granivore,Afrotropical
Turtur tympanistria,Granivore,Afrotropical
Uropelia campestris,Granivore,Neotropical
Zenaida asiatica,Granivore,Nearctic
Zenaida auriculata,Granivore,Neotropical
Zenaida aurita,Omnivore,Neotropical
Zenaida galapagoensis,Granivore,Neotropical
Zenaida graysoni,Omnivore,NA
Zenaida macroura,Granivore,Nearctic
Zenaida meloda,Granivore,Neotropical
Zentrygon albifacies,Omnivore,Neotropical
Zentrygon carrikeri,Omnivore,Neotropical
Zentrygon chiriquensis,Omnivore,Neotropical
Zentrygon costaricensis,Omnivore,Neotropical
Zentrygon frenata,Omnivore,Neotropical
Zentrygon goldmani,Granivore,Neotropical
Zentrygon lawrencii,Omnivore,Neotropical
Zentrygon linearis,Granivore,Neotropical
Actenoides bougainvillei,Invertivore,Oceanian
Actenoides capucinus,Invertivore,Oceanian
Actenoides concretus,Invertivore,Oriental
Actenoides excelsus,Invertivore,Oceanian
Actenoides hombroni,Invertivore,Oriental
Actenoides lindsayi,Invertivore,Sino-Japanese
Actenoides monachus,Invertivore,Oceanian
Actenoides princeps,Invertivore,Oceanian
Actenoides regalis,Invertivore,Oriental
Alcedo atthis,Aquatic predator,Palearctic
Alcedo coerulescens,Aquatic predator,Oriental
Alcedo euryzona,Aquatic predator,Oriental
Alcedo hercules,Aquatic predator,Oriental
Alcedo meninting,Aquatic predator,Oriental
Alcedo peninsulae,Aquatic predator,Oriental
Alcedo quadribrachys,Aquatic predator,Afrotropical
Alcedo semitorquata,Aquatic predator,Afrotropical
Caridonax fulgidus,Invertivore,Oceanian
Ceryle rudis,Aquatic predator,Afrotropical
Ceyx argentatus,Aquatic predator,Oriental
Ceyx azureus,Aquatic predator,Australian
Ceyx cajeli,Invertivore,Oceanian
Ceyx collectoris,Invertivore,Oceanian
Ceyx cyanopectus,Aquatic predator,Oriental
Ceyx dispar,Invertivore,Oceanian
Ceyx erithaca,Invertivore,Oriental
Ceyx fallax,Invertivore,Oriental
Ceyx flumenicola,Aquatic predator,Oriental
Ceyx gentianus,Invertivore,Oceanian
Ceyx lepidus,Invertivore,Oceanian
Ceyx margarethae,Invertivore,Oriental
Ceyx meeki,Invertivore,Oceanian
Ceyx melanurus,Omnivore,Sino-Japanese
Ceyx mindanensis,Omnivore,Oriental
Ceyx mulcatus,Invertivore,Oceanian
Ceyx nigrirostris,Aquatic predator,Oriental
Ceyx nigromaxilla,Invertivore,Oceanian
Ceyx pusillus,Aquatic predator,Oceanian
Ceyx sacerdotis,Invertivore,Oceanian
Ceyx sangirensis,Invertivore,Oceanian
Ceyx sangirensis,Invertivore,Oceanian
Ceyx sangirensis,Invertivore,Oceanian
Ceyx sangirensis,Invertivore,Oceanian
Ceyx sangirensis,Invertivore,Oceanian
Ceyx solitarius,Invertivore,Oceanian
Ceyx wallacii,Invertivore,Oceanian
Ceyx wallacii,Invertivore,Oceanian
Ceyx wallacii,Invertivore,Oceanian
Ceyx websteri,Aquatic predator,Oceanian
Chloroceryle aenea,Aquatic predator,Neotropical
Chloroceryle amazona,Aquatic predator,Neotropical
Chloroceryle americana,Aquatic predator,Neotropical
Chloroceryle inda,Aquatic predator,Neotropical
Cittura cyanotis,Invertivore,Oceanian
Cittura sanghirensis,Invertivore,Oceanian
Clytoceyx rex,Invertivore,Oceanian
Corythornis cristatus,Aquatic predator,Afrotropical
Corythornis leucogaster,Aquatic predator,Afrotropical
Corythornis madagascariensis,Vertivore,Madagascan
Corythornis nais,Aquatic predator,Afrotropical
Corythornis thomensis,Aquatic predator,Afrotropical
Corythornis vintsioides,Aquatic predator,Madagascan
Dacelo gaudichaud,Invertivore,Oceanian
Dacelo leachii,Omnivore,Australian
Dacelo novaeguineae,Omnivore,Australian
Dacelo tyro,Invertivore,Oceanian
Halcyon albiventris,Invertivore,Afrotropical
Halcyon badia,Invertivore,Afrotropical
Halcyon chelicuti,Invertivore,Afrotropical
Halcyon coromanda,Omnivore,Oriental
Halcyon cyanoventris,Invertivore,Oriental
Halcyon gularis,Omnivore,Oceanian
Halcyon gularis,Omnivore,Oceanian
Halcyon leucocephala,Invertivore,Afrotropical
Halcyon malimbica,Invertivore,Afrotropical
Halcyon pileata,Invertivore,Sino-Japanese
Halcyon senegalensis,Invertivore,Afrotropical
Halcyon senegaloides,Aquatic predator,Afrotropical
Halcyon smyrnensis,Omnivore,Oriental
Ispidina lecontei,Invertivore,Afrotropical
Ispidina picta,Invertivore,Afrotropical
Lacedo melanops,Invertivore,Oriental
Lacedo pulchella,Invertivore,Oriental
Megaceryle alcyon,Aquatic predator,Nearctic
Megaceryle lugubris,Aquatic predator,Sino-Japanese
Megaceryle maxima,Aquatic predator,Afrotropical
Megaceryle torquata,Aquatic predator,Neotropical
Melidora macrorrhina,Invertivore,Oceanian
Pelargopsis amauroptera,Aquatic predator,Oriental
Pelargopsis capensis,Aquatic predator,Oriental
Pelargopsis melanorhyncha,Aquatic predator,Oriental
Syma megarhyncha,Invertivore,Oceanian
Syma torotoro,Invertivore,Oceanian
Tanysiptera carolinae,Invertivore,Oceanian
Tanysiptera danae,Invertivore,Oceanian
Tanysiptera ellioti,Invertivore,Oceanian
Tanysiptera galatea,Invertivore,Oceanian
Tanysiptera hydrocharis,Invertivore,Oceanian
Tanysiptera nigriceps,Invertivore,Oceanian
Tanysiptera nympha,Invertivore,Oceanian
Tanysiptera riedelii,Invertivore,Oceanian
Tanysiptera sylvia,Invertivore,Oceanian
Todiramphus albonotatus,Invertivore,Oceanian
Todiramphus australasia,Invertivore,Oceanian
Todiramphus chloris,Invertivore,Oriental
Todiramphus cinnamominus,Invertivore,NA
Todiramphus diops,Invertivore,Oceanian
Todiramphus enigma,Invertivore,Oceanian
Todiramphus enigma,Invertivore,Oceanian
Todiramphus farquhari,Invertivore,Oceanian
Todiramphus funebris,Invertivore,Oceanian
Todiramphus gambieri,Invertivore,Neotropical
Todiramphus godeffroyi,Invertivore,Neotropical
Todiramphus lazuli,Invertivore,Oceanian
Todiramphus leucopygius,Invertivore,Oceanian
Todiramphus macleayii,Invertivore,Australian
Todiramphus nigrocyaneus,Omnivore,Oceanian
Todiramphus pelewensis,Invertivore,Oceanian
Todiramphus pyrrhopygius,Invertivore,Australian
Todiramphus recurvirostris,Invertivore,Oceanian
Todiramphus recurvirostris,Invertivore,Oceanian
Todiramphus recurvirostris,Invertivore,Oceanian
Todiramphus recurvirostris,Invertivore,Oceanian
Todiramphus reichenbachii,Invertivore,Oceanian
Todiramphus ruficollaris,Invertivore,Oceanian
Todiramphus sanctus,Invertivore,Australian
Todiramphus saurophagus,Omnivore,Oceanian
Todiramphus tutus,Invertivore,Oceanian
Todiramphus veneratus,Invertivore,Oceanian
Todiramphus winchelli,Invertivore,Oceanian
Todiramphus youngi,Invertivore,Oceanian
Atelornis crossleyi,Invertivore,Madagascan
Atelornis pittoides,Invertivore,Madagascan
Brachypteracias leptosomus,Invertivore,Madagascan
Geobiastes squamiger,Invertivore,Madagascan
Uratelornis chimaera,Invertivore,Madagascan
Coracias abyssinicus,Invertivore,Afrotropical
Coracias affinis,Omnivore,Oriental
Coracias benghalensis,Omnivore,Oriental
Coracias caudatus,Omnivore,Afrotropical
Coracias cyanogaster,Invertivore,Afrotropical
Coracias garrulus,Invertivore,Palearctic
Coracias naevius,Invertivore,Afrotropical
Coracias spatulatus,Invertivore,Afrotropical
Coracias temminckii,Invertivore,Oriental
Eurystomus azureus,Invertivore,Oceanian
Eurystomus glaucurus,Invertivore,Afrotropical
Eurystomus gularis,Invertivore,Afrotropical
Eurystomus orientalis,Invertivore,Oriental
Meropogon forsteni,Invertivore,Oriental
Merops albicollis,Invertivore,Afrotropical
Merops americanus,Invertivore,Oceanian
Merops apiaster,Invertivore,Palearctic
Merops boehmi,Invertivore,Afrotropical
Merops breweri,Invertivore,Afrotropical
Merops bullockoides,Invertivore,Afrotropical
Merops bulocki,Invertivore,Afrotropical
Merops cyanophrys,Invertivore,Saharo-Arabian
Merops gularis,Invertivore,Afrotropical
Merops hirundineus,Invertivore,Afrotropical
Merops lafresnayii,Invertivore,Afrotropical
Merops leschenaulti,Invertivore,Oriental
Merops malimbicus,Invertivore,Afrotropical
Merops mentalis,Invertivore,Afrotropical
Merops muelleri,Invertivore,Afrotropical
Merops nubicoides,Invertivore,Afrotropical
Merops nubicus,Invertivore,Afrotropical
Merops oreobates,Invertivore,Afrotropical
Merops orientalis,Invertivore,Oriental
Merops ornatus,Invertivore,Australian
Merops persicus,Invertivore,Saharo-Arabian
Merops philippinus,Invertivore,Oriental
Merops pusillus,Invertivore,Afrotropical
Merops revoilii,Invertivore,Afrotropical
Merops superciliosus,Invertivore,Afrotropical
Merops variegatus,Invertivore,Afrotropical
Merops viridis,Invertivore,Oriental
Merops viridissimus,Invertivore,Afrotropical
Nyctyornis amictus,Invertivore,Oriental
Nyctyornis athertoni,Invertivore,Oriental
Aspatha gularis,Invertivore,Neotropical
Baryphthengus martii,Omnivore,Neotropical
Baryphthengus ruficapillus,Invertivore,Neotropical
Electron carinatum,Invertivore,Neotropical
Electron platyrhynchum,Invertivore,Neotropical
Eumomota superciliosa,Invertivore,Neotropical
Hylomanes momotula,Invertivore,Neotropical
Momotus aequatorialis,Invertivore,Neotropical
Momotus bahamensis,Omnivore,Neotropical
Momotus coeruliceps,Omnivore,Nearctic
Momotus lessonii,Omnivore,Neotropical
Momotus mexicanus,Invertivore,Nearctic
Momotus momota,Omnivore,Neotropical
Momotus subrufescens,Omnivore,Neotropical
Todus angustirostris,Invertivore,Neotropical
Todus mexicanus,Invertivore,Neotropical
Todus multicolor,Invertivore,Neotropical
Todus subulatus,Invertivore,Neotropical
Todus todus,Invertivore,Neotropical
Cacomantis aeruginosus,Invertivore,Oceanian
Cacomantis castaneiventris,Invertivore,Oceanian
Cacomantis flabelliformis,Invertivore,Australian
Cacomantis merulinus,Invertivore,Oriental
Cacomantis passerinus,Invertivore,Oriental
Cacomantis sonneratii,Invertivore,Oriental
Cacomantis variolosus,Invertivore,Oceanian
Caliechthrus leucolophus,Invertivore,Oceanian
Carpococcyx radiceus,Invertivore,Oriental
Carpococcyx renauldi,Invertivore,Oriental
Carpococcyx viridis,Invertivore,Oriental
Centropus andamanensis,Invertivore,Oriental
Centropus anselli,Invertivore,Afrotropical
Centropus ateralbus,Invertivore,Oceanian
Centropus bengalensis,Invertivore,Oriental
Centropus bernsteini,Invertivore,Oceanian
Centropus celebensis,Invertivore,Oriental
Centropus chalybeus,Invertivore,Oceanian
Centropus chlororhynchos,Invertivore,Oriental
Centropus cupreicaudus,Omnivore,Afrotropical
Centropus goliath,Invertivore,Oceanian
Centropus grillii,Invertivore,Afrotropical
Centropus leucogaster,Invertivore,Afrotropical
Centropus melanops,Invertivore,Oriental
Centropus menbeki,Vertivore,Oceanian
Centropus milo,Invertivore,Oceanian
Centropus monachus,Omnivore,Afrotropical
Centropus nigrorufus,Omnivore,Oriental
Centropus phasianinus,Invertivore,Australian
Centropus rectunguis,Invertivore,Oriental
Centropus senegalensis,Vertivore,Afrotropical
Centropus sinensis,Vertivore,Oriental
Centropus spilopterus,Invertivore,Oceanian
Centropus spilopterus,Invertivore,Oceanian
Centropus steerii,Invertivore,Oriental
Centropus superciliosus,Invertivore,Afrotropical
Centropus toulou,Omnivore,Madagascan
Centropus unirufus,Invertivore,Sino-Japanese
Centropus violaceus,Invertivore,Oceanian
Centropus viridis,Invertivore,Oceanian
Cercococcyx lemaireae,Invertivore,NA
Cercococcyx mechowi,Invertivore,Afrotropical
Cercococcyx montanus,Invertivore,Afrotropical
Cercococcyx olivinus,Invertivore,Afrotropical
Ceuthmochares aereus,Invertivore,Afrotropical
Ceuthmochares australis,Invertivore,Afrotropical
Chalcites basalis,Invertivore,Australian
Chalcites crassirostris,Invertivore,Oceanian
Chalcites lucidus,Invertivore,Australian
Chalcites megarhynchus,Invertivore,Oceanian
Chalcites meyerii,Invertivore,Oceanian
Chalcites minutillus,Invertivore,Oceanian
Chalcites osculans,Invertivore,Australian
Chalcites ruficollis,Invertivore,Oceanian
Chrysococcyx caprius,Invertivore,Afrotropical
Chrysococcyx cupreus,Invertivore,Afrotropical
Chrysococcyx flavigularis,Invertivore,Afrotropical
Chrysococcyx klaas,Invertivore,Afrotropical
Chrysococcyx maculatus,Invertivore,Oriental
Chrysococcyx xanthorhynchus,Invertivore,Oriental
Clamator coromandus,Invertivore,Oriental
Clamator glandarius,Invertivore,Afrotropical
Clamator jacobinus,Invertivore,Afrotropical
Clamator levaillantii,Invertivore,Afrotropical
Coccycua cinerea,Invertivore,Neotropical
Coccycua minuta,Invertivore,Neotropical
Coccycua pumila,Invertivore,Neotropical
Coccyzus americanus,Invertivore,Nearctic
Coccyzus bahamensis,Omnivore,Neotropical
Coccyzus erythropthalmus,Invertivore,Nearctic
Coccyzus euleri,Invertivore,Neotropical
Coccyzus ferrugineus,Invertivore,Neotropical
Coccyzus ferrugineus,Invertivore,Neotropical
Coccyzus ferrugineus,Invertivore,Neotropical
Coccyzus lansbergi,Invertivore,Neotropical
Coccyzus longirostris,Invertivore,Neotropical
Coccyzus melacoryphus,Invertivore,Neotropical
Coccyzus merlini,Omnivore,Neotropical
Coccyzus minor,Invertivore,Neotropical
Coccyzus pluvialis,Vertivore,Neotropical
Coccyzus rufigularis,Vertivore,Neotropical
Coccyzus vetula,Vertivore,Neotropical
Coccyzus vieilloti,Omnivore,Neotropical
Coua caerulea,Invertivore,Madagascan
Coua coquereli,Invertivore,Madagascan
Coua cristata,Invertivore,Madagascan
Coua cursor,Invertivore,Madagascan
Coua gigas,Invertivore,Madagascan
Coua olivaceiceps,Invertivore,Madagascan
Coua pyropyga,Invertivore,Madagascan
Coua reynaudii,Invertivore,Madagascan
Coua ruficeps,Invertivore,Madagascan
Coua serriana,Frugivore,Madagascan
Coua verreauxi,Invertivore,Madagascan
Crotophaga ani,Omnivore,Neotropical
Crotophaga major,Omnivore,Neotropical
Crotophaga sulcirostris,Invertivore,Neotropical
Cuculus canorus,Invertivore,Palearctic
Cuculus clamosus,Invertivore,Afrotropical
Cuculus crassirostris,Invertivore,Oriental
Cuculus gularis,Invertivore,Afrotropical
Cuculus lepidus,Invertivore,Oriental
Cuculus micropterus,Invertivore,Sino-Japanese
Cuculus poliocephalus,Invertivore,Sino-Japanese
Cuculus rochii,Invertivore,Madagascan
Cuculus saturatus,Invertivore,Palearctic
Cuculus solitarius,Invertivore,Afrotropical
Dasylophus superciliosus,Invertivore,Sino-Japanese
Dromococcyx pavoninus,Invertivore,Neotropical
Dromococcyx phasianellus,Invertivore,Neotropical
Eudynamys orientalis,Frugivore,Oceanian
Eudynamys scolopaceus,Frugivore,Oriental
Geococcyx californianus,Invertivore,Nearctic
Geococcyx velox,Invertivore,Nearctic
Guira guira,Invertivore,Neotropical
Heteroscenes pallidus,Invertivore,Australian
Hierococcyx bocki,Invertivore,Oriental
Hierococcyx fugax,Invertivore,Oriental
Hierococcyx hyperythrus,Invertivore,Palearctic
Hierococcyx nisicolor,Invertivore,Oriental
Hierococcyx pectoralis,Invertivore,Sino-Japanese
Hierococcyx sparverioides,Invertivore,Sino-Japanese
Hierococcyx vagans,Invertivore,Oriental
Hierococcyx varius,Invertivore,Oriental
Lepidogrammus cumingi,Invertivore,Sino-Japanese
Microdynamis parva,Frugivore,Oceanian
Morococcyx erythropygus,Invertivore,Neotropical
Neomorphus geoffroyi,Invertivore,Neotropical
Neomorphus pucheranii,Invertivore,Neotropical
Neomorphus radiolosus,Invertivore,Neotropical
Neomorphus rufipennis,Invertivore,Neotropical
Pachycoccyx audeberti,Invertivore,Afrotropical
Phaenicophaeus curvirostris,Invertivore,Oriental
Phaenicophaeus diardi,Invertivore,Oriental
Phaenicophaeus oeneicaudus,Invertivore,Oriental
Phaenicophaeus pyrrhocephalus,Invertivore,Oriental
Phaenicophaeus sumatranus,Invertivore,Oriental
Phaenicophaeus tristis,Invertivore,Oriental
Phaenicophaeus viridirostris,Invertivore,Oriental
Piaya cayana,Invertivore,Neotropical
Piaya melanogaster,Invertivore,Neotropical
Piaya mexicana,Invertivore,Nearctic
Rhamphococcyx calyorhynchus,Invertivore,Oriental
Rhinortha chlorophaea,Invertivore,Oriental
Scythrops novaehollandiae,Frugivore,Australian
Surniculus dicruroides,Invertivore,Oriental
Surniculus lugubris,Invertivore,Oriental
Surniculus musschenbroeki,Invertivore,Oceanian
Surniculus velutinus,Invertivore,Oceanian
Surniculus velutinus,Invertivore,Oceanian
Taccocua leschenaultii,Invertivore,Oriental
Tapera naevia,Invertivore,Neotropical
Urodynamis taitensis,Invertivore,Australian
Zanclostomus javanicus,Invertivore,Oriental
Eurypyga helias,Aquatic predator,Neotropical
Rhynochetos jubatus,Invertivore,Oceanian
Caracara cheriway,Omnivore,Neotropical
Caracara plancus,Omnivore,Neotropical
Daptrius ater,Omnivore,Neotropical
Falco alopex,Vertivore,Afrotropical
Falco amurensis,Invertivore,Palearctic
Falco araeus,Vertivore,Madagascan
Falco ardosiaceus,Vertivore,Afrotropical
Falco berigora,Vertivore,Australian
Falco biarmicus,Vertivore,Afrotropical
Falco cenchroides,Invertivore,Australian
Falco cherrug,Vertivore,Palearctic
Falco chicquera,Vertivore,Oriental
Falco columbarius,Vertivore,Palearctic
Falco concolor,Vertivore,Saharo-Arabian
Falco cuvierii,Omnivore,Afrotropical
Falco deiroleucus,Vertivore,Neotropical
Falco dickinsoni,Vertivore,Afrotropical
Falco eleonorae,Omnivore,Saharo-Arabian
Falco fasciinucha,Vertivore,Afrotropical
Falco femoralis,Vertivore,Neotropical
Falco hypoleucos,Vertivore,Australian
Falco jugger,Vertivore,Oriental
Falco longipennis,Vertivore,Australian
Falco mexicanus,Vertivore,Nearctic
Falco moluccensis,Vertivore,Oceanian
Falco naumanni,Invertivore,Palearctic
Falco newtoni,Invertivore,Madagascan
Falco novaeseelandiae,Vertivore,Australian
Falco peregrinus,Vertivore,Palearctic
Falco punctatus,Vertivore,Oceanian
Falco ruficollis,Vertivore,Afrotropical
Falco rufigularis,Vertivore,Neotropical
Falco rupicoloides,Invertivore,Afrotropical
Falco rusticolus,Vertivore,Palearctic
Falco severus,Vertivore,Oriental
Falco sparverius,Omnivore,Neotropical
Falco subbuteo,Invertivore,Palearctic
Falco subniger,Vertivore,Australian
Falco tinnunculus,Vertivore,Palearctic
Falco vespertinus,Invertivore,Palearctic
Falco zoniventris,Vertivore,Madagascan
Herpetotheres cachinnans,Vertivore,Neotropical
Ibycter americanus,Invertivore,Neotropical
Micrastur buckleyi,Vertivore,Neotropical
Micrastur gilvicollis,Vertivore,Neotropical
Micrastur mintoni,Omnivore,Neotropical
Micrastur mirandollei,Vertivore,Neotropical
Micrastur plumbeus,Omnivore,Neotropical
Micrastur ruficollis,Vertivore,Neotropical
Micrastur semitorquatus,Vertivore,Neotropical
Microhierax caerulescens,Invertivore,Oriental
Microhierax erythrogenys,Invertivore,Oceanian
Microhierax fringillarius,Invertivore,Oriental
Microhierax latifrons,Invertivore,Oriental
Microhierax melanoleucos,Invertivore,Sino-Japanese
Milvago chimachima,Omnivore,Neotropical
Phalcoboenus albogularis,Omnivore,Neotropical
Phalcoboenus australis,Vertivore,Neotropical
Phalcoboenus carunculatus,Omnivore,Neotropical
Phalcoboenus chimango,Omnivore,Neotropical
Phalcoboenus megalopterus,Omnivore,Neotropical
Polihierax insignis,Vertivore,Oriental
Polihierax semitorquatus,Vertivore,Afrotropical
Spiziapteryx circumcincta,Vertivore,Neotropical
Aburria aburri,Frugivore,Neotropical
Chamaepetes goudotii,Frugivore,Neotropical
Chamaepetes unicolor,Frugivore,Neotropical
Crax alberti,Frugivore,Neotropical
Crax alector,Frugivore,Neotropical
Crax blumenbachii,Frugivore,Neotropical
Crax daubentoni,Frugivore,Neotropical
Crax fasciolata,Frugivore,Neotropical
Crax globulosa,Frugivore,Neotropical
Crax pinima,Frugivore,Neotropical
Crax rubra,Frugivore,Neotropical
Mitu mitu,Frugivore,NA
Mitu salvini,Frugivore,Neotropical
Mitu tomentosum,Frugivore,Neotropical
Mitu tuberosum,Frugivore,Neotropical
Nothocrax urumutum,Frugivore,Neotropical
Oreophasis derbianus,Frugivore,Neotropical
Ortalis araucuan,Frugivore,Neotropical
Ortalis canicollis,Omnivore,Neotropical
Ortalis cinereiceps,Frugivore,Neotropical
Ortalis columbiana,Frugivore,Neotropical
Ortalis erythroptera,Frugivore,Neotropical
Ortalis garrula,Frugivore,Neotropical
Ortalis guttata,Frugivore,Neotropical
Ortalis leucogastra,Frugivore,Neotropical
Ortalis motmot,Frugivore,Neotropical
Ortalis poliocephala,Frugivore,Nearctic
Ortalis ruficauda,Frugivore,Neotropical
Ortalis squamata,Frugivore,Neotropical
Ortalis superciliaris,Frugivore,Neotropical
Ortalis vetula,Frugivore,Neotropical
Ortalis wagleri,Frugivore,Nearctic
Pauxi koepckeae,Omnivore,Neotropical
Pauxi pauxi,Omnivore,Neotropical
Pauxi unicornis,Omnivore,Neotropical
Penelope albipennis,Omnivore,Neotropical
Penelope argyrotis,Frugivore,Neotropical
Penelope barbata,Frugivore,Neotropical
Penelope dabbenei,Frugivore,Neotropical
Penelope jacquacu,Frugivore,Neotropical
Penelope jacucaca,Frugivore,Neotropical
Penelope marail,Frugivore,Neotropical
Penelope montagnii,Frugivore,Neotropical
Penelope obscura,Frugivore,Neotropical
Penelope ochrogaster,Frugivore,Neotropical
Penelope ortoni,Frugivore,Neotropical
Penelope perspicax,Frugivore,Neotropical
Penelope pileata,Frugivore,Neotropical
Penelope purpurascens,Frugivore,Neotropical
Penelope superciliaris,Frugivore,Neotropical
Penelopina nigra,Frugivore,Neotropical
Pipile cujubi,Frugivore,Neotropical
Pipile cumanensis,Frugivore,Neotropical
Pipile grayi,Frugivore,Neotropical
Pipile jacutinga,Frugivore,Neotropical
Pipile pipile,Frugivore,Neotropical
Aepypodius arfakianus,Omnivore,Oceanian
Aepypodius bruijnii,Omnivore,Oceanian
Alectura lathami,Omnivore,Australian
Eulipoa wallacei,Omnivore,Oceanian
Leipoa ocellata,Omnivore,Australian
Macrocephalon maleo,Omnivore,Oriental
Megapodius bernsteinii,Invertivore,Oceanian
Megapodius cumingii,Omnivore,Oceanian
Megapodius decollatus,Omnivore,Oceanian
Megapodius eremita,Omnivore,Oceanian
Megapodius freycinet,Omnivore,Oceanian
Megapodius geelvinkianus,Omnivore,Oceanian
Megapodius geelvinkianus,Omnivore,Oceanian
Megapodius laperouse,Omnivore,Oceanian
Megapodius layardi,Omnivore,Oceanian
Megapodius nicobariensis,Omnivore,Oriental
Megapodius pritchardii,Invertivore,Oceanian
Megapodius reinwardt,Omnivore,Oceanian
Megapodius tenimberensis,Omnivore,Oriental
Talegalla cuvieri,Omnivore,Oceanian
Talegalla fuscirostris,Omnivore,Oceanian
Talegalla jobiensis,Omnivore,Oceanian
Acryllium vulturinum,Omnivore,Afrotropical
Agelastes meleagrides,Omnivore,Afrotropical
Agelastes niger,Omnivore,Afrotropical
Guttera edouardi,Omnivore,Afrotropical
Guttera plumifera,Omnivore,Afrotropical
Guttera pucherani,Omnivore,Afrotropical
Guttera verreauxi,Omnivore,Afrotropical
Numida meleagris,Omnivore,Afrotropical
Callipepla californica,Omnivore,Nearctic
Callipepla douglasii,Omnivore,Nearctic
Callipepla gambelii,Omnivore,Nearctic
Callipepla squamata,Omnivore,Nearctic
Colinus cristatus,Omnivore,Neotropical
Colinus leucopogon,Omnivore,Neotropical
Colinus nigrogularis,Omnivore,Neotropical
Colinus virginianus,Omnivore,Nearctic
Cyrtonyx montezumae,Omnivore,Nearctic
Cyrtonyx ocellatus,Omnivore,Neotropical
Cyrtonyx sallei,Omnivore,Neotropical
Dactylortyx thoracicus,Omnivore,Neotropical
Dendrortyx barbatus,Omnivore,Nearctic
Dendrortyx leucophrys,Omnivore,Neotropical
Dendrortyx macroura,Omnivore,Nearctic
Odontophorus atrifrons,Omnivore,Neotropical
Odontophorus balliviani,Omnivore,Neotropical
Odontophorus capueira,Omnivore,Neotropical
Odontophorus columbianus,Omnivore,Neotropical
Odontophorus dialeucos,Omnivore,Neotropical
Odontophorus erythrops,Omnivore,Neotropical
Odontophorus erythrops,Omnivore,Neotropical
Odontophorus gujanensis,Omnivore,Neotropical
Odontophorus guttatus,Omnivore,Neotropical
Odontophorus hyperythrus,Omnivore,Neotropical
Odontophorus leucolaemus,Omnivore,Neotropical
Odontophorus melanonotus,Omnivore,Neotropical
Odontophorus melanotis,Omnivore,Neotropical
Odontophorus speciosus,Omnivore,Neotropical
Odontophorus stellatus,Omnivore,Neotropical
Odontophorus strophium,Omnivore,Neotropical
Oreortyx pictus,Omnivore,Nearctic
Philortyx fasciatus,Omnivore,Nearctic
Ptilopachus nahani,Omnivore,Afrotropical
Ptilopachus petrosus,Omnivore,Afrotropical
Rhynchortyx cinctus,Omnivore,Neotropical
Afropavo congensis,Invertivore,Afrotropical
Alectoris barbara,Omnivore,Saharo-Arabian
Alectoris chukar,Granivore,Palearctic
Alectoris graeca,Herbivore terrestrial,Palearctic
Alectoris magna,Herbivore terrestrial,Sino-Japanese
Alectoris melanocephala,Herbivore terrestrial,Saharo-Arabian
Alectoris philbyi,Herbivore terrestrial,Saharo-Arabian
Alectoris rufa,Herbivore terrestrial,Palearctic
Ammoperdix griseogularis,Omnivore,Saharo-Arabian
Ammoperdix heyi,Omnivore,Saharo-Arabian
Anurophasis monorthonyx,Omnivore,Oceanian
Arborophila ardens,Omnivore,Oriental
Arborophila atrogularis,Omnivore,Oriental
Arborophila brunneopectus,Omnivore,Oriental
Arborophila cambodiana,Omnivore,Oriental
Arborophila campbelli,Omnivore,Oriental
Arborophila charltonii,Omnivore,Oriental
Arborophila chloropus,Omnivore,Oriental
Arborophila crudigularis,Omnivore,Oriental
Arborophila davidi,Omnivore,Oriental
Arborophila gingica,Omnivore,Sino-Japanese
Arborophila graydoni,Omnivore,Oriental
Arborophila hyperythra,Omnivore,Oriental
Arborophila javanica,Omnivore,Oriental
Arborophila mandellii,Omnivore,Oriental
Arborophila orientalis,Omnivore,Oriental
Arborophila rolli,Omnivore,Oriental
Arborophila rubrirostris,Omnivore,Oriental
Arborophila rufipectus,Omnivore,Sino-Japanese
Arborophila rufogularis,Omnivore,Oriental
Arborophila sumatrana,Omnivore,Oriental
Arborophila tonkinensis,Omnivore,Oriental
Arborophila torqueola,Omnivore,Oriental
Argusianus argus,Frugivore,Oriental
Bambusicola fytchii,Omnivore,Oriental
Bambusicola sonorivox,Omnivore,Oriental
Bambusicola thoracicus,Omnivore,Sino-Japanese
Bonasa bonasia,Herbivore terrestrial,Palearctic
Bonasa sewerzowi,Herbivore terrestrial,Sino-Japanese
Bonasa umbellus,Herbivore terrestrial,Nearctic
Caloperdix oculeus,Omnivore,Oriental
Catreus wallichii,Herbivore terrestrial,Oriental
Centrocercus minimus,Herbivore terrestrial,Nearctic
Centrocercus urophasianus,Herbivore terrestrial,Nearctic
Chrysolophus amherstiae,Omnivore,Sino-Japanese
Chrysolophus pictus,Herbivore terrestrial,Sino-Japanese
Coturnix coromandelica,Granivore,Oriental
Coturnix coturnix,Granivore,Palearctic
Coturnix delegorguei,Granivore,Afrotropical
Coturnix japonica,Omnivore,Palearctic
Coturnix pectoralis,Granivore,Australian
Crossoptilon auritum,Omnivore,Palearctic
Crossoptilon crossoptilon,Herbivore terrestrial,Sino-Japanese
Crossoptilon harmani,Herbivore terrestrial,Sino-Japanese
Crossoptilon mantchuricum,Herbivore terrestrial,Palearctic
Dendragapus fuliginosus,Herbivore terrestrial,Nearctic
Dendragapus obscurus,Herbivore terrestrial,Nearctic
Dendroperdix sephaena,Invertivore,Afrotropical
Falcipennis canadensis,Herbivore terrestrial,Nearctic
Falcipennis falcipennis,Herbivore terrestrial,Palearctic
Falcipennis franklinii,Herbivore terrestrial,Nearctic
Francolinus francolinus,Omnivore,Oriental
Francolinus gularis,Omnivore,Sino-Japanese
Francolinus pictus,Omnivore,Oriental
Francolinus pintadeanus,Omnivore,Oriental
Francolinus pondicerianus,Omnivore,Oriental
Galloperdix bicalcarata,Omnivore,Oriental
Galloperdix lunulata,Omnivore,Oriental
Galloperdix spadicea,Omnivore,Oriental
Gallus gallus,Omnivore,Oriental
Gallus lafayettii,Omnivore,Oriental
Gallus sonneratii,Omnivore,Oriental
Gallus varius,Omnivore,Oriental
Haematortyx sanguiniceps,Omnivore,Oriental
Ithaginis cruentus,Omnivore,Sino-Japanese
Lagopus lagopus,Herbivore terrestrial,Saharo-Arabian
Lagopus leucura,Herbivore terrestrial,Nearctic
Lagopus muta,Herbivore terrestrial,Saharo-Arabian
Lerwa lerwa,Herbivore terrestrial,Sino-Japanese
Lophophorus impejanus,Omnivore,Sino-Japanese
Lophophorus lhuysii,Herbivore terrestrial,Sino-Japanese
Lophophorus sclateri,Omnivore,Sino-Japanese
Lophura bulweri,Invertivore,Oriental
Lophura diardi,Omnivore,Oriental
Lophura edwardsi,Omnivore,Oriental
Lophura erythrophthalma,Omnivore,Oriental
Lophura ignita,Omnivore,Oriental
Lophura inornata,Omnivore,Oriental
Lophura leucomelanos,Omnivore,Oriental
Lophura nycthemera,Omnivore,Oriental
Lophura pyronota,Omnivore,Oriental
Lophura rufa,Omnivore,Oriental
Lophura swinhoii,Omnivore,Oriental
Lyrurus mlokosiewiczi,Herbivore terrestrial,Palearctic
Lyrurus tetrix,Herbivore terrestrial,Palearctic
Margaroperdix madagarensis,Omnivore,Madagascan
Melanoperdix niger,Omnivore,Oriental
Meleagris gallopavo,Omnivore,Nearctic
Meleagris ocellata,Omnivore,Neotropical
Ophrysia superciliosa,NA,Oriental
Pavo cristatus,Omnivore,Oriental
Pavo muticus,Invertivore,Oriental
Peliperdix albogularis,Omnivore,Afrotropical
Peliperdix coqui,Omnivore,Afrotropical
Peliperdix lathami,Invertivore,Afrotropical
Peliperdix schlegelii,Omnivore,Afrotropical
Perdicula argoondah,Omnivore,Oriental
Perdicula asiatica,Granivore,Oriental
Perdicula erythrorhyncha,Granivore,Oriental
Perdicula manipurensis,Granivore,Oriental
Perdix dauurica,Omnivore,Palearctic
Perdix hodgsoniae,Omnivore,Sino-Japanese
Perdix perdix,Omnivore,Palearctic
Phasianus colchicus,Omnivore,Palearctic
Phasianus versicolor,Omnivore,Sino-Japanese
Polyplectron bicalcaratum,Omnivore,Oriental
Polyplectron chalcurum,Omnivore,Oriental
Polyplectron germaini,Omnivore,Oriental
Polyplectron inopinatum,Invertivore,Oriental
Polyplectron katsumatae,Omnivore,Oriental
Polyplectron malacense,Omnivore,Oriental
Polyplectron napoleonis,Omnivore,Oriental
Polyplectron schleiermacheri,Omnivore,Oriental
Pternistis adspersus,Omnivore,Afrotropical
Pternistis afer,Herbivore terrestrial,Afrotropical
Pternistis ahantensis,Herbivore terrestrial,Afrotropical
Pternistis atrifrons,Omnivore,Afrotropical
Pternistis bicalcaratus,Omnivore,Afrotropical
Pternistis camerunensis,Omnivore,Afrotropical
Pternistis capensis,Omnivore,Afrotropical
Pternistis castaneicollis,Omnivore,Afrotropical
Pternistis clappertoni,Omnivore,Afrotropical
Pternistis erckelii,Herbivore terrestrial,Afrotropical
Pternistis griseostriatus,Omnivore,Afrotropical
Pternistis hartlaubi,Omnivore,Afrotropical
Pternistis harwoodi,Omnivore,Afrotropical
Pternistis hildebrandti,Herbivore terrestrial,Afrotropical
Pternistis icterorhynchus,Omnivore,Afrotropical
Pternistis jacksoni,Omnivore,Afrotropical
Pternistis leucoscepus,Omnivore,Afrotropical
Pternistis natalensis,Herbivore terrestrial,Afrotropical
Pternistis nobilis,Granivore,Afrotropical
Pternistis ochropectus,Omnivore,Afrotropical
Pternistis rufopictus,Herbivore terrestrial,Afrotropical
Pternistis squamatus,Herbivore terrestrial,Afrotropical
Pternistis swainsonii,Omnivore,Afrotropical
Pternistis swierstrai,Omnivore,Afrotropical
Pucrasia macrolopha,Omnivore,Sino-Japanese
Rheinardia ocellata,Omnivore,Oriental
Rhizothera dulitensis,Omnivore,Oriental
Rhizothera longirostris,Omnivore,Oriental
Rollulus rouloul,Omnivore,Oriental
Scleroptila afra,Herbivore terrestrial,Afrotropical
Scleroptila elgonensis,Herbivore terrestrial,Afrotropical
Scleroptila finschi,Invertivore,Afrotropical
Scleroptila gutturalis,Omnivore,Afrotropical
Scleroptila levaillantii,Herbivore terrestrial,Afrotropical
Scleroptila psilolaema,Herbivore terrestrial,Afrotropical
Scleroptila shelleyi,Omnivore,Afrotropical
Scleroptila streptophora,Omnivore,Afrotropical
Scleroptila whytei,Omnivore,Afrotropical
Synoicus adansonii,Omnivore,Afrotropical
Synoicus chinensis,Omnivore,Oriental
Synoicus ypsilophorus,Granivore,Australian
Syrmaticus ellioti,Omnivore,Sino-Japanese
Syrmaticus humiae,Omnivore,Oriental
Syrmaticus mikado,Omnivore,Oriental
Syrmaticus reevesii,Granivore,Sino-Japanese
Syrmaticus soemmerringii,Omnivore,Sino-Japanese
Tetrao urogalloides,Herbivore terrestrial,Palearctic
Tetrao urogallus,Herbivore terrestrial,Palearctic
Tetraogallus altaicus,Omnivore,Palearctic
Tetraogallus caspius,Herbivore terrestrial,Saharo-Arabian
Tetraogallus caucasicus,Herbivore terrestrial,Palearctic
Tetraogallus himalayensis,Herbivore terrestrial,Palearctic
Tetraogallus tibetanus,Herbivore terrestrial,Sino-Japanese
Tetraophasis obscurus,Herbivore terrestrial,Palearctic
Tetraophasis szechenyii,Herbivore terrestrial,Sino-Japanese
Tragopan blythii,Omnivore,Oriental
Tragopan caboti,Omnivore,Sino-Japanese
Tragopan melanocephalus,Herbivore terrestrial,Saharo-Arabian
Tragopan satyra,Herbivore terrestrial,Sino-Japanese
Tragopan temminckii,Herbivore terrestrial,Sino-Japanese
Tympanuchus cupido,Granivore,Nearctic
Tympanuchus pallidicinctus,Invertivore,Nearctic
Tympanuchus phasianellus,Herbivore terrestrial,Nearctic
Xenoperdix udzungwensis,Invertivore,Afrotropical
Gavia adamsii,Aquatic predator,Palearctic
Gavia arctica,Aquatic predator,Palearctic
Gavia immer,Aquatic predator,Nearctic
Gavia pacifica,Aquatic predator,Palearctic
Gavia stellata,Aquatic predator,Palearctic
Aramus guarauna,Aquatic predator,Neotropical
Anthropoides paradiseus,Omnivore,Afrotropical
Anthropoides virgo,Omnivore,Palearctic
Antigone antigone,Omnivore,Oriental
Antigone canadensis,Omnivore,Nearctic
Antigone rubicunda,Omnivore,Australian
Antigone vipio,Omnivore,Palearctic
Balearica pavonina,Omnivore,Afrotropical
Balearica regulorum,Omnivore,Afrotropical
Bugeranus carunculatus,Omnivore,Afrotropical
Grus americana,Omnivore,Nearctic
Grus grus,Omnivore,Palearctic
Grus japonensis,Omnivore,Palearctic
Grus monacha,Omnivore,Palearctic
Grus nigricollis,Omnivore,Sino-Japanese
Leucogeranus leucogeranus,Omnivore,Palearctic
Heliopais personatus,Aquatic predator,Oriental
Heliornis fulica,Aquatic predator,Neotropical
Podica senegalensis,Aquatic predator,Afrotropical
Psophia crepitans,Frugivore,Neotropical
Psophia dextralis,Frugivore,Neotropical
Psophia leucoptera,Frugivore,Neotropical
Psophia obscura,Frugivore,Neotropical
Psophia ochroptera,Frugivore,Neotropical
Psophia viridis,Frugivore,Neotropical
Amaurolimnas concolor,Omnivore,Neotropical
Amaurornis cinerea,Aquatic predator,Oceanian
Amaurornis isabellina,Omnivore,Oriental
Amaurornis magnirostris,Omnivore,Oceanian
Amaurornis marginalis,Aquatic predator,Afrotropical
Amaurornis moluccana,Omnivore,Oceanian
Amaurornis olivacea,Omnivore,Oceanian
Amaurornis phoenicurus,Aquatic predator,Oriental
Aramides albiventris,Aquatic predator,Neotropical
Aramides axillaris,Aquatic predator,Neotropical
Aramides cajaneus,Aquatic predator,Neotropical
Aramides calopterus,Omnivore,Neotropical
Aramides mangle,Aquatic predator,Neotropical
Aramides saracura,Omnivore,Neotropical
Aramides wolfi,Omnivore,Neotropical
Aramides ypecaha,Omnivore,Neotropical
Aramidopsis plateni,Aquatic predator,Oriental
Canirallus oculeus,Omnivore,Afrotropical
Coturnicops exquisitus,Omnivore,Palearctic
Coturnicops notatus,Omnivore,Neotropical
Coturnicops noveboracensis,Omnivore,Nearctic
Crex crex,Omnivore,Palearctic
Crex egregia,Omnivore,Afrotropical
Cyanolimnas cerverai,Aquatic predator,Neotropical
Dryolimnas cuvieri,Omnivore,Madagascan
Eulabeornis castaneoventris,Aquatic predator,Australian
Fulica alai,Herbivore aquatic,Nearctic
Fulica americana,Herbivore aquatic,Nearctic
Fulica ardesiaca,Herbivore aquatic,Neotropical
Fulica armillata,Herbivore aquatic,Neotropical
Fulica atra,Herbivore aquatic,Palearctic
Fulica cornuta,Herbivore aquatic,Neotropical
Fulica cristata,Herbivore aquatic,Afrotropical
Fulica gigantea,Herbivore aquatic,Neotropical
Fulica leucoptera,Herbivore aquatic,Neotropical
Fulica rufifrons,Herbivore aquatic,Neotropical
Gallicrex cinerea,Omnivore,Oriental
Gallinula chloropus,Omnivore,Saharo-Arabian
Gallinula comeri,Omnivore,Afrotropical
Gallinula comeri,Omnivore,Afrotropical
Gallinula galeata,Omnivore,Neotropical
Gallinula tenebrosa,Omnivore,Australian
Gallirallus australis,Omnivore,Australian
Gallirallus calayanensis,Invertivore,Oriental
Gymnocrex plumbeiventris,Invertivore,Oceanian
Gymnocrex rosenbergii,Invertivore,Oceanian
Gymnocrex talaudensis,Omnivore,Oceanian
Habroptila wallacii,Omnivore,Oceanian
Himantornis haematopus,Omnivore,Afrotropical
Hypotaenidia immaculata,Omnivore,Oceanian
Hypotaenidia insignis,Omnivore,Oceanian
Hypotaenidia insignis,Omnivore,Oceanian
Hypotaenidia okinawae,Invertivore,Oriental
Hypotaenidia owstoni,Omnivore,NA
Hypotaenidia philippensis,Omnivore,Oceanian
Hypotaenidia rovianae,Omnivore,Oceanian
Hypotaenidia sylvestris,Invertivore,Australian
Hypotaenidia tertia,Omnivore,Oceanian
Hypotaenidia torquata,Invertivore,Oceanian
Hypotaenidia woodfordi,Omnivore,Oceanian
Laterallus albigularis,Omnivore,Neotropical
Laterallus exilis,Aquatic predator,Neotropical
Laterallus flaviventer,Aquatic predator,Neotropical
Laterallus jamaicensis,Aquatic predator,Neotropical
Laterallus leucopyrrhus,Aquatic predator,Neotropical
Laterallus levraudi,Aquatic predator,Neotropical
Laterallus melanophaius,Aquatic predator,Neotropical
Laterallus rogersi,Omnivore,Neotropical
Laterallus rogersi,Omnivore,Neotropical
Laterallus ruber,Aquatic predator,Neotropical
Laterallus spilonota,Omnivore,Neotropical
Laterallus spilopterus,Aquatic predator,Neotropical
Laterallus tuerosi,Aquatic predator,Neotropical
Laterallus xenopterus,Aquatic predator,Neotropical
Lewinia mirifica,Aquatic predator,Oriental
Lewinia muelleri,Aquatic predator,Australian
Lewinia pectoralis,Aquatic predator,Australian
Lewinia striata,Omnivore,Oriental
Megacrex inepta,Omnivore,Oceanian
Mentocrex beankaensis,Omnivore,Madagascan
Mentocrex kioloides,Omnivore,Madagascan
Micropygia schomburgkii,Invertivore,Neotropical
Neocrex colombiana,Aquatic predator,Neotropical
Neocrex erythrops,Aquatic predator,Neotropical
Paragallinula angulata,Omnivore,Afrotropical
Pardirallus maculatus,Aquatic predator,Neotropical
Pardirallus nigricans,Aquatic predator,Neotropical
Pardirallus sanguinolentus,Aquatic predator,Neotropical
Pareudiastes pacificus,NA,NA
Pareudiastes silvestris,Omnivore,Oceanian
Porphyrio alleni,Herbivore aquatic,Afrotropical
Porphyrio flavirostris,Omnivore,Neotropical
Porphyrio hochstetteri,Omnivore,Australian
Porphyrio martinicus,Herbivore aquatic,Neotropical
Porphyrio porphyrio,Herbivore aquatic,Oriental
Porphyriops melanops,Herbivore aquatic,Neotropical
Porzana albicollis,Aquatic predator,Neotropical
Porzana carolina,Omnivore,Nearctic
Porzana fasciata,Aquatic predator,Neotropical
Porzana fluminea,Aquatic predator,Australian
Porzana porzana,Aquatic predator,Palearctic
Rallicula forbesi,Invertivore,Oceanian
Rallicula leucospila,Invertivore,Oceanian
Rallicula mayri,Invertivore,Oceanian
Rallicula rubra,Invertivore,Oceanian
Rallina canningi,Aquatic predator,Oriental
Rallina eurizonoides,Omnivore,Oriental
Rallina fasciata,Omnivore,Oriental
Rallina tricolor,Aquatic predator,Oceanian
Rallus antarcticus,Aquatic predator,Neotropical
Rallus aquaticus,Aquatic predator,Palearctic
Rallus caerulescens,Aquatic predator,Afrotropical
Rallus crepitans,Aquatic predator,Nearctic
Rallus elegans,Aquatic predator,Nearctic
Rallus indicus,Aquatic predator,Palearctic
Rallus limicola,Aquatic predator,Nearctic
Rallus longirostris,Aquatic predator,Neotropical
Rallus madagascariensis,Aquatic predator,Madagascan
Rallus obsoletus,Aquatic predator,Nearctic
Rallus semiplumbeus,Aquatic predator,Neotropical
Rallus tenuirostris,Aquatic predator,Nearctic
Rallus wetmorei,Aquatic predator,Neotropical
Rougetius rougetii,Omnivore,Afrotropical
Rufirallus castaneiceps,Invertivore,Neotropical
Rufirallus viridis,Invertivore,Neotropical
Sarothrura affinis,Omnivore,Afrotropical
Sarothrura ayresi,Omnivore,Afrotropical
Sarothrura boehmi,Omnivore,Afrotropical
Sarothrura elegans,Invertivore,Afrotropical
Sarothrura insularis,Omnivore,Madagascan
Sarothrura lugens,Omnivore,Afrotropical
Sarothrura pulchra,Aquatic predator,Afrotropical
Sarothrura rufa,Aquatic predator,Afrotropical
Sarothrura watersi,Aquatic predator,Madagascan
Tribonyx mortierii,Omnivore,Australian
Tribonyx ventralis,Omnivore,Australian
Zapornia akool,Omnivore,Oriental
Zapornia atra,Invertivore,Oceanian
Zapornia bicolor,Omnivore,Oriental
Zapornia flavirostra,Aquatic predator,Afrotropical
Zapornia fusca,Aquatic predator,Sino-Japanese
Zapornia olivieri,Aquatic predator,Madagascan
Zapornia parva,Aquatic predator,Palearctic
Zapornia paykullii,Aquatic predator,Palearctic
Zapornia pusilla,Aquatic predator,Oriental
Zapornia tabuensis,Omnivore,Australian
Leptosomus discolor,Invertivore,Madagascan
Mesitornis unicolor,Invertivore,Madagascan
Mesitornis variegatus,Invertivore,Madagascan
Monias benschi,Invertivore,Madagascan
Corythaeola cristata,Frugivore,Afrotropical
Corythaixoides concolor,Frugivore,Afrotropical
Corythaixoides leopoldi,Frugivore,Afrotropical
Corythaixoides personatus,Frugivore,Afrotropical
Crinifer piscator,Frugivore,Afrotropical
Crinifer zonurus,Frugivore,Afrotropical
Criniferoides leucogaster,Omnivore,Afrotropical
Gallirex johnstoni,Frugivore,Afrotropical
Gallirex porphyreolophus,Frugivore,Afrotropical
Musophaga rossae,Frugivore,Afrotropical
Musophaga violacea,Frugivore,Afrotropical
Tauraco bannermani,Frugivore,Afrotropical
Tauraco corythaix,Frugivore,Afrotropical
Tauraco erythrolophus,Frugivore,Afrotropical
Tauraco fischeri,Frugivore,Afrotropical
Tauraco hartlaubi,Frugivore,Afrotropical
Tauraco leucolophus,Frugivore,Afrotropical
Tauraco leucotis,Frugivore,Afrotropical
Tauraco livingstonii,Frugivore,Afrotropical
Tauraco macrorhynchus,Frugivore,Afrotropical
Tauraco persa,Frugivore,Afrotropical
Tauraco ruspolii,Frugivore,Afrotropical
Tauraco schalowi,Frugivore,Afrotropical
Tauraco schuettii,Frugivore,Afrotropical
Opisthocomus hoazin,Herbivore terrestrial,Neotropical
Afrotis afra,Omnivore,Afrotropical
Afrotis afraoides,Invertivore,Afrotropical
Ardeotis arabs,Omnivore,Afrotropical
Ardeotis australis,Omnivore,Australian
Ardeotis kori,Omnivore,Afrotropical
Ardeotis nigriceps,Omnivore,Oriental
Chlamydotis macqueenii,Omnivore,Palearctic
Chlamydotis undulata,Omnivore,Saharo-Arabian
Eupodotis caerulescens,Omnivore,Afrotropical
Eupodotis senegalensis,Omnivore,Afrotropical
Heterotetrax humilis,Omnivore,Afrotropical
Heterotetrax rueppelii,Omnivore,Afrotropical
Heterotetrax vigorsii,Omnivore,Afrotropical
Houbaropsis bengalensis,Omnivore,Oriental
Lissotis hartlaubii,Omnivore,Afrotropical
Lissotis melanogaster,Invertivore,Afrotropical
Lophotis gindiana,Omnivore,Afrotropical
Lophotis ruficrista,Omnivore,Afrotropical
Lophotis savilei,Omnivore,Afrotropical
Neotis denhami,Omnivore,Afrotropical
Neotis heuglinii,Omnivore,Afrotropical
Neotis ludwigii,Omnivore,Afrotropical
Neotis nuba,Omnivore,Afrotropical
Otis tarda,Omnivore,Palearctic
Sypheotides indicus,Omnivore,Oriental
Tetrax tetrax,Omnivore,Palearctic
Acanthisitta chloris,Invertivore,Australian
Xenicus gilviventris,Invertivore,Australian
Acanthiza apicalis,Invertivore,Australian
Acanthiza chrysorrhoa,Invertivore,Australian
Acanthiza cinerea,Invertivore,Oceanian
Acanthiza ewingii,Invertivore,Australian
Acanthiza inornata,Invertivore,Australian
Acanthiza iredalei,Invertivore,Australian
Acanthiza katherina,Invertivore,Australian
Acanthiza lineata,Invertivore,Australian
Acanthiza murina,Invertivore,Oceanian
Acanthiza nana,Invertivore,Australian
Acanthiza pusilla,Invertivore,Australian
Acanthiza reguloides,Invertivore,Australian
Acanthiza robustirostris,Invertivore,Australian
Acanthiza uropygialis,Invertivore,Australian
Acanthornis magna,Invertivore,Australian
Aphelocephala leucopsis,Invertivore,Australian
Aphelocephala nigricincta,Invertivore,Australian
Aphelocephala pectoralis,Invertivore,Australian
Calamanthus campestris,Invertivore,Australian
Calamanthus cautus,Invertivore,Australian
Calamanthus fuliginosus,Invertivore,Australian
Calamanthus montanellus,Invertivore,Australian
Calamanthus pyrrhopygius,Invertivore,Australian
Crateroscelis murina,Invertivore,Oceanian
Crateroscelis nigrorufa,Invertivore,Oceanian
Crateroscelis robusta,Invertivore,Oceanian
Gerygone albofrontata,Invertivore,Australian
Gerygone albofrontata,Invertivore,Australian
Gerygone chloronota,Invertivore,Oceanian
Gerygone chrysogaster,Invertivore,Oceanian
Gerygone citrina,Invertivore,Oceanian
Gerygone dorsalis,Invertivore,Oceanian
Gerygone flavolateralis,Invertivore,Oceanian
Gerygone fusca,Invertivore,Australian
Gerygone hypoxantha,Invertivore,Oceanian
Gerygone igata,Invertivore,Australian
Gerygone inornata,Invertivore,Oriental
Gerygone levigaster,Invertivore,Australian
Gerygone magnirostris,Invertivore,Oceanian
Gerygone modesta,Invertivore,Australian
Gerygone mouki,Invertivore,Australian
Gerygone olivacea,Invertivore,Australian
Gerygone palpebrosa,Invertivore,Oceanian
Gerygone ruficollis,Invertivore,Oceanian
Gerygone sulphurea,Invertivore,Oriental
Gerygone tenebrosa,Invertivore,Australian
Oreoscopus gutturalis,Invertivore,Australian
Origma solitaria,Invertivore,Australian
Pachycare flavogriseum,Invertivore,Oceanian
Pycnoptilus floccosus,Invertivore,Australian
Pyrrholaemus brunneus,Invertivore,Australian
Pyrrholaemus sagittatus,Invertivore,Australian
Sericornis arfakianus,Invertivore,Oceanian
Sericornis beccarii,Invertivore,Oceanian
Sericornis citreogularis,Invertivore,Australian
Sericornis frontalis,Invertivore,Australian
Sericornis humilis,Invertivore,Australian
Sericornis keri,Invertivore,Australian
Sericornis magnirostra,Invertivore,Australian
Sericornis nouhuysi,Invertivore,Oceanian
Sericornis papuensis,Invertivore,Oceanian
Sericornis perspicillatus,Invertivore,Oceanian
Sericornis rufescens,Invertivore,Oceanian
Sericornis spilodera,Invertivore,Oceanian
Smicrornis brevirostris,Invertivore,Australian
Acrocephalus aequinoctialis,Invertivore,Oceanian
Acrocephalus agricola,Invertivore,Palearctic
Acrocephalus arundinaceus,Invertivore,Palearctic
Acrocephalus atyphus,Invertivore,Neotropical
Acrocephalus australis,Invertivore,Australian
Acrocephalus bistrigiceps,Invertivore,Palearctic
Acrocephalus brevipennis,Invertivore,Afrotropical
Acrocephalus caffer,Invertivore,Oceanian
Acrocephalus concinens,Invertivore,Sino-Japanese
Acrocephalus dumetorum,Invertivore,Palearctic
Acrocephalus familiaris,Invertivore,Nearctic
Acrocephalus familiaris,Invertivore,Nearctic
Acrocephalus gracilirostris,Invertivore,Afrotropical
Acrocephalus griseldis,Invertivore,Saharo-Arabian
Acrocephalus hiwae,Invertivore,Oceanian
Acrocephalus kerearako,Invertivore,Oceanian
Acrocephalus longirostris,Invertivore,Oceanian
Acrocephalus melanopogon,Invertivore,Saharo-Arabian
Acrocephalus mendanae,Invertivore,Neotropical
Acrocephalus newtoni,Invertivore,Madagascan
Acrocephalus orientalis,Invertivore,Palearctic
Acrocephalus orinus,Invertivore,Saharo-Arabian
Acrocephalus paludicola,Invertivore,Palearctic
Acrocephalus palustris,Invertivore,Palearctic
Acrocephalus percernis,Invertivore,Neotropical
Acrocephalus rehsei,Invertivore,Oceanian
Acrocephalus rimitarae,Invertivore,Australian
Acrocephalus rodericanus,Invertivore,Oceanian
Acrocephalus rufescens,Invertivore,Afrotropical
Acrocephalus schoenobaenus,Invertivore,Palearctic
Acrocephalus scirpaceus,Invertivore,Saharo-Arabian
Acrocephalus sechellensis,Invertivore,Madagascan
Acrocephalus sorghophilus,Invertivore,NA
Acrocephalus stentoreus,Invertivore,Oriental
Acrocephalus syrinx,Invertivore,Oceanian
Acrocephalus taiti,Invertivore,Oceanian
Acrocephalus tangorum,Invertivore,Palearctic
Acrocephalus vaughani,Invertivore,Oceanian
Arundinax aedon,Invertivore,Palearctic
Calamonastides bensoni,Invertivore,Afrotropical
Calamonastides gracilirostris,Invertivore,Afrotropical
Hippolais icterina,Invertivore,Palearctic
Hippolais languida,Invertivore,Saharo-Arabian
Hippolais olivetorum,Invertivore,Palearctic
Hippolais polyglotta,Invertivore,Palearctic
Iduna caligata,Invertivore,Palearctic
Iduna natalensis,Invertivore,Afrotropical
Iduna opaca,Invertivore,Saharo-Arabian
Iduna pallida,Invertivore,Saharo-Arabian
Iduna rama,Invertivore,Palearctic
Iduna similis,Invertivore,Afrotropical
Nesillas brevicaudata,Invertivore,Madagascan
Nesillas lantzii,Invertivore,Madagascan
Nesillas mariae,Invertivore,Madagascan
Nesillas typica,Invertivore,Madagascan
Aegithalos annamensis,Invertivore,Oriental
Aegithalos bonvaloti,Invertivore,Sino-Japanese
Aegithalos caudatus,Invertivore,Palearctic
Aegithalos concinnus,Invertivore,Sino-Japanese
Aegithalos fuliginosus,Invertivore,Sino-Japanese
Aegithalos glaucogularis,Invertivore,Sino-Japanese
Aegithalos iouschistos,Invertivore,Sino-Japanese
Aegithalos iredalei,Invertivore,Sino-Japanese
Aegithalos leucogenys,Invertivore,Saharo-Arabian
Aegithalos niveogularis,Invertivore,Oriental
Leptopoecile elegans,Invertivore,Sino-Japanese
Leptopoecile sophiae,Invertivore,Sino-Japanese
Psaltria exilis,Invertivore,Oriental
Psaltriparus minimus,Invertivore,Nearctic
Aegithina lafresnayei,Invertivore,Oriental
Aegithina nigrolutea,Invertivore,Oriental
Aegithina tiphia,Invertivore,Oriental
Aegithina viridissima,Invertivore,Oriental
Alaemon alaudipes,Invertivore,Saharo-Arabian
Alaemon hamertoni,Invertivore,Afrotropical
Alauda arvensis,Omnivore,Palearctic
Alauda gulgula,Omnivore,Sino-Japanese
Alauda leucoptera,Omnivore,Palearctic
Alauda razae,Omnivore,Afrotropical
Alaudala raytal,Omnivore,Oriental
Alaudala rufescens,Omnivore,Palearctic
Alaudala somalica,Omnivore,Afrotropical
Ammomanes cinctura,Granivore,Saharo-Arabian
Ammomanes deserti,Omnivore,Saharo-Arabian
Ammomanes phoenicura,Omnivore,Oriental
Ammomanopsis grayi,Omnivore,Afrotropical
Calandrella acutirostris,Omnivore,Sino-Japanese
Calandrella blanfordi,Granivore,Afrotropical
Calandrella brachydactyla,Omnivore,Saharo-Arabian
Calandrella cinerea,Granivore,Afrotropical
Calandrella dukhunensis,Omnivore,Palearctic
Calandrella eremica,Granivore,Saharo-Arabian
Calendulauda africanoides,Omnivore,Afrotropical
Calendulauda albescens,Invertivore,Afrotropical
Calendulauda alopex,Omnivore,Afrotropical
Calendulauda burra,Omnivore,Afrotropical
Calendulauda erythrochlamys,Omnivore,Afrotropical
Calendulauda poecilosterna,Invertivore,Afrotropical
Calendulauda sabota,Granivore,Afrotropical
Certhilauda chuana,Omnivore,Afrotropical
Certhilauda curvirostris,Invertivore,Afrotropical
Certhilauda semitorquata,Invertivore,Afrotropical
Certhilauda subcoronata,Omnivore,Afrotropical
Chersomanes albofasciata,Invertivore,Afrotropical
Chersophilus duponti,Omnivore,Saharo-Arabian
Eremalauda dunni,Granivore,Afrotropical
Eremalauda eremodites,Granivore,Saharo-Arabian
Eremophila alpestris,Omnivore,Saharo-Arabian
Eremophila bilopha,Granivore,Saharo-Arabian
Eremopterix australis,Granivore,Afrotropical
Eremopterix griseus,Granivore,Oriental
Eremopterix hova,Omnivore,Madagascan
Eremopterix leucopareia,Granivore,Afrotropical
Eremopterix leucotis,Granivore,Afrotropical
Eremopterix nigriceps,Granivore,Afrotropical
Eremopterix signatus,Granivore,Afrotropical
Eremopterix verticalis,Granivore,Afrotropical
Galerida cristata,Omnivore,Saharo-Arabian
Galerida deva,Omnivore,Oriental
Galerida magnirostris,Omnivore,Afrotropical
Galerida malabarica,Omnivore,Oriental
Galerida modesta,Omnivore,Afrotropical
Galerida theklae,Omnivore,Saharo-Arabian
Heteromirafra archeri,Omnivore,Afrotropical
Heteromirafra ruddi,Omnivore,Afrotropical
Lullula arborea,Omnivore,Palearctic
Melanocorypha bimaculata,Omnivore,Palearctic
Melanocorypha calandra,Omnivore,Saharo-Arabian
Melanocorypha maxima,Omnivore,Sino-Japanese
Melanocorypha mongolica,Omnivore,Palearctic
Melanocorypha yeltoniensis,Omnivore,Palearctic
Mirafra affinis,Omnivore,Oriental
Mirafra africana,Invertivore,Afrotropical
Mirafra albicauda,Omnivore,Afrotropical
Mirafra angolensis,Omnivore,Afrotropical
Mirafra apiata,Invertivore,Afrotropical
Mirafra ashi,Omnivore,Afrotropical
Mirafra assamica,Omnivore,Sino-Japanese
Mirafra cheniana,Granivore,Afrotropical
Mirafra collaris,Invertivore,Afrotropical
Mirafra cordofanica,Omnivore,Afrotropical
Mirafra erythrocephala,Omnivore,Oriental
Mirafra erythroptera,Omnivore,Oriental
Mirafra fasciolata,Invertivore,Afrotropical
Mirafra gilletti,Omnivore,Afrotropical
Mirafra hypermetra,Invertivore,Afrotropical
Mirafra javanica,Omnivore,Oriental
Mirafra microptera,Omnivore,Oriental
Mirafra passerina,Invertivore,Afrotropical
Mirafra pulpa,Granivore,Afrotropical
Mirafra rufa,Omnivore,Afrotropical
Mirafra rufocinnamomea,Invertivore,Afrotropical
Mirafra sharpii,Invertivore,Afrotropical
Mirafra somalica,Omnivore,Afrotropical
Mirafra williamsi,Omnivore,Afrotropical
Pinarocorys erythropygia,Invertivore,Afrotropical
Pinarocorys nigricans,Invertivore,Afrotropical
Ramphocoris clotbey,Omnivore,Saharo-Arabian
Spizocorys conirostris,Granivore,Afrotropical
Spizocorys fremantlii,Granivore,Afrotropical
Spizocorys fringillaris,Omnivore,Afrotropical
Spizocorys obbiensis,Invertivore,Afrotropical
Spizocorys personata,Granivore,Afrotropical
Spizocorys sclateri,Granivore,Afrotropical
Spizocorys starki,Granivore,Afrotropical
Artamus cinereus,Invertivore,Australian
Artamus cyanopterus,Invertivore,Australian
Artamus fuscus,Invertivore,Oriental
Artamus insignis,Invertivore,Oceanian
Artamus leucoryn,Invertivore,Australian
Artamus maximus,Invertivore,Oceanian
Artamus mentalis,Invertivore,Oceanian
Artamus minor,Invertivore,Australian
Artamus monachus,Invertivore,Oriental
Artamus personatus,Invertivore,Australian
Artamus superciliosus,Invertivore,Australian
Cracticus argenteus,Omnivore,Australian
Cracticus cassicus,Invertivore,Oceanian
Cracticus louisiadensis,Invertivore,Oceanian
Cracticus mentalis,Invertivore,Oceanian
Cracticus nigrogularis,Omnivore,Australian
Cracticus torquatus,Omnivore,Australian
Gymnorhina tibicen,Invertivore,Australian
Melloria quoyi,Omnivore,Oceanian
Peltops blainvillii,Invertivore,Oceanian
Peltops montanus,Invertivore,Oceanian
Strepera fuliginosa,Omnivore,Australian
Strepera graculina,Omnivore,Australian
Strepera versicolor,Omnivore,Australian
Atrichornis clamosus,Invertivore,Australian
Atrichornis rufescens,Invertivore,Australian
Bernieria madagascariensis,Invertivore,Madagascan
Crossleyia tenebrosa,Invertivore,Madagascan
Crossleyia xanthophrys,Invertivore,Madagascan
Cryptosylvicola randrianasoloi,Invertivore,Madagascan
Hartertula flavoviridis,Invertivore,Madagascan
Oxylabes madagascariensis,Invertivore,Madagascan
Randia pseudozosterops,Invertivore,Madagascan
Thamnornis chloropetoides,Invertivore,Madagascan
Xanthomixis apperti,Invertivore,Madagascan
Xanthomixis cinereiceps,Invertivore,Madagascan
Xanthomixis zosterops,Invertivore,Madagascan
Bombycilla cedrorum,Frugivore,Nearctic
Bombycilla garrulus,Omnivore,Palearctic
Bombycilla japonica,Frugivore,Palearctic
Buphagus africanus,Invertivore,Afrotropical
Buphagus erythrorynchus,Invertivore,Afrotropical
Calcarius lapponicus,Granivore,Palearctic
Calcarius ornatus,Granivore,Nearctic
Calcarius pictus,Granivore,Nearctic
Plectrophenax hyperboreus,Granivore,Palearctic
Plectrophenax nivalis,Granivore,Palearctic
Rhynchophanes mccownii,Granivore,Nearctic
Callaeas cinereus,Omnivore,NA
Callaeas wilsoni,Omnivore,Australian
Philesturnus carunculatus,Invertivore,Australian
Philesturnus rufusater,Invertivore,Australian
Calyptomena hosii,Frugivore,Oriental
Calyptomena viridis,Frugivore,Oriental
Calyptomena whiteheadi,Frugivore,Oriental
Smithornis capensis,Invertivore,Afrotropical
Smithornis rufolateralis,Invertivore,Afrotropical
Smithornis sharpei,Invertivore,Afrotropical
Calyptophilus frugivorus,Invertivore,Neotropical
Calyptophilus tertius,Invertivore,Neotropical
Campephaga flava,Invertivore,Afrotropical
Campephaga petiti,Invertivore,Afrotropical
Campephaga phoenicea,Invertivore,Afrotropical
Campephaga quiscalina,Invertivore,Afrotropical
Campochaera sloetii,Frugivore,Oceanian
Ceblepyris caesius,Invertivore,Afrotropical
Ceblepyris cinereus,Invertivore,Madagascan
Ceblepyris cucullatus,Invertivore,Madagascan
Ceblepyris graueri,Invertivore,Afrotropical
Ceblepyris pectoralis,Invertivore,Afrotropical
Celebesica abbotti,Invertivore,Oriental
Coracina atriceps,Invertivore,Oceanian
Coracina bicolor,Invertivore,Oriental
Coracina boyeri,Frugivore,Oceanian
Coracina caeruleogrisea,Invertivore,Oceanian
Coracina caledonica,Invertivore,Oceanian
Coracina dobsoni,Invertivore,Oriental
Coracina dobsoni,Invertivore,Oriental
Coracina dobsoni,Invertivore,Oriental
Coracina fortis,Invertivore,Oceanian
Coracina javensis,Invertivore,Oriental
Coracina larvata,Invertivore,Oriental
Coracina leucopygia,Invertivore,Oriental
Coracina lineata,Frugivore,Oceanian
Coracina longicauda,Invertivore,Oceanian
Coracina macei,Invertivore,Oriental
Coracina maxima,Invertivore,Australian
Coracina novaehollandiae,Invertivore,Australian
Coracina panayensis,Invertivore,Oceanian
Coracina panayensis,Invertivore,Oceanian
Coracina panayensis,Invertivore,Oceanian
Coracina papuensis,Invertivore,Australian
Coracina personata,Invertivore,Oceanian
Coracina schistacea,Omnivore,Oceanian
Coracina striata,Invertivore,Oriental
Coracina temminckii,Invertivore,Oriental
Coracina welchmani,Invertivore,Oceanian
Cyanograucalus azureus,Invertivore,Afrotropical
Edolisoma anale,Invertivore,Oceanian
Edolisoma ceramense,Invertivore,Oceanian
Edolisoma coerulescens,Invertivore,Oriental
Edolisoma dispar,Invertivore,Oceanian
Edolisoma dohertyi,Invertivore,Oceanian
Edolisoma grayi,Invertivore,Oceanian
Edolisoma holopolium,Invertivore,Oceanian
Edolisoma incertum,Invertivore,Oceanian
Edolisoma insperatum,Invertivore,Oceanian
Edolisoma melas,Invertivore,Oceanian
Edolisoma meyerii,Invertivore,Oceanian
Edolisoma mindanense,Invertivore,Oceanian
Edolisoma monacha,Invertivore,Oceanian
Edolisoma montanum,Frugivore,Oceanian
Edolisoma morio,Invertivore,Oriental
Edolisoma nesiotis,Invertivore,Oceanian
Edolisoma nesiotis,Invertivore,Oceanian
Edolisoma nesiotis,Invertivore,Oceanian
Edolisoma nesiotis,Invertivore,Oceanian
Edolisoma obiense,Invertivore,Oceanian
Edolisoma ostentum,Invertivore,Oceanian
Edolisoma ostentum,Invertivore,Oceanian
Edolisoma ostentum,Invertivore,Oceanian
Edolisoma ostentum,Invertivore,Oceanian
Edolisoma ostentum,Invertivore,Oceanian
Edolisoma ostentum,Invertivore,Oceanian
Edolisoma ostentum,Invertivore,Oceanian
Edolisoma ostentum,Invertivore,Oceanian
Edolisoma parvulum,Invertivore,Oceanian
Edolisoma pygmaeum,Invertivore,Oceanian
Edolisoma remotum,Invertivore,Oceanian
Edolisoma rostratum,Invertivore,Oceanian
Edolisoma salomonis,Invertivore,Oceanian
Edolisoma schisticeps,Frugivore,Oceanian
Edolisoma sula,Invertivore,Oceanian
Edolisoma sula,Invertivore,Oceanian
Edolisoma sula,Invertivore,Oceanian
Edolisoma tenuirostre,Invertivore,Australian
Lalage atrovirens,Frugivore,Oceanian
Lalage aurea,Invertivore,Oceanian
Lalage conjuncta,Invertivore,Oceanian
Lalage fimbriata,Invertivore,Oriental
Lalage fimbriata,Invertivore,Oriental
Lalage leucomela,Invertivore,Australian
Lalage leucoptera,Frugivore,Oceanian
Lalage leucopyga,Invertivore,Oceanian
Lalage leucopygialis,Invertivore,Oriental
Lalage maculosa,Invertivore,Australian
Lalage melanoleuca,Invertivore,Oriental
Lalage melanoptera,Invertivore,Oriental
Lalage melaschistos,Invertivore,Sino-Japanese
Lalage minor,Invertivore,Oriental
Lalage moesta,Frugivore,Oriental
Lalage newtoni,Invertivore,Oceanian
Lalage nigra,Invertivore,Oriental
Lalage polioptera,Invertivore,Oriental
Lalage sharpei,Invertivore,Oceanian
Lalage sharpei,Invertivore,Oceanian
Lalage sharpei,Invertivore,Oceanian
Lalage sharpei,Invertivore,Oceanian
Lalage sueurii,Invertivore,Oriental
Lalage tricolor,Invertivore,Australian
Lalage typica,Invertivore,Oceanian
Lobotos lobatus,Invertivore,Afrotropical
Lobotos oriolinus,Invertivore,Afrotropical
Malindangia mcgregori,Invertivore,Oriental
Pericrocotus albifrons,Invertivore,Oriental
Pericrocotus brevirostris,Invertivore,Oriental
Pericrocotus cantonensis,Invertivore,Sino-Japanese
Pericrocotus cinnamomeus,Invertivore,Oriental
Pericrocotus divaricatus,Invertivore,Palearctic
Pericrocotus erythropygius,Invertivore,Oriental
Pericrocotus ethologus,Invertivore,Sino-Japanese
Pericrocotus flammeus,Invertivore,Oriental
Pericrocotus igneus,Invertivore,Oriental
Pericrocotus lansbergei,Invertivore,Oceanian
Pericrocotus miniatus,Invertivore,Oriental
Pericrocotus montanus,Invertivore,Oriental
Pericrocotus roseus,Invertivore,Oriental
Pericrocotus solaris,Invertivore,Oriental
Pericrocotus tegimae,Invertivore,Sino-Japanese
Amaurospiza moesta,Granivore,Neotropical
Amaurospiza relicta,Granivore,Nearctic
Cardinalis cardinalis,Omnivore,Nearctic
Cardinalis phoeniceus,Omnivore,Neotropical
Cardinalis sinuatus,Omnivore,Nearctic
Caryothraustes canadensis,Omnivore,Neotropical
Caryothraustes celaeno,Omnivore,Nearctic
Caryothraustes erythromelas,Omnivore,Neotropical
Caryothraustes poliogaster,Frugivore,Neotropical
Cyanocompsa parellina,Frugivore,Neotropical
Cyanoloxia brissonii,Frugivore,Neotropical
Cyanoloxia cyanoides,Granivore,Neotropical
Cyanoloxia glaucocaerulea,Omnivore,Neotropical
Cyanoloxia rothschildii,Granivore,Neotropical
Granatellus francescae,Invertivore,Nearctic
Granatellus paraensis,Invertivore,Neotropical
Granatellus pelzelni,Invertivore,Neotropical
Granatellus sallaei,Invertivore,Neotropical
Granatellus venustus,Invertivore,Nearctic
Habia atrimaxillaris,Invertivore,Neotropical
Habia carmioli,Invertivore,Neotropical
Habia cristata,Invertivore,Neotropical
Habia frenata,Invertivore,Neotropical
Habia fuscicauda,Invertivore,Neotropical
Habia gutturalis,Invertivore,Neotropical
Habia olivacea,Invertivore,Neotropical
Habia rubica,Invertivore,Neotropical
Habia stolzmanni,Frugivore,Neotropical
Passerina amoena,Omnivore,Nearctic
Passerina caerulea,Invertivore,Nearctic
Passerina ciris,Granivore,Nearctic
Passerina cyanea,Granivore,Nearctic
Passerina leclancherii,Granivore,Nearctic
Passerina rositae,Granivore,Neotropical
Passerina versicolor,Omnivore,Nearctic
Pheucticus aureoventris,Omnivore,Neotropical
Pheucticus chrysogaster,Omnivore,Neotropical
Pheucticus chrysopeplus,Frugivore,Nearctic
Pheucticus ludovicianus,Omnivore,Nearctic
Pheucticus melanocephalus,Invertivore,Nearctic
Pheucticus tibialis,Omnivore,Neotropical
Piranga bidentata,Invertivore,Nearctic
Piranga erythrocephala,Omnivore,Nearctic
Piranga flava,Invertivore,Neotropical
Piranga hepatica,Invertivore,Neotropical
Piranga leucoptera,Frugivore,Neotropical
Piranga ludoviciana,Invertivore,Nearctic
Piranga olivacea,Invertivore,Nearctic
Piranga roseogularis,Invertivore,Neotropical
Piranga rubra,Invertivore,Nearctic
Piranga rubriceps,Invertivore,Neotropical
Spiza americana,Omnivore,Nearctic
Certhia americana,Invertivore,Nearctic
Certhia brachydactyla,Invertivore,Palearctic
Certhia discolor,Invertivore,Sino-Japanese
Certhia familiaris,Invertivore,Palearctic
Certhia himalayana,Invertivore,Sino-Japanese
Certhia hodgsoni,Invertivore,Sino-Japanese
Certhia manipurensis,Invertivore,Oriental
Certhia nipalensis,Invertivore,Sino-Japanese
Certhia tianquanensis,Invertivore,Sino-Japanese
Chaetops aurantius,Invertivore,Afrotropical
Chaetops frenatus,Invertivore,Afrotropical
Chloropsis aurifrons,Omnivore,Oriental
Chloropsis cochinchinensis,Omnivore,Oriental
Chloropsis cyanopogon,Omnivore,Oriental
Chloropsis flavipennis,Omnivore,Oriental
Chloropsis hardwickii,Omnivore,Oriental
Chloropsis jerdoni,Omnivore,Oriental
Chloropsis kinabaluensis,Omnivore,Oriental
Chloropsis lazulina,Omnivore,Oriental
Chloropsis media,Omnivore,Oriental
Chloropsis moluccensis,Omnivore,Oriental
Chloropsis palawanensis,Omnivore,Oriental
Chloropsis sonnerati,Omnivore,Oriental
Chloropsis venusta,Omnivore,Oriental
Cinclus cinclus,Aquatic predator,Palearctic
Cinclus leucocephalus,Aquatic predator,Neotropical
Cinclus mexicanus,Aquatic predator,Nearctic
Cinclus pallasii,Aquatic predator,Sino-Japanese
Cinclus schulzii,Aquatic predator,Neotropical
Cinclosoma ajax,Invertivore,Oceanian
Cinclosoma alisteri,Invertivore,Australian
Cinclosoma castaneothorax,Invertivore,Australian
Cinclosoma castanotum,Invertivore,Australian
Cinclosoma cinnamomeum,Invertivore,Australian
Cinclosoma marginatum,Invertivore,Australian
Cinclosoma punctatum,Invertivore,Australian
Ptilorrhoa caerulescens,Invertivore,Oceanian
Ptilorrhoa castanonota,Invertivore,Oceanian
Ptilorrhoa geislerorum,Invertivore,Oceanian
Ptilorrhoa leucosticta,Invertivore,Oceanian
Apalis alticola,Invertivore,Afrotropical
Apalis argentea,Invertivore,Afrotropical
Apalis bamendae,Invertivore,Afrotropical
Apalis binotata,Invertivore,Afrotropical
Apalis chapini,Invertivore,Afrotropical
Apalis chariessa,Invertivore,Afrotropical
Apalis chirindensis,Invertivore,Afrotropical
Apalis cinerea,Invertivore,Afrotropical
Apalis flavida,Invertivore,Afrotropical
Apalis flavigularis,Invertivore,Afrotropical
Apalis flavocincta,Invertivore,Afrotropical
Apalis fuscigularis,Invertivore,Afrotropical
Apalis goslingi,Invertivore,Afrotropical
Apalis jacksoni,Invertivore,Afrotropical
Apalis kaboboensis,Invertivore,Afrotropical
Apalis karamojae,Invertivore,Afrotropical
Apalis lynesi,Invertivore,Afrotropical
Apalis melanocephala,Invertivore,Afrotropical
Apalis nigriceps,Invertivore,Afrotropical
Apalis personata,Invertivore,Afrotropical
Apalis porphyrolaema,Invertivore,Afrotropical
Apalis ruddi,Invertivore,Afrotropical
Apalis rufogularis,Invertivore,Afrotropical
Apalis sharpii,Invertivore,Afrotropical
Apalis thoracica,Invertivore,Afrotropical
Artisornis metopias,Invertivore,Afrotropical
Artisornis moreaui,Invertivore,Afrotropical
Artisornis sousae,Invertivore,Afrotropical
Bathmocercus cerviniventris,Invertivore,Afrotropical
Bathmocercus rufus,Invertivore,Afrotropical
Calamonastes fasciolatus,Invertivore,Afrotropical
Calamonastes simplex,Invertivore,Afrotropical
Calamonastes stierlingi,Invertivore,Afrotropical
Calamonastes undosus,Invertivore,Afrotropical
Camaroptera brachyura,Invertivore,Afrotropical
Camaroptera chloronota,Invertivore,Afrotropical
Camaroptera harterti,Invertivore,Afrotropical
Camaroptera superciliaris,Invertivore,Afrotropical
Camaroptera toroensis,Invertivore,Afrotropical
Cisticola aberdare,Invertivore,Afrotropical
Cisticola aberrans,Invertivore,Afrotropical
Cisticola angusticauda,Invertivore,Afrotropical
Cisticola anonymus,Invertivore,Afrotropical
Cisticola aridulus,Invertivore,Afrotropical
Cisticola ayresii,Invertivore,Afrotropical
Cisticola bailunduensis,Invertivore,Afrotropical
Cisticola bodessa,Invertivore,Afrotropical
Cisticola brachypterus,Invertivore,Afrotropical
Cisticola brunnescens,Invertivore,Afrotropical
Cisticola bulliens,Invertivore,Afrotropical
Cisticola cantans,Invertivore,Afrotropical
Cisticola carruthersi,Invertivore,Afrotropical
Cisticola cherina,Invertivore,Madagascan
Cisticola chiniana,Invertivore,Afrotropical
Cisticola chubbi,Invertivore,Afrotropical
Cisticola cinereolus,Invertivore,Afrotropical
Cisticola cinnamomeus,Invertivore,Afrotropical
Cisticola dambo,Invertivore,Afrotropical
Cisticola erythrops,Invertivore,Afrotropical
Cisticola exilis,Invertivore,Oriental
Cisticola eximius,Invertivore,Afrotropical
Cisticola fulvicapilla,Invertivore,Afrotropical
Cisticola galactotes,Invertivore,Afrotropical
Cisticola guinea,Invertivore,Afrotropical
Cisticola haematocephalus,Invertivore,Madagascan
Cisticola haesitatus,Invertivore,Afrotropical
Cisticola hunteri,Invertivore,Afrotropical
Cisticola juncidis,Invertivore,Oriental
Cisticola lais,Invertivore,Afrotropical
Cisticola lateralis,Invertivore,Afrotropical
Cisticola luapula,Invertivore,Afrotropical
Cisticola lugubris,Invertivore,Afrotropical
Cisticola marginatus,Invertivore,Afrotropical
Cisticola melanurus,Invertivore,Afrotropical
Cisticola nana,Invertivore,Afrotropical
Cisticola natalensis,Invertivore,Afrotropical
Cisticola nigriloris,Invertivore,Afrotropical
Cisticola njombe,Invertivore,Afrotropical
Cisticola pipiens,Invertivore,Afrotropical
Cisticola restrictus,Invertivore,Afrotropical
Cisticola robustus,Invertivore,Afrotropical
Cisticola ruficeps,Invertivore,Afrotropical
Cisticola rufilatus,Invertivore,Afrotropical
Cisticola rufus,Invertivore,Afrotropical
Cisticola subruficapilla,Invertivore,Afrotropical
Cisticola textrix,Invertivore,Afrotropical
Cisticola tinniens,Invertivore,Afrotropical
Cisticola troglodytes,Invertivore,Afrotropical
Cisticola woosnami,Invertivore,Afrotropical
Drymocichla incana,Invertivore,Afrotropical
Eminia lepida,Invertivore,Afrotropical
Eremomela atricollis,Invertivore,Afrotropical
Eremomela badiceps,Invertivore,Afrotropical
Eremomela canescens,Invertivore,Afrotropical
Eremomela flavicrissalis,Invertivore,Afrotropical
Eremomela gregalis,Invertivore,Afrotropical
Eremomela icteropygialis,Invertivore,Afrotropical
Eremomela pusilla,Invertivore,Afrotropical
Eremomela scotops,Invertivore,Afrotropical
Eremomela turneri,Invertivore,Afrotropical
Eremomela usticollis,Invertivore,Afrotropical
Euryptila subcinnamomea,Invertivore,Afrotropical
Hypergerus atriceps,Invertivore,Afrotropical
Incana incana,Invertivore,Afrotropical
Malcorus pectoralis,Invertivore,Afrotropical
Micromacronus leytensis,Invertivore,Oriental
Micromacronus sordidus,Invertivore,Oriental
Neomixis pallidior,Invertivore,Madagascan
Neomixis striatigula,Invertivore,Madagascan
Neomixis tenella,Invertivore,Madagascan
Neomixis viridis,Invertivore,Madagascan
Oreolais pulcher,Invertivore,Afrotropical
Oreolais ruwenzorii,Invertivore,Afrotropical
Oreophilais robertsi,Invertivore,Afrotropical
Orthotomus atrogularis,Invertivore,Oriental
Orthotomus castaneiceps,Invertivore,Oriental
Orthotomus chaktomuk,Invertivore,Oriental
Orthotomus chloronotus,Invertivore,Oriental
Orthotomus cinereiceps,Invertivore,Oriental
Orthotomus derbianus,Invertivore,Oriental
Orthotomus frontalis,Invertivore,Oriental
Orthotomus nigriceps,Invertivore,Oriental
Orthotomus ruficeps,Invertivore,Oriental
Orthotomus samarensis,Invertivore,Oriental
Orthotomus sepium,Invertivore,Oriental
Orthotomus sericeus,Invertivore,Oriental
Orthotomus sutorius,Invertivore,Oriental
Phragmacia substriata,Invertivore,Afrotropical
Phyllolais pulchella,Invertivore,Afrotropical
Poliolais lopezi,Invertivore,Afrotropical
Prinia atrogularis,Invertivore,Oriental
Prinia bairdii,Invertivore,Afrotropical
Prinia buchanani,Invertivore,Oriental
Prinia cinereocapilla,Invertivore,Oriental
Prinia crinigera,Invertivore,Sino-Japanese
Prinia erythroptera,Invertivore,Afrotropical
Prinia familiaris,Invertivore,Oriental
Prinia flavicans,Invertivore,Afrotropical
Prinia flaviventris,Invertivore,Oriental
Prinia fluviatilis,Invertivore,Afrotropical
Prinia gracilis,Invertivore,Saharo-Arabian
Prinia hodgsonii,Invertivore,Oriental
Prinia hypoxantha,Invertivore,Afrotropical
Prinia inornata,Invertivore,Oriental
Prinia khasiana,Invertivore,Oriental
Prinia maculosa,Invertivore,Afrotropical
Prinia molleri,Invertivore,Afrotropical
Prinia polychroa,Invertivore,Oriental
Prinia rufescens,Invertivore,Oriental
Prinia rufifrons,Invertivore,Afrotropical
Prinia socialis,Invertivore,Oriental
Prinia somalica,Invertivore,Afrotropical
Prinia sonitans,Invertivore,Sino-Japanese
Prinia subflava,Invertivore,Afrotropical
Prinia superciliaris,Invertivore,Oriental
Prinia sylvatica,Invertivore,Oriental
Scepomycter winifredae,Invertivore,Afrotropical
Schistolais leontica,Invertivore,Afrotropical
Schistolais leucopogon,Invertivore,Afrotropical
Spiloptila clamans,Invertivore,Afrotropical
Urolais epichlorus,Invertivore,Afrotropical
Climacteris affinis,Invertivore,Australian
Climacteris erythrops,Invertivore,Australian
Climacteris melanurus,Invertivore,Australian
Climacteris picumnus,Invertivore,Australian
Climacteris rufus,Invertivore,Australian
Cormobates leucophaea,Invertivore,Australian
Cormobates placens,Invertivore,Oceanian
Cnemophilus loriae,Frugivore,Oceanian
Cnemophilus macgregorii,Frugivore,Oceanian
Cnemophilus sanguineus,Frugivore,Oceanian
Loboparadisea sericea,Frugivore,Oceanian
Conopophaga ardesiaca,Invertivore,Neotropical
Conopophaga aurita,Invertivore,Neotropical
Conopophaga castaneiceps,Invertivore,Neotropical
Conopophaga cearae,Invertivore,Neotropical
Conopophaga lineata,Invertivore,Neotropical
Conopophaga melanogaster,Invertivore,Neotropical
Conopophaga melanops,Invertivore,Neotropical
Conopophaga peruviana,Invertivore,Neotropical
Conopophaga roberti,Invertivore,Neotropical
Conopophaga snethlageae,Invertivore,Neotropical
Pittasoma michleri,Invertivore,Neotropical
Pittasoma rufopileatum,Invertivore,Neotropical
Corcorax melanorhamphos,Omnivore,Australian
Struthidea cinerea,Omnivore,Australian
Aphelocoma californica,Omnivore,Nearctic
Aphelocoma coerulescens,Omnivore,Nearctic
Aphelocoma ultramarina,Omnivore,Nearctic
Aphelocoma unicolor,Omnivore,Neotropical
Aphelocoma wollweberi,Omnivore,Nearctic
Cissa chinensis,Omnivore,Oriental
Cissa hypoleuca,Omnivore,Sino-Japanese
Cissa jefferyi,Invertivore,Oriental
Cissa thalassina,Invertivore,Oriental
Corvus albicollis,Omnivore,Afrotropical
Corvus albus,Omnivore,Afrotropical
Corvus bennetti,Omnivore,Australian
Corvus brachyrhynchos,Omnivore,Nearctic
Corvus capensis,Omnivore,Afrotropical
Corvus caurinus,Omnivore,Nearctic
Corvus corax,Omnivore,Saharo-Arabian
Corvus corone,Omnivore,Palearctic
Corvus coronoides,Omnivore,Australian
Corvus crassirostris,Omnivore,Afrotropical
Corvus cryptoleucus,Omnivore,Nearctic
Corvus dauuricus,Omnivore,Palearctic
Corvus edithae,Omnivore,Afrotropical
Corvus enca,Omnivore,Oriental
Corvus florensis,Omnivore,Oriental
Corvus frugilegus,Omnivore,Palearctic
Corvus fuscicapillus,Frugivore,Oceanian
Corvus hawaiiensis,Omnivore,NA
Corvus imparatus,Omnivore,Nearctic
Corvus insularis,Omnivore,Oceanian
Corvus jamaicensis,Omnivore,Neotropical
Corvus kubaryi,Omnivore,Oceanian
Corvus leucognaphalus,Omnivore,Neotropical
Corvus macrorhynchos,Omnivore,Sino-Japanese
Corvus meeki,Omnivore,Oceanian
Corvus mellori,Omnivore,Australian
Corvus monedula,Omnivore,Palearctic
Corvus moneduloides,Omnivore,Oceanian
Corvus nasicus,Omnivore,Neotropical
Corvus orru,Omnivore,Australian
Corvus ossifragus,Omnivore,Nearctic
Corvus palmarum,Omnivore,Neotropical
Corvus pectoralis,Omnivore,Sino-Japanese
Corvus rhipidurus,Omnivore,Afrotropical
Corvus ruficollis,Omnivore,Saharo-Arabian
Corvus sinaloae,Omnivore,Nearctic
Corvus splendens,Omnivore,Oriental
Corvus tasmanicus,Omnivore,Australian
Corvus tristis,Frugivore,Oceanian
Corvus typicus,Invertivore,Oceanian
Corvus unicolor,Omnivore,Oriental
Corvus validus,Frugivore,Oceanian
Corvus violaceus,Omnivore,Oceanian
Corvus woodfordi,Omnivore,Oceanian
Crypsirina cucullata,Invertivore,Oriental
Crypsirina temia,Omnivore,Oriental
Cyanocitta cristata,Omnivore,Nearctic
Cyanocitta stelleri,Omnivore,Nearctic
Cyanocorax affinis,Frugivore,Neotropical
Cyanocorax beecheii,Omnivore,Nearctic
Cyanocorax cayanus,Omnivore,Neotropical
Cyanocorax chrysops,Invertivore,Neotropical
Cyanocorax coeruleus,Omnivore,Neotropical
Cyanocorax colliei,Omnivore,Nearctic
Cyanocorax cristatellus,Omnivore,Neotropical
Cyanocorax cyanomelas,Omnivore,Neotropical
Cyanocorax cyanopogon,Omnivore,Neotropical
Cyanocorax dickeyi,Omnivore,Nearctic
Cyanocorax formosus,Omnivore,Neotropical
Cyanocorax hafferi,Omnivore,Neotropical
Cyanocorax heilprini,Omnivore,Neotropical
Cyanocorax melanocyaneus,Invertivore,Neotropical
Cyanocorax morio,Omnivore,Neotropical
Cyanocorax mystacalis,Omnivore,Neotropical
Cyanocorax sanblasianus,Omnivore,Nearctic
Cyanocorax violaceus,Omnivore,Neotropical
Cyanocorax yncas,Omnivore,Neotropical
Cyanocorax yucatanicus,Omnivore,Neotropical
Cyanolyca argentigula,Omnivore,Neotropical
Cyanolyca armillata,Invertivore,Neotropical
Cyanolyca cucullata,Omnivore,Neotropical
Cyanolyca mirabilis,Invertivore,Neotropical
Cyanolyca nanus,Invertivore,Neotropical
Cyanolyca pulchra,Invertivore,Neotropical
Cyanolyca pumilo,Invertivore,Neotropical
Cyanolyca quindiuna,Invertivore,Neotropical
Cyanolyca turcosa,Invertivore,Neotropical
Cyanolyca viridicyanus,Invertivore,Neotropical
Cyanopica cooki,Omnivore,Palearctic
Cyanopica cyanus,Omnivore,Palearctic
Dendrocitta bayleii,Omnivore,Oriental
Dendrocitta bayleii,Omnivore,Oriental
Dendrocitta cinerascens,Omnivore,Oriental
Dendrocitta formosae,Omnivore,Oriental
Dendrocitta frontalis,Omnivore,Sino-Japanese
Dendrocitta leucogastra,Omnivore,Oriental
Dendrocitta occipitalis,Omnivore,Oriental
Dendrocitta vagabunda,Omnivore,Oriental
Garrulus bispecularis,Omnivore,Sino-Japanese
Garrulus glandarius,Omnivore,Palearctic
Garrulus lanceolatus,Omnivore,Oriental
Garrulus leucotis,Omnivore,Oriental
Garrulus lidthi,Omnivore,Oriental
Gymnorhinus cyanocephalus,Omnivore,Nearctic
Nucifraga caryocatactes,Granivore,Palearctic
Nucifraga columbiana,Omnivore,Nearctic
Nucifraga hemispila,Granivore,Sino-Japanese
Nucifraga multipunctata,Granivore,Saharo-Arabian
Perisoreus canadensis,Omnivore,Nearctic
Perisoreus infaustus,Omnivore,Palearctic
Perisoreus internigrans,Omnivore,Sino-Japanese
Pica asirensis,Omnivore,Saharo-Arabian
Pica hudsonia,Omnivore,Nearctic
Pica mauritanica,Omnivore,Saharo-Arabian
Pica nutalli,Omnivore,Nearctic
Pica pica,Omnivore,Palearctic
Platysmurus aterrimus,Omnivore,Oriental
Platysmurus leucopterus,Omnivore,Oriental
Podoces biddulphi,Omnivore,Palearctic
Podoces hendersoni,Omnivore,Palearctic
Podoces panderi,Omnivore,Palearctic
Podoces pleskei,Omnivore,Saharo-Arabian
Ptilostomus afer,Omnivore,Afrotropical
Pyrrhocorax graculus,Invertivore,Palearctic
Pyrrhocorax pyrrhocorax,Invertivore,Palearctic
Temnurus temnurus,Invertivore,Oriental
Urocissa caerulea,Omnivore,Oriental
Urocissa erythroryncha,Omnivore,Sino-Japanese
Urocissa flavirostris,Omnivore,Sino-Japanese
Urocissa ornata,Omnivore,Oriental
Urocissa whiteheadi,Omnivore,Oriental
Urocissa xanthomelana,Omnivore,Oriental
Zavattariornis stresemanni,Invertivore,Afrotropical
Ampelioides tschudii,Frugivore,Neotropical
Ampelion rubrocristatus,Frugivore,Neotropical
Ampelion rufaxilla,Frugivore,Neotropical
Carpodectes antoniae,Frugivore,Neotropical
Carpodectes hopkei,Frugivore,Neotropical
Carpodectes nitidus,Frugivore,Neotropical
Carpornis cucullata,Frugivore,Neotropical
Carpornis melanocephala,Frugivore,Neotropical
Cephalopterus glabricollis,Frugivore,Neotropical
Cephalopterus ornatus,Omnivore,Neotropical
Cephalopterus penduliger,Frugivore,Neotropical
Conioptilon mcilhennyi,Frugivore,Neotropical
Cotinga amabilis,Frugivore,Neotropical
Cotinga cayana,Frugivore,Neotropical
Cotinga cotinga,Frugivore,Neotropical
Cotinga maculata,Frugivore,Neotropical
Cotinga maynana,Frugivore,Neotropical
Cotinga nattererii,Frugivore,Neotropical
Cotinga ridgwayi,Frugivore,Neotropical
Doliornis remseni,Frugivore,Neotropical
Doliornis sclateri,Frugivore,Neotropical
Gymnoderus foetidus,Frugivore,Neotropical
Haematoderus militaris,Invertivore,Neotropical
Lipaugus ater,Frugivore,Neotropical
Lipaugus conditus,Frugivore,Neotropical
Lipaugus fuscocinereus,Frugivore,Neotropical
Lipaugus lanioides,Frugivore,Neotropical
Lipaugus streptophorus,Frugivore,Neotropical
Lipaugus unirufus,Frugivore,Neotropical
Lipaugus uropygialis,Frugivore,Neotropical
Lipaugus vociferans,Frugivore,Neotropical
Lipaugus weberi,Frugivore,Neotropical
Perissocephalus tricolor,Frugivore,Neotropical
Phibalura boliviana,Frugivore,Neotropical
Phibalura flavirostris,Frugivore,Neotropical
Phoenicircus carnifex,Frugivore,Neotropical
Phoenicircus nigricollis,Frugivore,Neotropical
Phytotoma raimondii,Herbivore terrestrial,Neotropical
Phytotoma rara,Herbivore terrestrial,Neotropical
Phytotoma rutila,Herbivore terrestrial,Neotropical
Pipreola arcuata,Frugivore,Neotropical
Pipreola aureopectus,Frugivore,Neotropical
Pipreola chlorolepidota,Frugivore,Neotropical
Pipreola formosa,Frugivore,Neotropical
Pipreola frontalis,Frugivore,Neotropical
Pipreola intermedia,Frugivore,Neotropical
Pipreola jucunda,Frugivore,Neotropical
Pipreola lubomirskii,Frugivore,Neotropical
Pipreola pulchra,Frugivore,Neotropical
Pipreola riefferii,Frugivore,Neotropical
Pipreola squamipectus,Frugivore,Neotropical
Pipreola whitelyi,Frugivore,Neotropical
Porphyrolaema porphyrolaema,Frugivore,Neotropical
Procnias albus,Frugivore,Neotropical
Procnias averano,Frugivore,Neotropical
Procnias nudicollis,Frugivore,Neotropical
Procnias tricarunculatus,Frugivore,Neotropical
Pyroderus scutatus,Frugivore,Neotropical
Querula purpurata,Frugivore,Neotropical
Rupicola peruvianus,Frugivore,Neotropical
Rupicola rupicola,Frugivore,Neotropical
Snowornis cryptolophus,Omnivore,Neotropical
Snowornis subalaris,Omnivore,Neotropical
Xipholena atropurpurea,Frugivore,Neotropical
Xipholena lamellipennis,Frugivore,Neotropical
Xipholena punicea,Frugivore,Neotropical
Zaratornis stresemanni,Frugivore,Neotropical
Dasyornis brachypterus,Omnivore,Australian
Dasyornis broadbenti,Invertivore,Australian
Dasyornis longirostris,Invertivore,Australian
Dicaeum aeneum,Omnivore,Oceanian
Dicaeum agile,Frugivore,Oriental
Dicaeum annae,Frugivore,Oceanian
Dicaeum annae,Frugivore,Oceanian
Dicaeum annae,Frugivore,Oceanian
Dicaeum anthonyi,Omnivore,Oriental
Dicaeum aureolimbatum,Omnivore,Oriental
Dicaeum australe,Omnivore,Oriental
Dicaeum beccarii,Omnivore,Oriental
Dicaeum bicolor,Omnivore,Oceanian
Dicaeum cambodianum,Omnivore,Oriental
Dicaeum celebicum,Omnivore,Oriental
Dicaeum chrysorrheum,Frugivore,Oriental
Dicaeum concolor,Omnivore,Oriental
Dicaeum cruentatum,Omnivore,Oriental
Dicaeum dayakorum,Omnivore,NA
Dicaeum erythrorhynchos,Frugivore,Oriental
Dicaeum erythrothorax,Frugivore,Oceanian
Dicaeum everetti,Omnivore,Oriental
Dicaeum eximium,Frugivore,Oceanian
Dicaeum geelvinkianum,Frugivore,Oceanian
Dicaeum haematostictum,Omnivore,Oceanian
Dicaeum haematostictum,Omnivore,Oceanian
Dicaeum haematostictum,Omnivore,Oceanian
Dicaeum haematostictum,Omnivore,Oceanian
Dicaeum haematostictum,Omnivore,Oceanian
Dicaeum haematostictum,Omnivore,Oceanian
Dicaeum haematostictum,Omnivore,Oceanian
Dicaeum haematostictum,Omnivore,Oceanian
Dicaeum hanieli,Omnivore,Oriental
Dicaeum hirundinaceum,Invertivore,Australian
Dicaeum hypoleucum,Frugivore,Oriental
Dicaeum ignicolle,Invertivore,Oceanian
Dicaeum igniferum,Frugivore,Oriental
Dicaeum ignipectus,Omnivore,Oriental
Dicaeum kampalili,Omnivore,Oriental
Dicaeum keiense,Invertivore,Oriental
Dicaeum luzoniense,Omnivore,Oceanian
Dicaeum maugei,Frugivore,Oceanian
Dicaeum melanozanthum,Invertivore,Oriental
Dicaeum minullum,Omnivore,Oriental
Dicaeum monticolum,Omnivore,Oriental
Dicaeum nehrkorni,Frugivore,Oriental
Dicaeum nigrilore,Omnivore,Oriental
Dicaeum nitidum,Frugivore,Oceanian
Dicaeum pectorale,Frugivore,Oceanian
Dicaeum proprium,Frugivore,Oriental
Dicaeum pygmaeum,Frugivore,Sino-Japanese
Dicaeum quadricolor,Frugivore,Oriental
Dicaeum retrocinctum,Frugivore,Oriental
Dicaeum sanguinolentum,Omnivore,Oriental
Dicaeum schistaceiceps,Frugivore,Oceanian
Dicaeum trigonostigma,Omnivore,Oriental
Dicaeum tristrami,Invertivore,Oceanian
Dicaeum trochileum,Omnivore,Oriental
Dicaeum vincens,Frugivore,Oriental
Dicaeum vulneratum,Nectarivore,Oceanian
Dicaeum wilhelminae,Omnivore,Oriental
Prionochilus maculatus,Frugivore,Oriental
Prionochilus olivaceus,Frugivore,Oriental
Prionochilus percussus,Frugivore,Oriental
Prionochilus plateni,Frugivore,Oriental
Prionochilus thoracicus,Invertivore,Oriental
Prionochilus xanthopygius,Omnivore,Oriental
Dicrurus adsimilis,Invertivore,Afrotropical
Dicrurus aeneus,Invertivore,Oriental
Dicrurus aldabranus,Invertivore,Madagascan
Dicrurus aldabranus,Invertivore,Madagascan
Dicrurus andamanensis,Invertivore,Oriental
Dicrurus annectens,Invertivore,Oriental
Dicrurus atripennis,Invertivore,Afrotropical
Dicrurus balicassius,Invertivore,Sino-Japanese
Dicrurus bracteatus,Invertivore,Australian
Dicrurus caerulescens,Invertivore,Oriental
Dicrurus densus,Invertivore,Oceanian
Dicrurus forficatus,Invertivore,Madagascan
Dicrurus fuscipennis,Invertivore,Madagascan
Dicrurus hottentottus,Invertivore,Oriental
Dicrurus leucophaeus,Invertivore,Sino-Japanese
Dicrurus lophorinus,Invertivore,Oriental
Dicrurus ludwigii,Invertivore,Afrotropical
Dicrurus macrocercus,Invertivore,Oriental
Dicrurus megarhynchus,Invertivore,Oceanian
Dicrurus menagei,Invertivore,Oriental
Dicrurus modestus,Invertivore,Afrotropical
Dicrurus montanus,Invertivore,Oriental
Dicrurus paradiseus,Invertivore,Oriental
Dicrurus remifer,Invertivore,Oriental
Dicrurus striatus,Invertivore,Oriental
Dicrurus sumatranus,Invertivore,Oriental
Dicrurus waldenii,Invertivore,Madagascan
Donacobius atricapilla,Invertivore,Neotropical
Dulus dominicus,Frugivore,Neotropical
Elachura formosa,Invertivore,Oriental
Emberiza affinis,Invertivore,Afrotropical
Emberiza aureola,Omnivore,Palearctic
Emberiza bruniceps,Omnivore,Palearctic
Emberiza buchanani,Granivore,Palearctic
Emberiza cabanisi,Invertivore,Afrotropical
Emberiza caesia,Granivore,Palearctic
Emberiza calandra,Omnivore,Palearctic
Emberiza capensis,Granivore,Afrotropical
Emberiza chrysophrys,Omnivore,Palearctic
Emberiza cia,Omnivore,Palearctic
Emberiza cineracea,Omnivore,Saharo-Arabian
Emberiza cioides,Granivore,Palearctic
Emberiza cirlus,Granivore,Saharo-Arabian
Emberiza citrinella,Granivore,Palearctic
Emberiza elegans,Omnivore,Sino-Japanese
Emberiza flaviventris,Omnivore,Afrotropical
Emberiza fucata,Granivore,Palearctic
Emberiza godlewskii,Granivore,Palearctic
Emberiza goslingi,Granivore,Afrotropical
Emberiza hortulana,Omnivore,Palearctic
Emberiza impetuani,Granivore,Afrotropical
Emberiza jankowskii,Granivore,Palearctic
Emberiza koslowi,Granivore,Sino-Japanese
Emberiza lathami,Granivore,Oriental
Emberiza leucocephalos,Omnivore,Palearctic
Emberiza melanocephala,Omnivore,Palearctic
Emberiza pallasi,Omnivore,Palearctic
Emberiza personata,Invertivore,Sino-Japanese
Emberiza poliopleura,Granivore,Afrotropical
Emberiza pusilla,Granivore,Palearctic
Emberiza rustica,Granivore,Palearctic
Emberiza rutila,Invertivore,Palearctic
Emberiza sahari,Granivore,Saharo-Arabian
Emberiza schoeniclus,Omnivore,Palearctic
Emberiza siemsseni,Invertivore,Sino-Japanese
Emberiza socotrana,Granivore,Afrotropical
Emberiza spodocephala,Invertivore,Palearctic
Emberiza stewarti,Granivore,Palearctic
Emberiza striolata,Granivore,Saharo-Arabian
Emberiza sulphurata,Omnivore,Sino-Japanese
Emberiza tahapisi,Granivore,Afrotropical
Emberiza tristrami,Granivore,Palearctic
Emberiza variabilis,Omnivore,Palearctic
Emberiza yessoensis,Granivore,Palearctic
Amadina erythrocephala,Granivore,Afrotropical
Amadina fasciata,Granivore,Afrotropical
Amandava amandava,Granivore,Oriental
Amandava formosa,Granivore,Oriental
Amandava subflava,Granivore,Afrotropical
Chloebia gouldiae,Granivore,Australian
Clytospiza monteiri,Omnivore,Afrotropical
Coccopygia bocagei,Granivore,Afrotropical
Coccopygia melanotis,Granivore,Afrotropical
Coccopygia quartinia,Granivore,Afrotropical
Cryptospiza jacksoni,Granivore,Afrotropical
Cryptospiza reichenovii,Granivore,Afrotropical
Cryptospiza salvadorii,Granivore,Afrotropical
Cryptospiza shelleyi,Granivore,Afrotropical
Emblema pictum,Granivore,Australian
Erythrura coloria,Granivore,Oriental
Erythrura cyaneovirens,Frugivore,Oriental
Erythrura hyperythra,Granivore,Oceanian
Erythrura kleinschmidti,Invertivore,Oceanian
Erythrura papuana,Omnivore,Oceanian
Erythrura pealii,Frugivore,Oceanian
Erythrura prasina,Granivore,Oriental
Erythrura psittacea,Omnivore,Oceanian
Erythrura trichroa,Granivore,Oceanian
Erythrura tricolor,Granivore,Oriental
Erythrura viridifacies,Granivore,Oriental
Estrilda astrild,Granivore,Afrotropical
Estrilda atricapilla,Granivore,Afrotropical
Estrilda charmosyna,Granivore,Afrotropical
Estrilda coerulescens,Granivore,Afrotropical
Estrilda erythronotos,Granivore,Afrotropical
Estrilda kandti,Granivore,Afrotropical
Estrilda melpoda,Granivore,Afrotropical
Estrilda nigriloris,Granivore,Afrotropical
Estrilda nonnula,Granivore,Afrotropical
Estrilda paludicola,Granivore,Afrotropical
Estrilda perreini,Granivore,Afrotropical
Estrilda poliopareia,Granivore,Afrotropical
Estrilda rhodopyga,Granivore,Afrotropical
Estrilda rufibarba,Granivore,Saharo-Arabian
Estrilda thomensis,Granivore,Afrotropical
Estrilda troglodytes,Granivore,Afrotropical
Euodice cantans,Granivore,Afrotropical
Euodice malabarica,Granivore,Oriental
Euschistospiza cinereovinacea,Granivore,Afrotropical
Euschistospiza dybowskii,Granivore,Afrotropical
Granatina granatina,Omnivore,Afrotropical
Granatina ianthinogaster,Granivore,Afrotropical
Heteromunia pectoralis,Granivore,Australian
Hypargos margaritatus,Granivore,Afrotropical
Hypargos niveoguttatus,Granivore,Afrotropical
Lagonosticta larvata,Granivore,Afrotropical
Lagonosticta nigricollis,Granivore,Afrotropical
Lagonosticta nitidula,Granivore,Afrotropical
Lagonosticta rara,Granivore,Afrotropical
Lagonosticta rhodopareia,Granivore,Afrotropical
Lagonosticta rubricata,Granivore,Afrotropical
Lagonosticta rufopicta,Granivore,Afrotropical
Lagonosticta sanguinodorsalis,Granivore,Afrotropical
Lagonosticta senegala,Granivore,Afrotropical
Lagonosticta umbrinodorsalis,Granivore,Afrotropical
Lagonosticta vinacea,Granivore,Afrotropical
Lagonosticta virata,Granivore,Afrotropical
Lepidopygia nana,Granivore,Madagascan
Lonchura atricapilla,Granivore,Oriental
Lonchura caniceps,Granivore,Oceanian
Lonchura castaneothorax,Granivore,Australian
Lonchura ferruginosa,Granivore,Oriental
Lonchura flaviprymna,Granivore,Australian
Lonchura forbesi,Granivore,Oceanian
Lonchura fuscans,Granivore,Oriental
Lonchura fuscata,Granivore,Oriental
Lonchura grandis,Granivore,Oceanian
Lonchura hunsteini,Granivore,Oceanian
Lonchura kelaarti,Granivore,Oriental
Lonchura leucogastra,Granivore,Oriental
Lonchura leucogastroides,Granivore,Oriental
Lonchura leucosticta,Granivore,Oceanian
Lonchura maja,Granivore,Oriental
Lonchura malacca,Granivore,Oriental
Lonchura melaena,Granivore,Oceanian
Lonchura molucca,Granivore,Oceanian
Lonchura montana,Granivore,Oceanian
Lonchura monticola,Granivore,Oceanian
Lonchura nevermanni,Granivore,Oceanian
Lonchura oryzivora,Granivore,Oriental
Lonchura pallida,Granivore,Oceanian
Lonchura punctulata,Granivore,Oriental
Lonchura quinticolor,Granivore,Oceanian
Lonchura spectabilis,Granivore,Oceanian
Lonchura striata,Granivore,Oriental
Lonchura stygia,Granivore,Oceanian
Lonchura teerinki,Granivore,Oceanian
Lonchura tristissima,Granivore,Oceanian
Lonchura vana,Granivore,Oceanian
Mandingoa nitidula,Granivore,Afrotropical
Neochmia evangelinae,Granivore,Oceanian
Neochmia modesta,Granivore,Australian
Neochmia phaeton,Granivore,Australian
Neochmia ruficauda,Granivore,Australian
Neochmia temporalis,Granivore,Australian
Nesocharis ansorgei,Granivore,Afrotropical
Nesocharis capistrata,Granivore,Afrotropical
Nesocharis shelleyi,Omnivore,Afrotropical
Nigrita bicolor,Omnivore,Afrotropical
Nigrita canicapillus,Invertivore,Afrotropical
Nigrita fusconotus,Invertivore,Afrotropical
Nigrita luteifrons,Invertivore,Afrotropical
Odontospiza griseicapilla,Granivore,Afrotropical
Oreostruthus fuliginosus,Granivore,Oceanian
Ortygospiza atricollis,Granivore,Afrotropical
Paludipasser locustella,Granivore,Afrotropical
Parmoptila jamesoni,Invertivore,Afrotropical
Parmoptila rubrifrons,Invertivore,Afrotropical
Parmoptila woodhousei,Invertivore,Afrotropical
Poephila acuticauda,Granivore,Australian
Poephila cincta,Granivore,Australian
Poephila personata,Granivore,Australian
Pyrenestes minor,Granivore,Afrotropical
Pyrenestes ostrinus,Granivore,Afrotropical
Pyrenestes sanguineus,Granivore,Afrotropical
Pytilia afra,Granivore,Afrotropical
Pytilia hypogrammica,Granivore,Afrotropical
Pytilia lineata,Omnivore,Afrotropical
Pytilia melba,Granivore,Afrotropical
Pytilia phoenicoptera,Granivore,Afrotropical
Spermestes bicolor,Granivore,Afrotropical
Spermestes cucullata,Granivore,Afrotropical
Spermestes fringilloides,Granivore,Afrotropical
Spermophaga haematina,Omnivore,Afrotropical
Spermophaga poliogenys,Granivore,Afrotropical
Spermophaga ruficapilla,Granivore,Afrotropical
Stagonopleura bella,Granivore,Australian
Stagonopleura guttata,Granivore,Australian
Stagonopleura oculata,Granivore,Australian
Taeniopygia bichenovii,Granivore,Australian
Taeniopygia castanotis,Granivore,Australian
Taeniopygia guttata,Granivore,Oceanian
Uraeginthus angolensis,Granivore,Afrotropical
Uraeginthus bengalus,Granivore,Afrotropical
Uraeginthus cyanocephalus,Granivore,Afrotropical
Eulacestoma nigropectus,Invertivore,Oceanian
Eupetes macrocerus,Invertivore,Oriental
Corydon sumatranus,Invertivore,Oriental
Cymbirhynchus affinis,Invertivore,Oriental
Cymbirhynchus macrorhynchos,Invertivore,Oriental
Eurylaimus harterti,Invertivore,Oriental
Eurylaimus javanicus,Invertivore,Oriental
Eurylaimus ochromalus,Invertivore,Oriental
Psarisomus dalhousiae,Invertivore,Oriental
Pseudocalyptomena graueri,Omnivore,Afrotropical
Sarcophanops samarensis,Invertivore,Oriental
Sarcophanops steerii,Invertivore,Oriental
Serilophus lunatus,Invertivore,Oriental
Serilophus rubropygius,Invertivore,Oriental
Falcunculus frontatus,Invertivore,Australian
Falcunculus leucogaster,Invertivore,Australian
Falcunculus whitei,Invertivore,Australian
Chamaeza campanisona,Invertivore,Neotropical
Chamaeza meruloides,Invertivore,Neotropical
Chamaeza mollissima,Invertivore,Neotropical
Chamaeza nobilis,Invertivore,Neotropical
Chamaeza ruficauda,Invertivore,Neotropical
Chamaeza turdina,Invertivore,Neotropical
Formicarius analis,Invertivore,Neotropical
Formicarius colma,Invertivore,Neotropical
Formicarius moniliger,Invertivore,Neotropical
Formicarius nigricapillus,Invertivore,Neotropical
Formicarius rufifrons,Invertivore,Neotropical
Formicarius rufipectus,Invertivore,Neotropical
Acanthis flammea,Granivore,Saharo-Arabian
Agraphospiza rubescens,Granivore,Sino-Japanese
Bucanetes githagineus,Granivore,Saharo-Arabian
Bucanetes mongolicus,Granivore,Palearctic
Callacanthis burtoni,Granivore,Sino-Japanese
Carduelis caniceps,Granivore,Palearctic
Carduelis carduelis,Granivore,Palearctic
Carduelis citrinella,Granivore,Palearctic
Carduelis corsicana,Granivore,Palearctic
Carpodacus dubius,Omnivore,Sino-Japanese
Carpodacus edwardsii,Granivore,Sino-Japanese
Carpodacus erythrinus,Granivore,Palearctic
Carpodacus formosanus,Granivore,Oriental
Carpodacus pulcherrimus,Granivore,Palearctic
Carpodacus puniceus,Omnivore,Sino-Japanese
Carpodacus rhodochlamys,Omnivore,Palearctic
Carpodacus roborowskii,Granivore,Sino-Japanese
Carpodacus rodochroa,Granivore,Sino-Japanese
Carpodacus rodopeplus,Granivore,Oriental
Carpodacus roseus,Granivore,Palearctic
Carpodacus rubicilla,Omnivore,Sino-Japanese
Carpodacus rubicilloides,Granivore,Sino-Japanese
Carpodacus sibiricus,Omnivore,Palearctic
Carpodacus sillemi,Granivore,Sino-Japanese
Carpodacus sipahi,Omnivore,Oriental
Carpodacus stoliczkae,Omnivore,Palearctic
Carpodacus subhimachalus,Omnivore,Sino-Japanese
Carpodacus synoicus,Omnivore,Saharo-Arabian
Carpodacus thura,Omnivore,Sino-Japanese
Carpodacus trifasciatus,Granivore,Sino-Japanese
Carpodacus verreauxii,Granivore,Sino-Japanese
Carpodacus vinaceus,Granivore,Sino-Japanese
Carpodacus waltoni,Granivore,Sino-Japanese
Chloris ambigua,Granivore,Oriental
Chloris chloris,Granivore,Palearctic
Chloris monguilloti,Granivore,Oriental
Chloris sinica,Granivore,Sino-Japanese
Chloris spinoides,Granivore,Sino-Japanese
Chlorodrepanis flava,Omnivore,Nearctic
Chlorodrepanis stejnegeri,Omnivore,Nearctic
Chlorodrepanis virens,Invertivore,Nearctic
Chlorophonia callophrys,Frugivore,Neotropical
Chlorophonia cyanea,Frugivore,Neotropical
Chlorophonia flavirostris,Frugivore,Neotropical
Chlorophonia occipitalis,Frugivore,Neotropical
Chlorophonia pyrrhophrys,Frugivore,Neotropical
Chrysocorythus estherae,Omnivore,Oriental
Chrysocorythus mindanensis,Omnivore,Oriental
Coccothraustes coccothraustes,Omnivore,Palearctic
Crithagra albogularis,Omnivore,Afrotropical
Crithagra ankoberensis,Granivore,Afrotropical
Crithagra atrogularis,Granivore,Afrotropical
Crithagra buchanani,Granivore,Afrotropical
Crithagra burtoni,Granivore,Afrotropical
Crithagra canicapilla,Omnivore,Afrotropical
Crithagra capistrata,Granivore,Afrotropical
Crithagra citrinelloides,Granivore,Afrotropical
Crithagra citrinipectus,Granivore,Afrotropical
Crithagra concolor,Omnivore,Afrotropical
Crithagra donaldsoni,Granivore,Afrotropical
Crithagra dorsostriata,Granivore,Afrotropical
Crithagra flavigula,Granivore,Afrotropical
Crithagra flaviventris,Omnivore,Afrotropical
Crithagra frontalis,Granivore,Afrotropical
Crithagra gularis,Omnivore,Afrotropical
Crithagra hyposticta,Granivore,Afrotropical
Crithagra koliensis,Granivore,Afrotropical
Crithagra leucoptera,Omnivore,Afrotropical
Crithagra leucopygia,Granivore,Afrotropical
Crithagra melanochroa,Granivore,Afrotropical
Crithagra menachensis,Granivore,Saharo-Arabian
Crithagra mennelli,Omnivore,Afrotropical
Crithagra mozambica,Omnivore,Afrotropical
Crithagra reichardi,Granivore,Afrotropical
Crithagra reichenowi,Granivore,Afrotropical
Crithagra rothschildi,Granivore,Saharo-Arabian
Crithagra rufobrunnea,Omnivore,Afrotropical
Crithagra scotops,Omnivore,Afrotropical
Crithagra striatipectus,Granivore,Afrotropical
Crithagra striolata,Omnivore,Afrotropical
Crithagra sulphurata,Granivore,Afrotropical
Crithagra symonsi,Omnivore,Afrotropical
Crithagra totta,Omnivore,Afrotropical
Crithagra tristriata,Granivore,Afrotropical
Crithagra xantholaema,Granivore,Afrotropical
Crithagra xanthopygia,Granivore,Afrotropical
Drepanis coccinea,Nectarivore,Nearctic
Eophona migratoria,Omnivore,Palearctic
Eophona personata,Omnivore,Palearctic
Euphonia affinis,Frugivore,Neotropical
Euphonia anneae,Frugivore,Neotropical
Euphonia cayennensis,Frugivore,Neotropical
Euphonia chalybea,Frugivore,Neotropical
Euphonia chlorotica,Frugivore,Neotropical
Euphonia chrysopasta,Frugivore,Neotropical
Euphonia concinna,Frugivore,Neotropical
Euphonia cyanocephala,Frugivore,Neotropical
Euphonia elegantissima,Frugivore,Nearctic
Euphonia finschi,Frugivore,Neotropical
Euphonia flavifrons,Frugivore,Neotropical
Euphonia fulvicrissa,Frugivore,Neotropical
Euphonia gouldi,Frugivore,Neotropical
Euphonia hirundinacea,Frugivore,Neotropical
Euphonia imitans,Frugivore,Neotropical
Euphonia jamaica,Frugivore,Neotropical
Euphonia laniirostris,Frugivore,Neotropical
Euphonia luteicapilla,Frugivore,Neotropical
Euphonia mesochrysa,Frugivore,Neotropical
Euphonia minuta,Frugivore,Neotropical
Euphonia musica,Frugivore,Neotropical
Euphonia pectoralis,Frugivore,Neotropical
Euphonia plumbea,Frugivore,Neotropical
Euphonia rufiventris,Frugivore,Neotropical
Euphonia saturata,Frugivore,Neotropical
Euphonia sclateri,Frugivore,Neotropical
Euphonia trinitatis,Frugivore,Neotropical
Euphonia violacea,Frugivore,Neotropical
Euphonia xanthogaster,Frugivore,Neotropical
Fringilla coelebs,Invertivore,Palearctic
Fringilla montifringilla,Omnivore,Palearctic
Fringilla polatzeki,Granivore,Palearctic
Fringilla teydea,Granivore,Palearctic
Haemorhous cassinii,Granivore,Nearctic
Haemorhous mexicanus,Granivore,Nearctic
Haemorhous purpureus,Omnivore,Nearctic
Hemignathus affinis,Invertivore,NA
Hemignathus hanapepe,Invertivore,NA
Hemignathus wilsoni,Invertivore,Nearctic
Hesperiphona abeillei,Omnivore,Nearctic
Hesperiphona vespertina,Omnivore,Nearctic
Himatione sanguinea,Nectarivore,Nearctic
Leucosticte arctoa,Omnivore,Palearctic
Leucosticte atrata,Omnivore,Nearctic
Leucosticte australis,Granivore,Nearctic
Leucosticte brandti,Granivore,Sino-Japanese
Leucosticte nemoricola,Granivore,Sino-Japanese
Leucosticte tephrocotis,Omnivore,Nearctic
Linaria cannabina,Granivore,Palearctic
Linaria flavirostris,Granivore,Palearctic
Linaria johannis,Granivore,Afrotropical
Linaria yemenensis,Granivore,Saharo-Arabian
Linurgus olivaceus,Granivore,Afrotropical
Loxia curvirostra,Granivore,Palearctic
Loxia leucoptera,Omnivore,Saharo-Arabian
Loxia megaplaga,Granivore,Neotropical
Loxia pytyopsittacus,Granivore,Saharo-Arabian
Loxia scotica,Granivore,Palearctic
Loxioides bailleui,Granivore,Nearctic
Loxops caeruleirostris,Invertivore,Nearctic
Loxops coccineus,Invertivore,Nearctic
Loxops ochraceus,Invertivore,NA
Magumma parva,Omnivore,Nearctic
Manucerthia mana,Invertivore,Nearctic
Mycerobas affinis,Omnivore,Sino-Japanese
Mycerobas carnipes,Omnivore,Sino-Japanese
Mycerobas icterioides,Omnivore,Oriental
Mycerobas melanozanthos,Omnivore,Oriental
Oreomystis bairdi,Invertivore,Nearctic
Palmeria dolei,Nectarivore,Nearctic
Paroreomyza maculata,Invertivore,NA
Paroreomyza montana,Invertivore,Nearctic
Pinicola enucleator,Omnivore,Palearctic
Procarduelis nipalensis,Granivore,Sino-Japanese
Pseudonestor xanthophrys,Invertivore,Nearctic
Psittirostra psittacea,Frugivore,NA
Pyrrhoplectes epauletta,Granivore,Sino-Japanese
Pyrrhula aurantiaca,Granivore,Oriental
Pyrrhula erythaca,Omnivore,Sino-Japanese
Pyrrhula erythrocephala,Granivore,Sino-Japanese
Pyrrhula leucogenis,Omnivore,Oriental
Pyrrhula murina,Granivore,Palearctic
Pyrrhula nipalensis,Omnivore,Oriental
Pyrrhula pyrrhula,Omnivore,Palearctic
Pyrrhula waterstradti,Omnivore,Oriental
Rhodopechys alienus,Omnivore,Saharo-Arabian
Rhodopechys sanguineus,Omnivore,Palearctic
Rhodospiza obsoleta,Granivore,Palearctic
Rhynchostruthus louisae,Omnivore,Afrotropical
Rhynchostruthus percivali,Omnivore,Saharo-Arabian
Rhynchostruthus socotranus,Omnivore,Afrotropical
Serinus alario,Granivore,Afrotropical
Serinus canaria,Granivore,Saharo-Arabian
Serinus canicollis,Granivore,Afrotropical
Serinus flavivertex,Granivore,Afrotropical
Serinus nigriceps,Granivore,Afrotropical
Serinus pusillus,Granivore,Palearctic
Serinus serinus,Granivore,Saharo-Arabian
Serinus syriacus,Granivore,Saharo-Arabian
Spinus atratus,Granivore,Neotropical
Spinus atriceps,Granivore,Neotropical
Spinus barbatus,Granivore,Neotropical
Spinus crassirostris,Granivore,Neotropical
Spinus cucullatus,Granivore,Neotropical
Spinus dominicensis,Granivore,Neotropical
Spinus lawrencei,Granivore,Nearctic
Spinus magellanicus,Granivore,Neotropical
Spinus notatus,Granivore,Nearctic
Spinus olivaceus,Granivore,Neotropical
Spinus pinus,Granivore,Nearctic
Spinus psaltria,Granivore,Nearctic
Spinus siemiradzkii,Granivore,Neotropical
Spinus spinescens,Granivore,Neotropical
Spinus spinus,Granivore,Palearctic
Spinus thibetanus,Granivore,Sino-Japanese
Spinus tristis,Granivore,Nearctic
Spinus uropygialis,Granivore,Neotropical
Spinus xanthogastrus,Granivore,Neotropical
Spinus yarrellii,Omnivore,Neotropical
Telespiza cantans,Omnivore,Nearctic
Telespiza ultima,Omnivore,Nearctic
Telespiza ultima,Omnivore,Nearctic
Acrobatornis fonsecai,Invertivore,Neotropical
Anabacerthia amaurotis,Invertivore,Neotropical
Anabacerthia lichtensteini,Invertivore,Neotropical
Anabacerthia ruficaudata,Invertivore,Neotropical
Anabacerthia striaticollis,Invertivore,Neotropical
Anabacerthia variegaticeps,Invertivore,Neotropical
Anabazenops dorsalis,Invertivore,Neotropical
Anabazenops fuscus,Invertivore,Neotropical
Ancistrops strigilatus,Invertivore,Neotropical
Anumbius annumbi,Invertivore,Neotropical
Aphrastura masafucrae,Invertivore,Neotropical
Aphrastura spinicauda,Invertivore,Neotropical
Asthenes anthoides,Invertivore,Neotropical
Asthenes arequipae,Invertivore,Neotropical
Asthenes ayacuchensis,Invertivore,Neotropical
Asthenes baeri,Invertivore,Neotropical
Asthenes berlepschi,Invertivore,Neotropical
Asthenes coryi,Invertivore,Neotropical
Asthenes dorbignyi,Invertivore,Neotropical
Asthenes flammulata,Invertivore,Neotropical
Asthenes fuliginosa,Invertivore,Neotropical
Asthenes griseomurina,Invertivore,Neotropical
Asthenes harterti,Invertivore,Neotropical
Asthenes helleri,Invertivore,Neotropical
Asthenes heterura,Invertivore,Neotropical
Asthenes huancavelicae,Invertivore,Neotropical
Asthenes hudsoni,Invertivore,Neotropical
Asthenes humilis,Invertivore,Neotropical
Asthenes luizae,Invertivore,Neotropical
Asthenes maculicauda,Invertivore,Neotropical
Asthenes modesta,Invertivore,Neotropical
Asthenes moreirae,Invertivore,Neotropical
Asthenes ottonis,Invertivore,Neotropical
Asthenes palpebralis,Invertivore,Neotropical
Asthenes perijana,Invertivore,Neotropical
Asthenes pudibunda,Invertivore,Neotropical
Asthenes pyrrholeuca,Invertivore,Neotropical
Asthenes urubambensis,Invertivore,Neotropical
Asthenes usheri,Invertivore,Neotropical
Asthenes vilcabambae,Invertivore,Neotropical
Asthenes virgata,Invertivore,Neotropical
Asthenes wyatti,Invertivore,Neotropical
Automolus infuscatus,Invertivore,Neotropical
Automolus lammi,Invertivore,Neotropical
Automolus leucophthalmus,Invertivore,Neotropical
Automolus melanopezus,Invertivore,Neotropical
Automolus ochrolaemus,Invertivore,Neotropical
Automolus paraensis,Invertivore,Neotropical
Automolus rufipileatus,Invertivore,Neotropical
Automolus subulatus,Invertivore,Neotropical
Automolus virgatus,Invertivore,Neotropical
Berlepschia rikeri,Invertivore,Neotropical
Campylorhamphus falcularius,Invertivore,Neotropical
Campylorhamphus multostriatus,Invertivore,Neotropical
Campylorhamphus probatus,Invertivore,Neotropical
Campylorhamphus procurvoides,Invertivore,Neotropical
Campylorhamphus pusillus,Invertivore,Neotropical
Campylorhamphus trochilirostris,Invertivore,Neotropical
Certhiasomus stictolaemus,Invertivore,Neotropical
Certhiaxis cinnamomeus,Invertivore,Neotropical
Certhiaxis mustelinus,Invertivore,Neotropical
Cichlocolaptes holti,Invertivore,Neotropical
Cichlocolaptes leucophrus,Invertivore,Neotropical
Cinclodes albidiventris,Aquatic predator,Neotropical
Cinclodes albiventris,Aquatic predator,Neotropical
Cinclodes antarcticus,Invertivore,Neotropical
Cinclodes aricomae,Invertivore,Neotropical
Cinclodes atacamensis,Invertivore,Neotropical
Cinclodes comechingonus,Invertivore,Neotropical
Cinclodes excelsior,Omnivore,Neotropical
Cinclodes fuscus,Aquatic predator,Neotropical
Cinclodes maculirostris,Invertivore,Neotropical
Cinclodes nigrofumosus,Aquatic predator,Neotropical
Cinclodes olrogi,Invertivore,Neotropical
Cinclodes oustaleti,Invertivore,Neotropical
Cinclodes pabsti,Invertivore,Neotropical
Cinclodes palliatus,Invertivore,Neotropical
Cinclodes patagonicus,Invertivore,Neotropical
Cinclodes taczanowskii,Invertivore,Neotropical
Clibanornis dendrocolaptoides,Invertivore,Neotropical
Clibanornis erythrocephalus,Invertivore,Neotropical
Clibanornis rectirostris,Invertivore,Neotropical
Clibanornis rubiginosus,Invertivore,Neotropical
Clibanornis rufipectus,Invertivore,Neotropical
Coryphistera alaudina,Invertivore,Neotropical
Cranioleuca albicapilla,Invertivore,Neotropical
Cranioleuca albiceps,Invertivore,Neotropical
Cranioleuca antisiensis,Invertivore,Neotropical
Cranioleuca baroni,Invertivore,Neotropical
Cranioleuca berlepschi,Invertivore,Neotropical
Cranioleuca curtata,Invertivore,Neotropical
Cranioleuca demissa,Invertivore,Neotropical
Cranioleuca dissita,Invertivore,Neotropical
Cranioleuca erythrops,Invertivore,Neotropical
Cranioleuca hellmayri,Invertivore,Neotropical
Cranioleuca henricae,Invertivore,Neotropical
Cranioleuca marcapatae,Invertivore,Neotropical
Cranioleuca muelleri,Invertivore,Neotropical
Cranioleuca obsoleta,Invertivore,Neotropical
Cranioleuca pallida,Invertivore,Neotropical
Cranioleuca pyrrhophia,Invertivore,Neotropical
Cranioleuca semicinerea,Invertivore,Neotropical
Cranioleuca subcristata,Invertivore,Neotropical
Cranioleuca sulphurifera,Invertivore,Neotropical
Cranioleuca vulpecula,Invertivore,Neotropical
Cranioleuca vulpina,Invertivore,Neotropical
Cranioleuca weskei,Invertivore,Neotropical
Deconychura longicauda,Invertivore,Neotropical
Deconychura pallida,Invertivore,Neotropical
Deconychura typica,Invertivore,Neotropical
Dendrexetastes rufigula,Invertivore,Neotropical
Dendrocincla anabatina,Invertivore,Neotropical
Dendrocincla fuliginosa,Invertivore,Neotropical
Dendrocincla homochroa,Invertivore,Neotropical
Dendrocincla merula,Invertivore,Neotropical
Dendrocincla turdina,Invertivore,Neotropical
Dendrocincla tyrannina,Invertivore,Neotropical
Dendrocolaptes certhia,Invertivore,Neotropical
Dendrocolaptes hoffmannsi,Invertivore,Neotropical
Dendrocolaptes picumnus,Invertivore,Neotropical
Dendrocolaptes platyrostris,Invertivore,Neotropical
Dendrocolaptes punctipectus,Invertivore,Neotropical
Dendrocolaptes sanctithomae,Invertivore,Neotropical
Dendroplex kienerii,Invertivore,Neotropical
Dendroplex picus,Invertivore,Neotropical
Drymornis bridgesii,Invertivore,Neotropical
Drymotoxeres pucheranii,Invertivore,Neotropical
Furnarius cinnamomeus,Invertivore,Neotropical
Furnarius cristatus,Invertivore,Neotropical
Furnarius figulus,Invertivore,Neotropical
Furnarius leucopus,Invertivore,Neotropical
Furnarius longirostris,Invertivore,Neotropical
Furnarius minor,Invertivore,Neotropical
Furnarius rufus,Invertivore,Neotropical
Furnarius torridus,Invertivore,Neotropical
Geocerthia serrana,Invertivore,Neotropical
Geositta antarctica,Invertivore,Neotropical
Geositta crassirostris,Invertivore,Neotropical
Geositta cunicularia,Invertivore,Neotropical
Geositta isabellina,Invertivore,Neotropical
Geositta maritima,Invertivore,Neotropical
Geositta peruviana,Invertivore,Neotropical
Geositta poeciloptera,Invertivore,Neotropical
Geositta punensis,Invertivore,Neotropical
Geositta rufipennis,Invertivore,Neotropical
Geositta saxicolina,Invertivore,Neotropical
Geositta tenuirostris,Invertivore,Neotropical
Glyphorynchus spirurus,Invertivore,Neotropical
Heliobletus contaminatus,Invertivore,Neotropical
Hellmayrea gularis,Invertivore,Neotropical
Hylexetastes perrotii,Invertivore,Neotropical
Hylexetastes stresemanni,Invertivore,Neotropical
Lepidocolaptes affinis,Invertivore,Neotropical
Lepidocolaptes albolineatus,Invertivore,Neotropical
Lepidocolaptes angustirostris,Invertivore,Neotropical
Lepidocolaptes duidae,Invertivore,Neotropical
Lepidocolaptes falcinellus,Invertivore,Neotropical
Lepidocolaptes fatimalimae,Invertivore,Neotropical
Lepidocolaptes fuscicapillus,Invertivore,Neotropical
Lepidocolaptes lacrymiger,Invertivore,Neotropical
Lepidocolaptes leucogaster,Invertivore,Nearctic
Lepidocolaptes neglectus,Invertivore,Neotropical
Lepidocolaptes souleyetii,Invertivore,Neotropical
Lepidocolaptes squamatus,Invertivore,Neotropical
Leptasthenura aegithaloides,Invertivore,Neotropical
Leptasthenura andicola,Invertivore,Neotropical
Leptasthenura berlepschi,Invertivore,Neotropical
Leptasthenura fuliginiceps,Invertivore,Neotropical
Leptasthenura pallida,Invertivore,Neotropical
Leptasthenura pileata,Invertivore,Neotropical
Leptasthenura platensis,Invertivore,Neotropical
Leptasthenura setaria,Invertivore,Neotropical
Leptasthenura striata,Invertivore,Neotropical
Leptasthenura striolata,Invertivore,Neotropical
Leptasthenura xenothorax,Invertivore,Neotropical
Limnoctites rectirostris,Invertivore,Neotropical
Limnornis curvirostris,Invertivore,Neotropical
Lochmias nematura,Invertivore,Neotropical
Margarornis bellulus,Invertivore,Neotropical
Margarornis rubiginosus,Invertivore,Neotropical
Margarornis squamiger,Invertivore,Neotropical
Margarornis stellatus,Invertivore,Neotropical
Mazaria propinqua,Invertivore,Neotropical
Megaxenops parnaguae,Invertivore,Neotropical
Metopothrix aurantiaca,Invertivore,Neotropical
Microxenops milleri,Invertivore,Neotropical
Nasica longirostris,Invertivore,Neotropical
Ochetorhynchus andaecola,Invertivore,Neotropical
Ochetorhynchus melanurus,Invertivore,Neotropical
Ochetorhynchus phoenicurus,Invertivore,Neotropical
Ochetorhynchus ruficaudus,Invertivore,Neotropical
Phacellodomus dorsalis,Invertivore,Neotropical
Phacellodomus erythrophthalmus,Invertivore,Neotropical
Phacellodomus ferrugineigula,Invertivore,Neotropical
Phacellodomus inornatus,Invertivore,Neotropical
Phacellodomus maculipectus,Invertivore,Neotropical
Phacellodomus ruber,Invertivore,Neotropical
Phacellodomus rufifrons,Invertivore,Neotropical
Phacellodomus sibilatrix,Invertivore,Neotropical
Phacellodomus striaticeps,Invertivore,Neotropical
Phacellodomus striaticollis,Invertivore,Neotropical
Philydor atricapillus,Invertivore,Neotropical
Philydor erythrocercum,Invertivore,Neotropical
Philydor erythropterum,Invertivore,Neotropical
Philydor fuscipenne,Invertivore,Neotropical
Philydor pyrrhodes,Invertivore,Neotropical
Philydor rufum,Invertivore,Neotropical
Phleocryptes melanops,Invertivore,Neotropical
Premnoplex brunnescens,Invertivore,Neotropical
Premnoplex pariae,Invertivore,Neotropical
Premnoplex tatei,Invertivore,Neotropical
Premnornis guttuliger,Invertivore,Neotropical
Pseudasthenes cactorum,Invertivore,Neotropical
Pseudasthenes humicola,Invertivore,Neotropical
Pseudasthenes patagonica,Invertivore,Neotropical
Pseudasthenes steinbachi,Invertivore,Neotropical
Pseudocolaptes boissonneauii,Invertivore,Neotropical
Pseudocolaptes johnsoni,Invertivore,Neotropical
Pseudocolaptes lawrencii,Invertivore,Neotropical
Pseudoseisura cristata,Invertivore,Neotropical
Pseudoseisura gutturalis,Invertivore,Neotropical
Pseudoseisura lophotes,Invertivore,Neotropical
Pseudoseisura unirufa,Invertivore,Neotropical
Pygarrhichas albogularis,Invertivore,Neotropical
Roraimia adusta,Invertivore,Neotropical
Schoeniophylax phryganophilus,Invertivore,Neotropical
Sclerurus albigularis,Invertivore,Neotropical
Sclerurus caudacutus,Invertivore,Neotropical
Sclerurus cearensis,Invertivore,Neotropical
Sclerurus guatemalensis,Invertivore,Neotropical
Sclerurus mexicanus,Invertivore,Neotropical
Sclerurus rufigularis,Invertivore,Neotropical
Sclerurus scansor,Invertivore,Neotropical
Siptornis striaticollis,Invertivore,Neotropical
Sittasomus griseicapillus,Invertivore,Neotropical
Sittasomus griseus,Invertivore,Neotropical
Spartonoica maluroides,Invertivore,Neotropical
Sylviorthorhynchus desmurii,Invertivore,Neotropical
Sylviorthorhynchus yanacensis,Invertivore,Neotropical
Synallaxis albescens,Invertivore,Neotropical
Synallaxis albigularis,Invertivore,Neotropical
Synallaxis albilora,Invertivore,Neotropical
Synallaxis azarae,Invertivore,Neotropical
Synallaxis beverlyae,Invertivore,Neotropical
Synallaxis brachyura,Invertivore,Neotropical
Synallaxis cabanisi,Invertivore,Neotropical
Synallaxis candei,Invertivore,Neotropical
Synallaxis castanea,Invertivore,Neotropical
Synallaxis cherriei,Invertivore,Neotropical
Synallaxis chinchipensis,Invertivore,Neotropical
Synallaxis cinerascens,Invertivore,Neotropical
Synallaxis cinerea,Invertivore,Neotropical
Synallaxis cinnamomea,Invertivore,Neotropical
Synallaxis courseni,Invertivore,Neotropical
Synallaxis erythrothorax,Invertivore,Neotropical
Synallaxis frontalis,Invertivore,Neotropical
Synallaxis fuscorufa,Invertivore,Neotropical
Synallaxis gujanensis,Invertivore,Neotropical
Synallaxis hellmayri,Invertivore,Neotropical
Synallaxis hypochondriaca,Invertivore,Neotropical
Synallaxis hypospodia,Invertivore,Neotropical
Synallaxis infuscata,Invertivore,Neotropical
Synallaxis kollari,Invertivore,Neotropical
Synallaxis macconnelli,Invertivore,Neotropical
Synallaxis maranonica,Invertivore,Neotropical
Synallaxis moesta,Invertivore,Neotropical
Synallaxis ruficapilla,Invertivore,Neotropical
Synallaxis rutilans,Invertivore,Neotropical
Synallaxis scutata,Invertivore,Neotropical
Synallaxis simoni,Invertivore,Neotropical
Synallaxis spixi,Invertivore,Neotropical
Synallaxis stictothorax,Invertivore,Neotropical
Synallaxis subpudica,Invertivore,Neotropical
Synallaxis tithys,Invertivore,Neotropical
Synallaxis unirufa,Invertivore,Neotropical
Synallaxis zimmeri,Invertivore,Neotropical
Syndactyla dimidiata,Invertivore,Neotropical
Syndactyla guttulata,Invertivore,Neotropical
Syndactyla roraimae,Invertivore,Neotropical
Syndactyla ruficollis,Invertivore,Neotropical
Syndactyla rufosuperciliata,Invertivore,Neotropical
Syndactyla striata,Invertivore,Neotropical
Syndactyla subalaris,Invertivore,Neotropical
Syndactyla ucayalae,Invertivore,Neotropical
Tarphonomus certhioides,Invertivore,Neotropical
Tarphonomus harterti,Invertivore,Neotropical
Thripadectes flammulatus,Invertivore,Neotropical
Thripadectes holostictus,Invertivore,Neotropical
Thripadectes ignobilis,Invertivore,Neotropical
Thripadectes melanorhynchus,Invertivore,Neotropical
Thripadectes rufobrunneus,Invertivore,Neotropical
Thripadectes scrutator,Invertivore,Neotropical
Thripadectes virgaticeps,Invertivore,Neotropical
Thripophaga amacurensis,Invertivore,Neotropical
Thripophaga cherriei,Invertivore,Neotropical
Thripophaga fusciceps,Invertivore,Neotropical
Thripophaga gutturata,Invertivore,Neotropical
Thripophaga macroura,Invertivore,Neotropical
Upucerthia albigula,Invertivore,Neotropical
Upucerthia dumetaria,Invertivore,Neotropical
Upucerthia saturatior,Invertivore,Neotropical
Upucerthia validirostris,Invertivore,Neotropical
Xenerpestes minlosi,Invertivore,Neotropical
Xenerpestes singularis,Invertivore,Neotropical
Xenops genibarbis,Invertivore,Neotropical
Xenops minutus,Invertivore,Neotropical
Xenops rutilus,Invertivore,Neotropical
Xenops tenuirostris,Invertivore,Neotropical
Xiphocolaptes albicollis,Invertivore,Neotropical
Xiphocolaptes falcirostris,Invertivore,Neotropical
Xiphocolaptes major,Invertivore,Neotropical
Xiphocolaptes promeropirhynchus,Invertivore,Neotropical
Xiphorhynchus aequatorialis,Invertivore,Neotropical
Xiphorhynchus atlanticus,Invertivore,Neotropical
Xiphorhynchus beauperthuysii,Invertivore,Neotropical
Xiphorhynchus chunchotambo,Invertivore,Neotropical
Xiphorhynchus elegans,Invertivore,Neotropical
Xiphorhynchus erythropygius,Invertivore,Neotropical
Xiphorhynchus flavigaster,Invertivore,Neotropical
Xiphorhynchus fuscus,Invertivore,Neotropical
Xiphorhynchus guttatoides,Invertivore,Neotropical
Xiphorhynchus guttatus,Invertivore,Neotropical
Xiphorhynchus lachrymosus,Invertivore,Neotropical
Xiphorhynchus obsoletus,Invertivore,Neotropical
Xiphorhynchus ocellatus,Invertivore,Neotropical
Xiphorhynchus pardalotus,Invertivore,Neotropical
Xiphorhynchus spixii,Invertivore,Neotropical
Xiphorhynchus susurrans,Invertivore,Neotropical
Xiphorhynchus triangularis,Invertivore,Neotropical
Grallaria albigula,Invertivore,Neotropical
Grallaria alleni,Invertivore,Neotropical
Grallaria alticola,Invertivore,Neotropical
Grallaria andicolus,Invertivore,Neotropical
Grallaria atuensis,Invertivore,Neotropical
Grallaria bangsi,Invertivore,Neotropical
Grallaria blakei,Invertivore,Neotropical
Grallaria capitalis,Invertivore,Neotropical
Grallaria carrikeri,Invertivore,Neotropical
Grallaria chthonia,Invertivore,Neotropical
Grallaria dignissima,Invertivore,Neotropical
Grallaria eludens,Invertivore,Neotropical
Grallaria erythroleuca,Invertivore,Neotropical
Grallaria erythrotis,Invertivore,Neotropical
Grallaria excelsa,Invertivore,Neotropical
Grallaria fenwickorum,Invertivore,Neotropical
Grallaria flavotincta,Invertivore,Neotropical
Grallaria gigantea,Invertivore,Neotropical
Grallaria griseonucha,Invertivore,Neotropical
Grallaria guatimalensis,Invertivore,Neotropical
Grallaria haplonota,Invertivore,Neotropical
Grallaria hypoleuca,Invertivore,Neotropical
Grallaria kaestneri,Invertivore,Neotropical
Grallaria milleri,Invertivore,Neotropical
Grallaria nuchalis,Invertivore,Neotropical
Grallaria przewalskii,Omnivore,Neotropical
Grallaria quitensis,Invertivore,Neotropical
Grallaria ridgelyi,Invertivore,Neotropical
Grallaria ruficapilla,Invertivore,Neotropical
Grallaria rufocinerea,Invertivore,Neotropical
Grallaria rufula,Invertivore,Neotropical
Grallaria saltuensis,Invertivore,Neotropical
Grallaria squamigera,Invertivore,Neotropical
Grallaria varia,Invertivore,Neotropical
Grallaria watkinsi,Invertivore,Neotropical
Grallaricula cucullata,Invertivore,Neotropical
Grallaricula cumanensis,Invertivore,Neotropical
Grallaricula ferrugineipectus,Invertivore,Neotropical
Grallaricula flavirostris,Invertivore,Neotropical
Grallaricula leymebambae,Invertivore,Neotropical
Grallaricula lineifrons,Invertivore,Neotropical
Grallaricula loricata,Invertivore,Neotropical
Grallaricula nana,Invertivore,Neotropical
Grallaricula ochraceifrons,Invertivore,Neotropical
Grallaricula peruviana,Invertivore,Neotropical
Hylopezus auricularis,Invertivore,Neotropical
Hylopezus berlepschi,Invertivore,Neotropical
Hylopezus dives,Invertivore,Neotropical
Hylopezus fulviventris,Invertivore,Neotropical
Hylopezus macularius,Invertivore,Neotropical
Hylopezus nattereri,Invertivore,Neotropical
Hylopezus ochroleucus,Invertivore,Neotropical
Hylopezus perspicillatus,Invertivore,Neotropical
Myrmothera campanisona,Invertivore,Neotropical
Myrmothera simplex,Invertivore,Neotropical
Alopochelidon fucata,Invertivore,Neotropical
Atronanus fuliginosus,Invertivore,Afrotropical
Atticora fasciata,Invertivore,Neotropical
Atticora pileata,Invertivore,Neotropical
Atticora tibialis,Invertivore,Neotropical
Cecropis abyssinica,Invertivore,Afrotropical
Cecropis cucullata,Invertivore,Afrotropical
Cecropis daurica,Invertivore,Sino-Japanese
Cecropis hyperythra,Invertivore,Oriental
Cecropis semirufa,Invertivore,Afrotropical
Cecropis senegalensis,Invertivore,Afrotropical
Cheramoeca leucosterna,Invertivore,Australian
Delichon dasypus,Invertivore,Sino-Japanese
Delichon lagopodum,Invertivore,Palearctic
Delichon nipalense,Invertivore,Oriental
Delichon urbicum,Invertivore,Palearctic
Eurochelidon sirintarae,Invertivore,Oriental
Hirundo aethiopica,Invertivore,Afrotropical
Hirundo albigularis,Invertivore,Afrotropical
Hirundo angolensis,Invertivore,Afrotropical
Hirundo atrocaerulea,Invertivore,Afrotropical
Hirundo dimidiata,Invertivore,Afrotropical
Hirundo javanica,Invertivore,Oceanian
Hirundo leucosoma,Invertivore,Afrotropical
Hirundo lucida,Invertivore,Afrotropical
Hirundo megaensis,Invertivore,Afrotropical
Hirundo neoxena,Invertivore,Australian
Hirundo nigrita,Invertivore,Afrotropical
Hirundo nigrorufa,Invertivore,Afrotropical
Hirundo rustica,Invertivore,Palearctic
Hirundo smithii,Invertivore,Afrotropical
Hirundo tahitica,Invertivore,Oceanian
Neophedina cincta,Invertivore,Afrotropical
Orochelidon andecola,Invertivore,Neotropical
Orochelidon flavipes,Invertivore,Neotropical
Orochelidon murina,Invertivore,Neotropical
Petrochelidon ariel,Invertivore,Australian
Petrochelidon fluvicola,Invertivore,Oriental
Petrochelidon fulva,Invertivore,Neotropical
Petrochelidon nigricans,Invertivore,Australian
Petrochelidon perdita,Invertivore,NA
Petrochelidon preussi,Invertivore,Afrotropical
Petrochelidon pyrrhonota,Invertivore,Nearctic
Petrochelidon rufigula,Invertivore,Afrotropical
Petrochelidon rufocollaris,Invertivore,Neotropical
Petrochelidon spilodera,Invertivore,Afrotropical
Phedina borbonica,Invertivore,Madagascan
Phedinopsis brazzae,Invertivore,Afrotropical
Progne chalybea,Invertivore,Neotropical
Progne cryptoleuca,Invertivore,Neotropical
Progne dominicensis,Invertivore,Neotropical
Progne elegans,Invertivore,Neotropical
Progne modesta,Invertivore,Neotropical
Progne murphyi,Invertivore,Neotropical
Progne sinaloae,Invertivore,Nearctic
Progne subis,Invertivore,Nearctic
Progne tapera,Invertivore,Neotropical
Psalidoprocne albiceps,Invertivore,Afrotropical
Psalidoprocne fuliginosa,Invertivore,Afrotropical
Psalidoprocne nitens,Invertivore,Afrotropical
Psalidoprocne obscura,Invertivore,Afrotropical
Psalidoprocne pristoptera,Invertivore,Afrotropical
Pseudhirundo griseopyga,Invertivore,Afrotropical
Pseudochelidon eurystomina,Invertivore,Afrotropical
Ptyonoprogne concolor,Invertivore,Oriental
Ptyonoprogne fuligula,Invertivore,Afrotropical
Ptyonoprogne obsoleta,Invertivore,Saharo-Arabian
Ptyonoprogne rufigula,Invertivore,Afrotropical
Ptyonoprogne rupestris,Invertivore,Palearctic
Pygochelidon cyanoleuca,Invertivore,Neotropical
Pygochelidon melanoleuca,Invertivore,Neotropical
Riparia chinensis,Invertivore,Oriental
Riparia congica,Invertivore,Afrotropical
Riparia cowani,Invertivore,Madagascan
Riparia diluta,Invertivore,Palearctic
Riparia paludicola,Invertivore,Afrotropical
Riparia riparia,Invertivore,Palearctic
Stelgidopteryx ridgwayi,Invertivore,Neotropical
Stelgidopteryx ruficollis,Invertivore,Neotropical
Stelgidopteryx serripennis,Invertivore,Nearctic
Tachycineta albilinea,Invertivore,Neotropical
Tachycineta albiventer,Invertivore,Neotropical
Tachycineta bicolor,Invertivore,Nearctic
Tachycineta cyaneoviridis,Invertivore,Neotropical
Tachycineta euchrysea,Invertivore,Neotropical
Tachycineta leucorrhoa,Invertivore,Neotropical
Tachycineta meyeni,Invertivore,Neotropical
Tachycineta stolzmanni,Invertivore,Neotropical
Tachycineta thalassina,Invertivore,Nearctic
Hyliota australis,Invertivore,Afrotropical
Hyliota flavigaster,Invertivore,Afrotropical
Hyliota usambara,Invertivore,Afrotropical
Hyliota violacea,Invertivore,Afrotropical
Hylocitrea bonensis,Frugivore,Oriental
Hylocitrea bonthaina,Frugivore,Oriental
Hypocolius ampelinus,Frugivore,Palearctic
Agelaioides badius,Omnivore,Neotropical
Agelaioides fringillarius,Omnivore,Neotropical
Agelaius assimilis,Omnivore,Neotropical
Agelaius humeralis,Omnivore,Neotropical
Agelaius phoeniceus,Granivore,Nearctic
Agelaius tricolor,Invertivore,Nearctic
Agelaius xanthomus,Invertivore,Neotropical
Agelasticus cyanopus,Omnivore,Neotropical
Agelasticus thilius,Invertivore,Neotropical
Agelasticus xanthophthalmus,Invertivore,Neotropical
Amblycercus holosericeus,Invertivore,Neotropical
Amblyramphus holosericeus,Invertivore,Neotropical
Anumara forbesi,Invertivore,Neotropical
Cacicus cela,Omnivore,Neotropical
Cacicus chrysonotus,Invertivore,Neotropical
Cacicus chrysopterus,Omnivore,Neotropical
Cacicus flavicrissus,Omnivore,Neotropical
Cacicus haemorrhous,Invertivore,Neotropical
Cacicus koepckeae,Nectarivore,Neotropical
Cacicus latirostris,Omnivore,Neotropical
Cacicus leucoramphus,Invertivore,Neotropical
Cacicus microrhynchus,Invertivore,Neotropical
Cacicus oseryi,Omnivore,Neotropical
Cacicus pacificus,Invertivore,Neotropical
Cacicus sclateri,Invertivore,Neotropical
Cacicus solitarius,Invertivore,Neotropical
Cacicus uropygialis,Invertivore,Neotropical
Cassiculus melanicterus,Invertivore,Nearctic
Chrysomus icterocephalus,Granivore,Neotropical
Chrysomus ruficapillus,Granivore,Neotropical
Curaeus curaeus,Omnivore,Neotropical
Dives dives,Omnivore,Neotropical
Dives warczewiczi,Omnivore,Neotropical
Dolichonyx oryzivorus,Granivore,Nearctic
Euphagus carolinus,Omnivore,Nearctic
Euphagus cyanocephalus,Omnivore,Nearctic
Gnorimopsar chopi,Omnivore,Neotropical
Gymnomystax mexicanus,Omnivore,Neotropical
Hypopyrrhus pyrohypogaster,Omnivore,Neotropical
Icteria virens,Invertivore,Nearctic
Icterus abeillei,Invertivore,Nearctic
Icterus auratus,Omnivore,Neotropical
Icterus auricapillus,Omnivore,Neotropical
Icterus bonana,Omnivore,Neotropical
Icterus bullockiorum,Invertivore,Nearctic
Icterus cayanensis,Invertivore,Neotropical
Icterus chrysater,Omnivore,Neotropical
Icterus chrysocephalus,Invertivore,Neotropical
Icterus croconotus,Omnivore,Neotropical
Icterus cucullatus,Omnivore,Nearctic
Icterus dominicensis,Omnivore,Neotropical
Icterus fuertesi,Invertivore,Neotropical
Icterus galbula,Invertivore,Nearctic
Icterus graceannae,Omnivore,Neotropical
Icterus graduacauda,Omnivore,Nearctic
Icterus gularis,Omnivore,Neotropical
Icterus icterus,Omnivore,Neotropical
Icterus jamacaii,Omnivore,Neotropical
Icterus laudabilis,Omnivore,Neotropical
Icterus leucopteryx,Omnivore,Neotropical
Icterus maculialatus,Omnivore,Neotropical
Icterus melanopsis,Omnivore,Neotropical
Icterus mesomelas,Invertivore,Neotropical
Icterus nigrogularis,Omnivore,Neotropical
Icterus northropi,Omnivore,Neotropical
Icterus oberi,Invertivore,Neotropical
Icterus parisorum,Invertivore,Nearctic
Icterus pectoralis,Invertivore,Neotropical
Icterus portoricensis,Omnivore,Neotropical
Icterus prosthemelas,Omnivore,Neotropical
Icterus pustulatus,Invertivore,Nearctic
Icterus pyrrhopterus,Invertivore,Neotropical
Icterus spurius,Invertivore,Nearctic
Icterus wagleri,Invertivore,Nearctic
Lampropsar tanagrinus,Omnivore,Neotropical
Leistes bellicosus,Omnivore,Neotropical
Leistes defilippii,Omnivore,Neotropical
Leistes loyca,Omnivore,Neotropical
Leistes militaris,Invertivore,Neotropical
Leistes superciliaris,Invertivore,Neotropical
Macroagelaius imthurni,Omnivore,Neotropical
Macroagelaius subalaris,Invertivore,Neotropical
Molothrus aeneus,Granivore,Nearctic
Molothrus armenti,Invertivore,Neotropical
Molothrus ater,Invertivore,Nearctic
Molothrus bonariensis,Invertivore,Neotropical
Molothrus oryzivorus,Omnivore,Neotropical
Molothrus rufoaxillaris,Invertivore,Neotropical
Nesopsar nigerrimus,Invertivore,Neotropical
Oreopsar bolivianus,Invertivore,Neotropical
Psarocolius angustifrons,Omnivore,Neotropical
Psarocolius atrovirens,Omnivore,Neotropical
Psarocolius bifasciatus,Omnivore,Neotropical
Psarocolius cassini,Omnivore,Neotropical
Psarocolius decumanus,Omnivore,Neotropical
Psarocolius guatimozinus,Omnivore,Neotropical
Psarocolius montezuma,Omnivore,Neotropical
Psarocolius oleagineus,Omnivore,Neotropical
Psarocolius viridis,Invertivore,Neotropical
Psarocolius wagleri,Omnivore,Neotropical
Psarocolius yuracares,Omnivore,Neotropical
Pseudoleistes guirahuro,Omnivore,Neotropical
Pseudoleistes virescens,Omnivore,Neotropical
Ptiloxena atroviolacea,Omnivore,Neotropical
Quiscalus lugubris,Omnivore,Neotropical
Quiscalus major,Omnivore,Nearctic
Quiscalus mexicanus,Omnivore,Nearctic
Quiscalus nicaraguensis,Omnivore,Neotropical
Quiscalus niger,Omnivore,Neotropical
Quiscalus quiscula,Omnivore,Nearctic
Sturnella magna,Invertivore,Nearctic
Sturnella neglecta,Invertivore,Nearctic
Xanthocephalus xanthocephalus,Granivore,Nearctic
Xanthopsar flavus,Invertivore,Neotropical
Ifrita kowaldi,Invertivore,Oceanian
Irena cyanogastra,Frugivore,Oriental
Irena puella,Frugivore,Oriental
Irena tweeddalii,Frugivore,Oriental
Chaetorhynchus papuensis,Invertivore,Oceanian
Eutrichomyias rowleyi,Invertivore,Oceanian
Lamprolia klinesmithi,Invertivore,Oceanian
Lamprolia victoriae,Invertivore,Neotropical
Corvinella corvina,Invertivore,Afrotropical
Eurocephalus anguitimens,Invertivore,Afrotropical
Eurocephalus ruppelli,Invertivore,Afrotropical
Lanius borealis,Vertivore,Palearctic
Lanius bucephalus,Invertivore,Palearctic
Lanius cabanisi,Omnivore,Afrotropical
Lanius collaris,Invertivore,Afrotropical
Lanius collurio,Invertivore,Palearctic
Lanius collurioides,Invertivore,Oriental
Lanius cristatus,Invertivore,Palearctic
Lanius dorsalis,Invertivore,Afrotropical
Lanius excubitor,Vertivore,Palearctic
Lanius excubitoroides,Invertivore,Afrotropical
Lanius giganteus,Invertivore,Sino-Japanese
Lanius gubernator,Invertivore,Afrotropical
Lanius isabellinus,Invertivore,Palearctic
Lanius ludovicianus,Invertivore,Nearctic
Lanius mackinnoni,Invertivore,Afrotropical
Lanius meridionalis,Invertivore,Palearctic
Lanius minor,Invertivore,Palearctic
Lanius newtoni,Invertivore,Afrotropical
Lanius nubicus,Invertivore,Palearctic
Lanius phoenicuroides,Invertivore,Palearctic
Lanius schach,Invertivore,Oriental
Lanius senator,Invertivore,Saharo-Arabian
Lanius somalicus,Invertivore,Afrotropical
Lanius souzae,Invertivore,Afrotropical
Lanius sphenocercus,Invertivore,Palearctic
Lanius tephronotus,Invertivore,Sino-Japanese
Lanius tigrinus,Invertivore,Sino-Japanese
Lanius validirostris,Invertivore,Oriental
Lanius vittatus,Invertivore,Oriental
Urolestes melanoleucus,Invertivore,Afrotropical
Acanthoptila nipalensis,Invertivore,Sino-Japanese
Actinodura egertoni,Invertivore,Oriental
Actinodura radcliffei,Invertivore,Oriental
Actinodura ramsayi,Invertivore,Oriental
Actinodura sodangorum,Invertivore,Oriental
Alcippe brunneicauda,Invertivore,Oriental
Alcippe grotei,Invertivore,Oriental
Alcippe morrisonia,Invertivore,Sino-Japanese
Alcippe nipalensis,Invertivore,Oriental
Alcippe peracensis,Invertivore,Oriental
Alcippe poioicephala,Invertivore,Oriental
Alcippe pyrrhoptera,Invertivore,Oriental
Argya altirostris,Invertivore,Saharo-Arabian
Argya aylmeri,Invertivore,Afrotropical
Argya caudata,Omnivore,Oriental
Argya earlei,Invertivore,Oriental
Argya fulva,Invertivore,Afrotropical
Argya malcolmi,Invertivore,Oriental
Argya rubiginosa,Invertivore,Afrotropical
Argya squamiceps,Invertivore,Saharo-Arabian
Argya subrufa,Invertivore,Oriental
Chatarrhaea gularis,Invertivore,Oriental
Chatarrhaea longirostris,Invertivore,Oriental
Chrysominla strigula,Invertivore,Oriental
Cutia legalleni,Invertivore,Oriental
Cutia nipalensis,Invertivore,Oriental
Garrulax albogularis,Invertivore,Sino-Japanese
Garrulax annamensis,Invertivore,Oriental
Garrulax berthemyi,Invertivore,Sino-Japanese
Garrulax bicolor,Invertivore,Oriental
Garrulax bieti,Omnivore,Sino-Japanese
Garrulax caerulatus,Omnivore,Oriental
Garrulax calvus,Invertivore,Oriental
Garrulax canorus,Invertivore,Sino-Japanese
Garrulax castanotis,Invertivore,Oriental
Garrulax chinensis,Invertivore,Oriental
Garrulax cineraceus,Invertivore,Oriental
Garrulax cinereiceps,Invertivore,Sino-Japanese
Garrulax cinereifrons,Invertivore,Oriental
Garrulax courtoisi,Invertivore,Neotropical
Garrulax davidi,Invertivore,Palearctic
Garrulax delesserti,Invertivore,Oriental
Garrulax ferrarius,Invertivore,Oriental
Garrulax galbanus,Invertivore,Oriental
Garrulax gularis,Invertivore,Oriental
Garrulax konkakinhensis,Invertivore,Oriental
Garrulax koslowi,Omnivore,Sino-Japanese
Garrulax lanceolatus,Invertivore,Sino-Japanese
Garrulax leucolophus,Invertivore,Oriental
Garrulax lugubris,Invertivore,Oriental
Garrulax lunulatus,Invertivore,Sino-Japanese
Garrulax maesi,Invertivore,Sino-Japanese
Garrulax maximus,Invertivore,Sino-Japanese
Garrulax merulinus,Invertivore,Oriental
Garrulax milleti,Invertivore,Oriental
Garrulax mitratus,Invertivore,Oriental
Garrulax monachus,Invertivore,Oriental
Garrulax monileger,Invertivore,Oriental
Garrulax nuchalis,Invertivore,Sino-Japanese
Garrulax ocellatus,Omnivore,Sino-Japanese
Garrulax palliatus,Invertivore,Oriental
Garrulax pectoralis,Invertivore,Oriental
Garrulax perspicillatus,Invertivore,Sino-Japanese
Garrulax poecilorhynchus,Omnivore,Oriental
Garrulax ruficeps,Invertivore,Oriental
Garrulax ruficollis,Invertivore,Oriental
Garrulax rufifrons,Omnivore,Oriental
Garrulax rufogularis,Invertivore,Sino-Japanese
Garrulax sannio,Invertivore,Sino-Japanese
Garrulax strepitans,Invertivore,Oriental
Garrulax sukatschewi,Omnivore,Sino-Japanese
Garrulax taewanus,Invertivore,Oriental
Garrulax treacheri,Invertivore,Oriental
Garrulax vassali,Invertivore,Oriental
Garrulax waddelli,Omnivore,Sino-Japanese
Garrulax woodi,Invertivore,Oriental
Grammatoptila striata,Invertivore,Sino-Japanese
Heterophasia auricularis,Omnivore,Oriental
Heterophasia capistrata,Omnivore,Sino-Japanese
Heterophasia desgodinsi,Invertivore,Oriental
Heterophasia gracilis,Invertivore,Oriental
Heterophasia melanoleuca,Omnivore,Oriental
Heterophasia picaoides,Omnivore,Oriental
Heterophasia pulchella,Invertivore,Sino-Japanese
Kupeornis chapini,Invertivore,Afrotropical
Kupeornis gilberti,Invertivore,Afrotropical
Kupeornis rufocinctus,Invertivore,Afrotropical
Laniellus albonotatus,Invertivore,Oriental
Laniellus langbianis,Invertivore,Oriental
Leioptila annectens,Invertivore,Oriental
Leiothrix argentauris,Invertivore,Oriental
Leiothrix laurinae,Invertivore,Oriental
Leiothrix lutea,Invertivore,Sino-Japanese
Liocichla bugunorum,Invertivore,Oriental
Liocichla omeiensis,Invertivore,Sino-Japanese
Liocichla phoenicea,Omnivore,Oriental
Liocichla ripponi,Omnivore,Oriental
Liocichla steerii,Invertivore,Oriental
Minla ignotincta,Invertivore,Sino-Japanese
Montecincla cachinnans,Invertivore,Oriental
Montecincla fairbanki,Invertivore,Oriental
Montecincla jerdoni,Invertivore,Oriental
Montecincla meridionalis,Invertivore,Oriental
Phyllanthus atripennis,Invertivore,Afrotropical
Phyllanthus bohndorffi,Invertivore,Afrotropical
Phyllanthus rubiginosus,Invertivore,Afrotropical
Sibia morrisoniana,Invertivore,Oriental
Sibia nipalensis,Invertivore,Sino-Japanese
Sibia souliei,Invertivore,Sino-Japanese
Sibia waldeni,Omnivore,Oriental
Siva cyanouroptera,Invertivore,Oriental
Trochalopteron affine,Invertivore,Sino-Japanese
Trochalopteron austeni,Invertivore,Oriental
Trochalopteron chrysopterum,Invertivore,Oriental
Trochalopteron elliotii,Invertivore,Sino-Japanese
Trochalopteron erythrocephalum,Invertivore,Sino-Japanese
Trochalopteron formosum,Invertivore,Sino-Japanese
Trochalopteron henrici,Invertivore,Sino-Japanese
Trochalopteron imbricatum,Invertivore,Oriental
Trochalopteron lineatum,Invertivore,Oriental
Trochalopteron melanostigma,Invertivore,Oriental
Trochalopteron milnei,Invertivore,Oriental
Trochalopteron morrisonianum,Frugivore,Oriental
Trochalopteron ngoclinhense,Invertivore,Oriental
Trochalopteron peninsulae,Invertivore,Oriental
Trochalopteron squamatum,Omnivore,Oriental
Trochalopteron subunicolor,Invertivore,Oriental
Trochalopteron variegatum,Invertivore,Saharo-Arabian
Trochalopteron virgatum,Invertivore,Oriental
Trochalopteron yersini,Invertivore,Oriental
Turdoides affinis,Invertivore,Oriental
Turdoides bicolor,Invertivore,Afrotropical
Turdoides gymnogenys,Invertivore,Afrotropical
Turdoides hartlaubii,Invertivore,Afrotropical
Turdoides hindei,Omnivore,Afrotropical
Turdoides hypoleuca,Omnivore,Afrotropical
Turdoides jardineii,Invertivore,Afrotropical
Turdoides leucocephala,Invertivore,Afrotropical
Turdoides leucopygia,Omnivore,Afrotropical
Turdoides melanops,Invertivore,Afrotropical
Turdoides plebejus,Invertivore,Afrotropical
Turdoides reinwardtii,Omnivore,Afrotropical
Turdoides rufescens,Invertivore,Oriental
Turdoides sharpei,Invertivore,Afrotropical
Turdoides somervillei,Omnivore,Oriental
Turdoides squamulata,Omnivore,Afrotropical
Turdoides striata,Omnivore,Oriental
Turdoides tenebrosa,Invertivore,Afrotropical
Amphilais seebohmi,Invertivore,Madagascan
Bradypterus alfredi,Invertivore,Afrotropical
Bradypterus baboecala,Invertivore,Afrotropical
Bradypterus bangwaensis,Invertivore,Afrotropical
Bradypterus barratti,Invertivore,Afrotropical
Bradypterus brunneus,Invertivore,Madagascan
Bradypterus carpalis,Invertivore,Afrotropical
Bradypterus centralis,Invertivore,Afrotropical
Bradypterus cinnamomeus,Invertivore,Afrotropical
Bradypterus grandis,Invertivore,Afrotropical
Bradypterus graueri,Invertivore,Afrotropical
Bradypterus lopezi,Invertivore,Afrotropical
Bradypterus sylvaticus,Invertivore,Afrotropical
Buettikoferella bivittata,Invertivore,Oriental
Chaetornis striata,Invertivore,Oriental
Cincloramphus cruralis,Invertivore,Australian
Cincloramphus macrurus,Invertivore,Oceanian
Cincloramphus mathewsi,Invertivore,Australian
Cincloramphus timoriensis,Invertivore,Oceanian
Elaphrornis palliseri,Invertivore,Oriental
Locustella accentor,Invertivore,Oriental
Locustella alishanensis,Invertivore,Oriental
Locustella amnicola,Invertivore,Palearctic
Locustella castanea,Invertivore,Oriental
Locustella caudata,Invertivore,Sino-Japanese
Locustella certhiola,Invertivore,Palearctic
Locustella chengi,Invertivore,Sino-Japanese
Locustella davidi,Invertivore,Palearctic
Locustella fasciolata,Invertivore,Palearctic
Locustella fluviatilis,Invertivore,Palearctic
Locustella kashmirensis,Invertivore,Sino-Japanese
Locustella lanceolata,Invertivore,Palearctic
Locustella luscinioides,Invertivore,Palearctic
Locustella luteoventris,Invertivore,Oriental
Locustella major,Invertivore,Sino-Japanese
Locustella mandelli,Invertivore,Sino-Japanese
Locustella montis,Invertivore,Oriental
Locustella naevia,Invertivore,Palearctic
Locustella ochotensis,Invertivore,Palearctic
Locustella pleskei,Invertivore,Palearctic
Locustella portenta,Invertivore,NA
Locustella pryeri,Invertivore,Palearctic
Locustella seebohmi,Invertivore,Oriental
Locustella tacsanowskia,Invertivore,Palearctic
Locustella thoracica,Invertivore,Sino-Japanese
Malia grata,Invertivore,Oriental
Megalurulus grosvenori,Invertivore,Oceanian
Megalurulus llaneae,Invertivore,Oceanian
Megalurulus mariae,Invertivore,Oceanian
Megalurulus rubiginosus,Invertivore,Oceanian
Megalurulus rufus,Invertivore,Oceanian
Megalurulus turipavae,Invertivore,Oceanian
Megalurulus whitneyi,Invertivore,Oceanian
Megalurus palustris,Invertivore,Oriental
Poodytes albolimbatus,Invertivore,Oceanian
Poodytes carteri,Invertivore,Australian
Poodytes caudatus,Invertivore,Australian
Poodytes caudatus,Invertivore,Australian
Poodytes caudatus,Invertivore,Australian
Poodytes gramineus,Invertivore,Australian
Poodytes punctatus,Invertivore,Australian
Robsonius rabori,Invertivore,Oriental
Robsonius sorsogonensis,Invertivore,Oriental
Robsonius thompsoni,Invertivore,Oriental
Schoenicola brevirostris,Invertivore,Afrotropical
Schoenicola platyurus,Invertivore,Oriental
Machaerirhynchus flaviventer,Invertivore,Oceanian
Machaerirhynchus nigripectus,Invertivore,Oceanian
Achaetops pycnopygius,Invertivore,Afrotropical
Cryptillas victorini,Invertivore,Afrotropical
Graueria vittata,Invertivore,Afrotropical
Macrosphenus concolor,Invertivore,Afrotropical
Macrosphenus flavicans,Invertivore,Afrotropical
Macrosphenus kempi,Invertivore,Afrotropical
Macrosphenus kretschmeri,Invertivore,Afrotropical
Macrosphenus pulitzeri,Invertivore,Afrotropical
Melocichla mentalis,Invertivore,Afrotropical
Sphenoeacus afer,Invertivore,Afrotropical
Sylvietta brachyura,Invertivore,Afrotropical
Sylvietta chapini,Invertivore,Afrotropical
Sylvietta denti,Invertivore,Afrotropical
Sylvietta isabellina,Invertivore,Afrotropical
Sylvietta leucophrys,Invertivore,Afrotropical
Sylvietta leucopsis,Invertivore,Afrotropical
Sylvietta philippae,Invertivore,Afrotropical
Sylvietta rufescens,Invertivore,Afrotropical
Sylvietta ruficapilla,Invertivore,Afrotropical
Sylvietta virens,Invertivore,Afrotropical
Sylvietta whytii,Invertivore,Afrotropical
Bocagia minuta,Invertivore,Afrotropical
Chlorophoneus bocagei,Invertivore,Afrotropical
Chlorophoneus kupeensis,Invertivore,Afrotropical
Chlorophoneus multicolor,Invertivore,Afrotropical
Chlorophoneus nigrifrons,Invertivore,Afrotropical
Chlorophoneus olivaceus,Invertivore,Afrotropical
Chlorophoneus sulfureopectus,Invertivore,Afrotropical
Dryoscopus angolensis,Invertivore,Afrotropical
Dryoscopus cubla,Invertivore,Afrotropical
Dryoscopus gambensis,Invertivore,Afrotropical
Dryoscopus pringlii,Invertivore,Afrotropical
Dryoscopus sabini,Invertivore,Afrotropical
Dryoscopus senegalensis,Invertivore,Afrotropical
Laniarius aethiopicus,Invertivore,Afrotropical
Laniarius amboimensis,Invertivore,Afrotropical
Laniarius atrococcineus,Invertivore,Afrotropical
Laniarius atroflavus,Invertivore,Afrotropical
Laniarius barbarus,Invertivore,Afrotropical
Laniarius bicolor,Invertivore,Afrotropical
Laniarius brauni,Invertivore,Afrotropical
Laniarius erythrogaster,Invertivore,Afrotropical
Laniarius ferrugineus,Invertivore,Afrotropical
Laniarius fuelleborni,Invertivore,Afrotropical
Laniarius funebris,Invertivore,Afrotropical
Laniarius holomelas,Invertivore,Afrotropical
Laniarius leucorhynchus,Invertivore,Afrotropical
Laniarius luehderi,Invertivore,Afrotropical
Laniarius mufumbiri,Invertivore,Afrotropical
Laniarius nigerrimus,Invertivore,Afrotropical
Laniarius poensis,Invertivore,Afrotropical
Laniarius ruficeps,Invertivore,Afrotropical
Laniarius sublacteus,Invertivore,Afrotropical
Laniarius turatii,Invertivore,Afrotropical
Malaconotus alius,Invertivore,Afrotropical
Malaconotus blanchoti,Invertivore,Afrotropical
Malaconotus cruentus,Invertivore,Afrotropical
Malaconotus gladiator,Invertivore,Afrotropical
Malaconotus lagdeni,Invertivore,Afrotropical
Malaconotus monteiri,Vertivore,Afrotropical
Nilaus afer,Invertivore,Afrotropical
Rhodophoneus cruentus,Invertivore,Afrotropical
Tchagra australis,Invertivore,Afrotropical
Tchagra jamesi,Invertivore,Afrotropical
Tchagra senegalus,Invertivore,Afrotropical
Tchagra tchagra,Invertivore,Afrotropical
Telophorus dohertyi,Invertivore,Afrotropical
Telophorus viridis,Invertivore,Afrotropical
Telophorus zeylonus,Invertivore,Afrotropical
Amytornis ballarae,Omnivore,Australian
Amytornis barbatus,Omnivore,Australian
Amytornis dorotheae,Omnivore,Australian
Amytornis goyderi,Granivore,Australian
Amytornis housei,Omnivore,Australian
Amytornis merrotsyi,Omnivore,Australian
Amytornis modestus,Omnivore,Australian
Amytornis purnelli,Omnivore,Australian
Amytornis striatus,Omnivore,Australian
Amytornis textilis,Omnivore,Australian
Amytornis woodwardi,Omnivore,Australian
Chenorhamphus grayi,Invertivore,Oceanian
Clytomyias insignis,Invertivore,Oceanian
Malurus alboscapulatus,Invertivore,Oceanian
Malurus amabilis,Invertivore,Australian
Malurus assimilis,Invertivore,Australian
Malurus coronatus,Invertivore,Australian
Malurus cyaneus,Invertivore,Australian
Malurus cyanocephalus,Invertivore,Oceanian
Malurus elegans,Invertivore,Australian
Malurus lamberti,Invertivore,Australian
Malurus leucopterus,Invertivore,Australian
Malurus melanocephalus,Invertivore,Australian
Malurus pulcherrimus,Invertivore,Australian
Malurus splendens,Invertivore,Australian
Sipodotus wallacii,Invertivore,Oceanian
Stipiturus malachurus,Invertivore,Australian
Stipiturus mallee,Invertivore,Australian
Stipiturus ruficeps,Invertivore,Australian
Megalampitta gigantea,Invertivore,Oceanian
Melampitta lugubris,Invertivore,Oceanian
Melanocharis arfakiana,Frugivore,Oceanian
Melanocharis longicauda,Frugivore,Oceanian
Melanocharis nigra,Frugivore,Oceanian
Melanocharis striativentris,Frugivore,Oceanian
Melanocharis versteri,Frugivore,Oceanian
Oedistoma iliolophus,Omnivore,Oceanian
Oedistoma pygmaeum,Omnivore,Oceanian
Rhamphocharis crassirostris,Frugivore,Oceanian
Rhamphocharis piperata,Frugivore,Oceanian
Toxorhamphus novaeguineae,Omnivore,Oceanian
Toxorhamphus poliopterus,Omnivore,Oceanian
Melanopareia elegans,Invertivore,Neotropical
Melanopareia maranonica,Invertivore,Neotropical
Melanopareia maximiliani,Invertivore,Neotropical
Melanopareia torquata,Invertivore,Neotropical
Acanthagenys rufogularis,Omnivore,Australian
Acanthorhynchus superciliosus,Nectarivore,Australian
Acanthorhynchus tenuirostris,Nectarivore,Australian
Anthochaera carunculata,Nectarivore,Australian
Anthochaera chrysoptera,Nectarivore,Australian
Anthochaera lunulata,Nectarivore,Australian
Anthochaera paradoxa,Nectarivore,Australian
Anthochaera phrygia,Omnivore,Australian
Anthornis melanura,Nectarivore,Australian
Ashbyia lovensis,Invertivore,Australian
Bolemoreus frenatus,Omnivore,Australian
Bolemoreus hindwoodi,Omnivore,Australian
Caligavis chrysops,Omnivore,Australian
Caligavis obscura,Omnivore,Oceanian
Caligavis subfrenata,Omnivore,Oceanian
Certhionyx variegatus,Nectarivore,Australian
Cissomela pectoralis,Nectarivore,Australian
Conopophila albogularis,Invertivore,Oceanian
Conopophila rufogularis,Invertivore,Australian
Conopophila whitei,Invertivore,Australian
Entomyzon albipennis,Omnivore,Australian
Entomyzon cyanotis,Omnivore,Australian
Epthianura albifrons,Invertivore,Australian
Epthianura aurifrons,Invertivore,Australian
Epthianura crocea,Invertivore,Australian
Epthianura tricolor,Invertivore,Australian
Foulehaio carunculatus,Omnivore,Oceanian
Foulehaio procerior,Omnivore,Oceanian
Foulehaio taviunensis,Omnivore,Oceanian
Gavicalis fasciogularis,Omnivore,Australian
Gavicalis versicolor,Omnivore,Oceanian
Gavicalis virescens,Invertivore,Australian
Gliciphila melanops,Nectarivore,Australian
Gliciphila notabilis,Omnivore,Oceanian
Gliciphila undulata,Omnivore,Oceanian
Glycichaera fallax,Invertivore,Oceanian
Grantiella picta,Omnivore,Australian
Guadalcanaria inexpectata,Omnivore,Oceanian
Gymnomyza aubryana,Omnivore,Oceanian
Gymnomyza brunneirostris,Omnivore,Oceanian
Gymnomyza samoensis,Omnivore,Oceanian
Gymnomyza viridis,Omnivore,Oceanian
Lichenostomus cratitius,Omnivore,Australian
Lichenostomus melanops,Omnivore,Australian
Lichmera alboauricularis,Nectarivore,Oceanian
Lichmera argentauris,Nectarivore,Oceanian
Lichmera deningeri,Nectarivore,Oceanian
Lichmera flavicans,Nectarivore,Oriental
Lichmera incana,Nectarivore,Oceanian
Lichmera indistincta,Nectarivore,Australian
Lichmera lombokia,Nectarivore,Oriental
Lichmera monticola,Nectarivore,Oceanian
Lichmera notabilis,Nectarivore,Oriental
Lichmera squamata,Nectarivore,Oceanian
Macgregoria pulchra,Frugivore,Oceanian
Manorina flavigula,Invertivore,Australian
Manorina melanocephala,Omnivore,Australian
Manorina melanophrys,Invertivore,Australian
Manorina melanotis,Invertivore,Australian
Meliarchus sclateri,Invertivore,Oceanian
Melidectes belfordi,Invertivore,Oceanian
Melidectes foersteri,Omnivore,Oceanian
Melidectes fuscus,Omnivore,Oceanian
Melidectes leucostephes,Omnivore,Oceanian
Melidectes nouhuysi,Omnivore,Oceanian
Melidectes ochromelas,Omnivore,Oceanian
Melidectes princeps,Omnivore,Oceanian
Melidectes rufocrissalis,Omnivore,Oceanian
Melidectes torquatus,Invertivore,Oceanian
Melilestes megarhynchus,Omnivore,Oceanian
Meliphacator provocator,Nectarivore,Oceanian
Meliphaga aruensis,Omnivore,Oceanian
Meliphaga lewinii,Omnivore,Australian
Meliphaga notata,Omnivore,Australian
Melipotes ater,Frugivore,Oceanian
Melipotes carolae,Frugivore,Oceanian
Melipotes fumigatus,Frugivore,Oceanian
Melipotes gymnops,Frugivore,Oceanian
Melithreptus affinis,Invertivore,Australian
Melithreptus albogularis,Invertivore,Australian
Melithreptus brevirostris,Omnivore,Australian
Melithreptus chloropsis,Invertivore,Australian
Melithreptus gularis,Omnivore,Australian
Melithreptus laetior,Omnivore,Australian
Melithreptus lunatus,Invertivore,Australian
Melithreptus validirostris,Invertivore,Australian
Melitograis gilolensis,Omnivore,Oceanian
Microptilotis albilineatus,Omnivore,Australian
Microptilotis albonotatus,Omnivore,Oceanian
Microptilotis analogus,Omnivore,Oceanian
Microptilotis cinereifrons,Omnivore,Oceanian
Microptilotis flavirictus,Omnivore,Oceanian
Microptilotis fordianus,Omnivore,Australian
Microptilotis gracilis,Omnivore,Oceanian
Microptilotis imitatrix,Omnivore,Australian
Microptilotis mimikae,Omnivore,Oceanian
Microptilotis montanus,Omnivore,Oceanian
Microptilotis orientalis,Nectarivore,Oceanian
Microptilotis reticulatus,Omnivore,Oriental
Microptilotis vicina,Omnivore,Oceanian
Myza celebensis,Nectarivore,Oriental
Myza sarasinorum,Nectarivore,Oriental
Myzomela adolphinae,Nectarivore,Oceanian
Myzomela albigula,Nectarivore,Oceanian
Myzomela batjanensis,Nectarivore,Oceanian
Myzomela blasii,Nectarivore,Oceanian
Myzomela boiei,Nectarivore,Oceanian
Myzomela caledonica,Nectarivore,Oceanian
Myzomela cardinalis,Nectarivore,Australian
Myzomela chermesina,Omnivore,Oceanian
Myzomela chloroptera,Nectarivore,Oceanian
Myzomela cineracea,Nectarivore,Oceanian
Myzomela cruentata,Nectarivore,Oceanian
Myzomela dammermani,Nectarivore,Oriental
Myzomela eichhorni,Nectarivore,Oceanian
Myzomela eques,Nectarivore,Oceanian
Myzomela erythrina,Nectarivore,Oceanian
Myzomela erythrocephala,Nectarivore,Oceanian
Myzomela erythromelas,Nectarivore,Oceanian
Myzomela irianawidodoae,Nectarivore,NA
Myzomela jugularis,Nectarivore,Oceanian
Myzomela jugularis,Nectarivore,Oceanian
Myzomela kuehni,Nectarivore,Oceanian
Myzomela lafargei,Nectarivore,Oceanian
Myzomela longirostris,Nectarivore,Oceanian
Myzomela malaitae,Nectarivore,Oceanian
Myzomela melanocephala,Nectarivore,Oceanian
Myzomela nigrita,Omnivore,Oceanian
Myzomela obscura,Nectarivore,Oceanian
Myzomela pammelaena,Omnivore,Oceanian
Myzomela prawiradilagae,Nectarivore,NA
Myzomela pulchella,Nectarivore,Oceanian
Myzomela rosenbergii,Nectarivore,Oceanian
Myzomela rubratra,Nectarivore,Oceanian
Myzomela rubrobrunnea,Nectarivore,Oceanian
Myzomela rubrotincta,Nectarivore,Oceanian
Myzomela sanguinolenta,Nectarivore,Australian
Myzomela sclateri,Omnivore,Oceanian
Myzomela simplex,Nectarivore,Oceanian
Myzomela tristrami,Nectarivore,Oceanian
Myzomela vulnerata,Nectarivore,Oriental
Myzomela wahe,Nectarivore,NA
Myzomela wakoloensis,Nectarivore,Oceanian
Nesoptilotis flavicollis,Omnivore,Australian
Nesoptilotis leucotis,Invertivore,Australian
Oreornis chrysogenys,Omnivore,Oceanian
Philemon albitorques,Nectarivore,Oceanian
Philemon argenticeps,Omnivore,Australian
Philemon brassi,Omnivore,Oceanian
Philemon buceroides,Omnivore,Oceanian
Philemon citreogularis,Omnivore,Australian
Philemon cockerelli,Omnivore,Oceanian
Philemon corniculatus,Omnivore,Australian
Philemon diemenensis,Omnivore,Oceanian
Philemon eichhorni,Omnivore,Oceanian
Philemon fuscicapillus,Omnivore,Oceanian
Philemon inornatus,Omnivore,Oriental
Philemon kisserensis,Omnivore,Oceanian
Philemon meyeri,Omnivore,Oceanian
Philemon moluccensis,Omnivore,Oceanian
Philemon plumigenis,Omnivore,Oceanian
Philemon subcorniculatus,Omnivore,Oceanian
Phylidonyris niger,Nectarivore,Australian
Phylidonyris novaehollandiae,Nectarivore,Australian
Phylidonyris pyrrhopterus,Omnivore,Australian
Plectorhyncha lanceolata,Omnivore,Australian
Prosthemadera novaeseelandiae,Nectarivore,Australian
Ptiloprora erythropleura,Invertivore,Oceanian
Ptiloprora guisei,Invertivore,Oceanian
Ptiloprora mayri,Invertivore,Oceanian
Ptiloprora meekiana,Invertivore,Oceanian
Ptiloprora perstriata,Invertivore,Oceanian
Ptiloprora plumbea,Invertivore,Oceanian
Ptilotula flavescens,Nectarivore,Australian
Ptilotula fusca,Invertivore,Australian
Ptilotula keartlandi,Invertivore,Australian
Ptilotula ornata,Omnivore,Australian
Ptilotula penicillata,Omnivore,Australian
Ptilotula plumula,Omnivore,Australian
Purnella albifrons,Nectarivore,Australian
Pycnopygius cinereus,Omnivore,Oceanian
Pycnopygius ixoides,Omnivore,Oceanian
Pycnopygius stictocephalus,Omnivore,Oceanian
Ramsayornis fasciatus,Omnivore,Australian
Ramsayornis modestus,Nectarivore,Oceanian
Stomiopera flava,Omnivore,Australian
Stomiopera unicolor,Omnivore,Australian
Stresemannia bougainvillei,Omnivore,Oceanian
Sugomel nigrum,Nectarivore,Australian
Timeliopsis fulvigula,Invertivore,Oceanian
Timeliopsis griseigula,Omnivore,Oceanian
Trichodere cockerelli,Nectarivore,Australian
Vosea whitemanensis,Nectarivore,Oceanian
Xanthotis flaviventer,Invertivore,Oceanian
Xanthotis macleayanus,Invertivore,Australian
Xanthotis polygrammus,Invertivore,Oceanian
Menura alberti,Invertivore,Australian
Menura novaehollandiae,Invertivore,Australian
Allenia fusca,Omnivore,Neotropical
Cinclocerthia gutturalis,Invertivore,Neotropical
Cinclocerthia ruficauda,Invertivore,Neotropical
Dumetella carolinensis,Invertivore,Nearctic
Margarops fuscatus,Omnivore,Neotropical
Melanoptila glabrirostris,Invertivore,Neotropical
Melanotis caerulescens,Omnivore,Nearctic
Melanotis hypoleucus,Invertivore,Neotropical
Mimus dorsalis,Invertivore,Neotropical
Mimus gilvus,Invertivore,Neotropical
Mimus graysoni,Omnivore,Neotropical
Mimus gundlachii,Omnivore,Neotropical
Mimus longicaudatus,Omnivore,Neotropical
Mimus macdonaldi,Omnivore,Neotropical
Mimus melanotis,Invertivore,Neotropical
Mimus parvulus,Omnivore,Neotropical
Mimus patagonicus,Invertivore,Neotropical
Mimus polyglottos,Omnivore,Nearctic
Mimus saturninus,Omnivore,Neotropical
Mimus thenca,Omnivore,Neotropical
Mimus trifasciatus,Omnivore,Neotropical
Mimus triurus,Invertivore,Neotropical
Oreoscoptes montanus,Invertivore,Nearctic
Ramphocinclus brachyurus,Invertivore,Neotropical
Toxostoma bendirei,Omnivore,Nearctic
Toxostoma cinereum,Invertivore,Nearctic
Toxostoma crissale,Invertivore,Nearctic
Toxostoma curvirostre,Invertivore,Nearctic
Toxostoma guttatum,Invertivore,Neotropical
Toxostoma lecontei,Invertivore,Nearctic
Toxostoma longirostre,Invertivore,Nearctic
Toxostoma ocellatum,Invertivore,Nearctic
Toxostoma redivivum,Invertivore,Nearctic
Toxostoma rufum,Omnivore,Nearctic
Lamprospiza melanoleuca,Omnivore,Neotropical
Mitrospingus cassinii,Omnivore,Neotropical
Mitrospingus oleagineus,Invertivore,Neotropical
Orthogonys chloricterus,Invertivore,Neotropical
Arcanator orostruthus,Invertivore,Afrotropical
Kakamega poliothorax,Invertivore,Afrotropical
Modulatrix stictigula,Omnivore,Afrotropical
Mohoua albicilla,Invertivore,Australian
Mohoua novaeseelandiae,Invertivore,Australian
Mohoua ochrocephala,Invertivore,Australian
Arses insularis,Invertivore,Oceanian
Arses kaupi,Invertivore,Australian
Arses lorealis,Invertivore,Australian
Arses telescopthalmus,Invertivore,Oceanian
Carterornis castus,Invertivore,Oriental
Carterornis chrysomela,Invertivore,Oceanian
Carterornis leucotis,Invertivore,Australian
Carterornis pileatus,Invertivore,Oceanian
Chasiempis ibidis,Invertivore,Nearctic
Chasiempis sandwichensis,Invertivore,Nearctic
Chasiempis sclateri,Invertivore,Nearctic
Clytorhynchus hamlini,Invertivore,Oceanian
Clytorhynchus hamlini,Invertivore,Oceanian
Clytorhynchus nigrogularis,Invertivore,Oceanian
Clytorhynchus pachycephaloides,Invertivore,Oceanian
Clytorhynchus sanctaecrucis,Invertivore,Oceanian
Clytorhynchus vitiensis,Invertivore,Oceanian
Grallina bruijnii,Aquatic predator,Oceanian
Grallina cyanoleuca,Aquatic predator,Australian
Hypothymis azurea,Invertivore,Oriental
Hypothymis coelestis,Invertivore,Oceanian
Hypothymis helenae,Invertivore,Oriental
Hypothymis puella,Invertivore,Oriental
Mayrornis lessoni,Invertivore,Oceanian
Mayrornis schistaceus,Invertivore,Oceanian
Mayrornis versicolor,Invertivore,Oceanian
Metabolus godeffroyi,Invertivore,Oceanian
Metabolus godeffroyi,Invertivore,Oceanian
Metabolus godeffroyi,Invertivore,Oceanian
Metabolus godeffroyi,Invertivore,Oceanian
Metabolus rugensis,Invertivore,Oceanian
Metabolus takatsukasae,Invertivore,Oceanian
Monarcha castaneiventris,Invertivore,Oceanian
Monarcha cinerascens,Invertivore,Oceanian
Monarcha frater,Invertivore,Oceanian
Monarcha megarhynchus,Invertivore,Oceanian
Monarcha melanopsis,Invertivore,Australian
Monarcha richardsii,Invertivore,Oceanian
Monarcha ugiensis,Invertivore,Oceanian
Myiagra albiventris,Invertivore,Oceanian
Myiagra albiventris,Invertivore,Oceanian
Myiagra albiventris,Invertivore,Oceanian
Myiagra albiventris,Invertivore,Oceanian
Myiagra alecto,Invertivore,Oceanian
Myiagra atra,Invertivore,Oceanian
Myiagra azureocapilla,Invertivore,Neotropical
Myiagra caledonica,Invertivore,Oceanian
Myiagra castaneigularis,Invertivore,Oceanian
Myiagra cervinicauda,Invertivore,Oceanian
Myiagra cervinicolor,Invertivore,Oceanian
Myiagra cyanoleuca,Invertivore,Australian
Myiagra eichhorni,Invertivore,Oceanian
Myiagra erythrops,Invertivore,Oceanian
Myiagra ferrocyanea,Invertivore,Oceanian
Myiagra galeata,Invertivore,Oceanian
Myiagra hebetior,Invertivore,Oceanian
Myiagra inquieta,Invertivore,Australian
Myiagra nana,Invertivore,Australian
Myiagra oceanica,Invertivore,Oceanian
Myiagra pluto,Invertivore,Oceanian
Myiagra rubecula,Invertivore,Australian
Myiagra ruficollis,Invertivore,Australian
Myiagra vanikorensis,Invertivore,Oceanian
Neolalage banksiana,Invertivore,Oceanian
Pomarea dimidiata,Invertivore,Oceanian
Pomarea iphis,Invertivore,Neotropical
Pomarea iphis,Invertivore,Neotropical
Pomarea mendozae,Invertivore,Neotropical
Pomarea mira,Invertivore,NA
Pomarea nigra,Invertivore,Oceanian
Pomarea whitneyi,Invertivore,Neotropical
Symposiachrus ateralbus,Invertivore,Oceanian
Symposiachrus axillaris,Invertivore,Oceanian
Symposiachrus barbatus,Invertivore,Oceanian
Symposiachrus boanensis,Invertivore,Oceanian
Symposiachrus brehmii,Invertivore,Oceanian
Symposiachrus browni,Invertivore,Oceanian
Symposiachrus everetti,Invertivore,Oriental
Symposiachrus guttula,Invertivore,Oceanian
Symposiachrus infelix,Invertivore,Oceanian
Symposiachrus julianae,Invertivore,Oceanian
Symposiachrus leucurus,Invertivore,Oceanian
Symposiachrus leucurus,Invertivore,Oceanian
Symposiachrus loricatus,Invertivore,Oceanian
Symposiachrus malaitae,Invertivore,Oceanian
Symposiachrus manadensis,Invertivore,Oceanian
Symposiachrus menckei,Invertivore,Oceanian
Symposiachrus mundus,Invertivore,Oceanian
Symposiachrus rubiensis,Invertivore,Oceanian
Symposiachrus sacerdotum,Invertivore,Oriental
Symposiachrus trivirgatus,Invertivore,Australian
Symposiachrus verticalis,Invertivore,Oceanian
Symposiachrus vidua,Invertivore,Oceanian
Terpsiphone affinis,Invertivore,Oriental
Terpsiphone atrocaudata,Invertivore,Sino-Japanese
Terpsiphone atrochalybeia,Invertivore,Afrotropical
Terpsiphone batesi,Invertivore,Afrotropical
Terpsiphone bedfordi,Invertivore,Afrotropical
Terpsiphone bourbonnensis,Invertivore,Madagascan
Terpsiphone cinnamomea,Invertivore,Oriental
Terpsiphone corvina,Invertivore,Madagascan
Terpsiphone cyanescens,Invertivore,Oriental
Terpsiphone floris,Invertivore,Oceanian
Terpsiphone incei,Invertivore,Sino-Japanese
Terpsiphone mutata,Invertivore,Madagascan
Terpsiphone paradisi,Invertivore,Oriental
Terpsiphone rufiventer,Invertivore,Afrotropical
Terpsiphone rufocinerea,Invertivore,Afrotropical
Terpsiphone unirufa,Invertivore,Sino-Japanese
Terpsiphone viridis,Invertivore,Afrotropical
Trochocercus bivittatus,Invertivore,Afrotropical
Trochocercus cyanomelas,Invertivore,Afrotropical
Trochocercus nitens,Invertivore,Afrotropical
Amaurocichla bocagii,Invertivore,Afrotropical
Anthus antarcticus,Invertivore,Neotropical
Anthus berthelotii,Invertivore,Saharo-Arabian
Anthus berthelotii,Invertivore,Saharo-Arabian
Anthus bogotensis,Invertivore,Neotropical
Anthus brachyurus,Invertivore,Afrotropical
Anthus caffer,Invertivore,Afrotropical
Anthus campestris,Invertivore,Saharo-Arabian
Anthus cervinus,Invertivore,Palearctic
Anthus chacoensis,Invertivore,Neotropical
Anthus cinnamomeus,Invertivore,Afrotropical
Anthus correndera,Invertivore,Neotropical
Anthus crenatus,Invertivore,Afrotropical
Anthus furcatus,Invertivore,Neotropical
Anthus godlewskii,Invertivore,Palearctic
Anthus gustavi,Invertivore,Palearctic
Anthus gutturalis,Invertivore,Oceanian
Anthus hellmayri,Invertivore,Neotropical
Anthus hodgsoni,Invertivore,Palearctic
Anthus hoeschi,Invertivore,Afrotropical
Anthus leucophrys,Invertivore,Afrotropical
Anthus lineiventris,Invertivore,Afrotropical
Anthus lutescens,Invertivore,Neotropical
Anthus melindae,Invertivore,Afrotropical
Anthus nattereri,Invertivore,Neotropical
Anthus nilghiriensis,Invertivore,Oriental
Anthus novaeseelandiae,Invertivore,Australian
Anthus nyassae,Invertivore,Afrotropical
Anthus pallidiventris,Invertivore,Afrotropical
Anthus peruvianus,Invertivore,Neotropical
Anthus petrosus,Invertivore,Palearctic
Anthus pratensis,Invertivore,Palearctic
Anthus richardi,Invertivore,Palearctic
Anthus roseatus,Invertivore,Sino-Japanese
Anthus rubescens,Invertivore,Palearctic
Anthus rufulus,Invertivore,Oriental
Anthus similis,Invertivore,Afrotropical
Anthus sokokensis,Invertivore,Madagascan
Anthus spinoletta,Invertivore,Palearctic
Anthus spragueii,Invertivore,Nearctic
Anthus sylvanus,Invertivore,Sino-Japanese
Anthus trivialis,Invertivore,Palearctic
Anthus vaalensis,Invertivore,Afrotropical
Dendronanthus indicus,Invertivore,Sino-Japanese
Hemimacronyx chloris,Invertivore,Afrotropical
Macronyx ameliae,Invertivore,Afrotropical
Macronyx aurantiigula,Invertivore,Afrotropical
Macronyx capensis,Invertivore,Afrotropical
Macronyx croceus,Invertivore,Afrotropical
Macronyx flavicollis,Invertivore,Afrotropical
Macronyx fuelleborni,Invertivore,Afrotropical
Macronyx grimwoodi,Invertivore,Afrotropical
Macronyx sharpei,Invertivore,Afrotropical
Madanga ruficollis,Invertivore,Oceanian
Motacilla aguimp,Invertivore,Afrotropical
Motacilla alba,Invertivore,Palearctic
Motacilla capensis,Invertivore,Afrotropical
Motacilla cinerea,Invertivore,Palearctic
Motacilla citreola,Aquatic predator,Palearctic
Motacilla clara,Invertivore,Afrotropical
Motacilla flava,Invertivore,Palearctic
Motacilla flaviventris,Invertivore,Madagascan
Motacilla grandis,Invertivore,Palearctic
Motacilla maderaspatensis,Invertivore,Oriental
Motacilla samveasnae,Invertivore,Oriental
Motacilla tschutschensis,Invertivore,Palearctic
Tmetothylacus tenellus,Invertivore,Afrotropical
Agricola infuscatus,Invertivore,Afrotropical
Agricola pallidus,Invertivore,Afrotropical
Alethe castanea,Invertivore,Afrotropical
Alethe diademata,Invertivore,Afrotropical
Anthipes monileger,Invertivore,Oriental
Anthipes solitaris,Invertivore,Oriental
Brachypteryx cruralis,Invertivore,Oriental
Brachypteryx erythrogyna,Invertivore,Oriental
Brachypteryx floris,Invertivore,Oriental
Brachypteryx goodfellowi,Invertivore,Oriental
Brachypteryx hyperythra,Invertivore,Sino-Japanese
Brachypteryx leucophris,Invertivore,Oriental
Brachypteryx montana,Invertivore,Oriental
Brachypteryx poliogyna,Invertivore,Oriental
Brachypteryx saturata,Invertivore,Oriental
Brachypteryx sinensis,Invertivore,Sino-Japanese
Bradornis boehmi,Invertivore,Afrotropical
Bradornis comitatus,Invertivore,Afrotropical
Bradornis fuliginosus,Invertivore,Afrotropical
Bradornis mariquensis,Invertivore,Afrotropical
Bradornis microrhynchus,Invertivore,Afrotropical
Bradornis ussheri,Invertivore,Afrotropical
Calliope calliope,Invertivore,Palearctic
Calliope obscura,Invertivore,Sino-Japanese
Calliope pectardens,Invertivore,Sino-Japanese
Calliope pectoralis,Invertivore,Sino-Japanese
Calliope tschebaiewi,Invertivore,Sino-Japanese
Campicoloides bifasciatus,Invertivore,Afrotropical
Cercotrichas galactotes,Invertivore,Saharo-Arabian
Cercotrichas hartlaubi,Invertivore,Afrotropical
Cercotrichas leucophrys,Invertivore,Afrotropical
Cercotrichas paena,Invertivore,Afrotropical
Cercotrichas podobe,Invertivore,Afrotropical
Chamaetylas choloensis,Invertivore,Afrotropical
Chamaetylas fuelleborni,Invertivore,Afrotropical
Chamaetylas poliocephala,Invertivore,Afrotropical
Chamaetylas poliophrys,Invertivore,Afrotropical
Cichladusa arquata,Invertivore,Afrotropical
Cichladusa guttata,Invertivore,Afrotropical
Cichladusa ruficauda,Invertivore,Afrotropical
Cinclidium frontale,Invertivore,Oriental
Copsychus albospecularis,Invertivore,Madagascan
Copsychus mindanensis,Invertivore,Oceanian
Copsychus pica,Invertivore,Madagascan
Copsychus saularis,Invertivore,Oriental
Copsychus sechellarum,Omnivore,Madagascan
Cossypha albicapillus,Invertivore,Afrotropical
Cossypha cyanocampter,Invertivore,Afrotropical
Cossypha dichroa,Invertivore,Afrotropical
Cossypha heinrichi,Invertivore,Afrotropical
Cossypha heuglini,Invertivore,Afrotropical
Cossypha natalensis,Invertivore,Afrotropical
Cossypha niveicapilla,Invertivore,Afrotropical
Cossypha semirufa,Invertivore,Afrotropical
Cossyphicula roberti,Invertivore,Afrotropical
Cyanecula svecica,Invertivore,Palearctic
Cyanoptila cumatilis,Invertivore,Sino-Japanese
Cyanoptila cyanomelana,Invertivore,Palearctic
Cyornis banyumas,Invertivore,Oriental
Cyornis brunneatus,Invertivore,Sino-Japanese
Cyornis caerulatus,Invertivore,Oriental
Cyornis camarinensis,Invertivore,Oriental
Cyornis colonus,Invertivore,Oceanian
Cyornis concretus,Invertivore,Oriental
Cyornis djampeanus,Invertivore,Oceanian
Cyornis glaucicomans,Invertivore,Sino-Japanese
Cyornis hainanus,Invertivore,Oriental
Cyornis herioti,Invertivore,Oriental
Cyornis hoevelli,Invertivore,Oriental
Cyornis hyacinthinus,Invertivore,Oriental
Cyornis lemprieri,Invertivore,Oriental
Cyornis magnirostris,Invertivore,Oriental
Cyornis nicobaricus,Invertivore,Oriental
Cyornis olivaceus,Invertivore,Oriental
Cyornis omissus,Invertivore,Oriental
Cyornis oscillans,Invertivore,Oceanian
Cyornis pallidipes,Invertivore,Oriental
Cyornis poliogenys,Invertivore,Oriental
Cyornis rubeculoides,Invertivore,Oriental
Cyornis ruckii,Invertivore,Oriental
Cyornis ruficauda,Invertivore,Oriental
Cyornis rufigastra,Invertivore,Oriental
Cyornis sanfordi,Invertivore,Oriental
Cyornis stresemanni,Invertivore,Oriental
Cyornis sumatrensis,Invertivore,Oriental
Cyornis superbus,Invertivore,Oriental
Cyornis tickelliae,Invertivore,Oriental
Cyornis turcosus,Invertivore,Oriental
Cyornis umbratilis,Invertivore,Oriental
Cyornis unicolor,Invertivore,Oriental
Dessonornis anomalus,Invertivore,Afrotropical
Dessonornis archeri,Invertivore,Afrotropical
Dessonornis caffer,Invertivore,Afrotropical
Dessonornis humeralis,Invertivore,Afrotropical
Dessonornis macclounii,Invertivore,Afrotropical
Dessonornis mbuluensis,Invertivore,Afrotropical
Emarginata schlegelii,Invertivore,Afrotropical
Emarginata sinuata,Invertivore,Afrotropical
Emarginata tractrac,Invertivore,Afrotropical
Enicurus immaculatus,Aquatic predator,Oriental
Enicurus leschenaulti,Aquatic predator,Oriental
Enicurus maculatus,Aquatic predator,Oriental
Enicurus ruficapillus,Aquatic predator,Oriental
Enicurus schistaceus,Aquatic predator,Oriental
Enicurus scouleri,Aquatic predator,Sino-Japanese
Enicurus velatus,Aquatic predator,Oriental
Erithacus rubecula,Omnivore,Palearctic
Eumyias additus,Invertivore,Oceanian
Eumyias albicaudatus,Invertivore,Oriental
Eumyias indigo,Invertivore,Oriental
Eumyias panayensis,Invertivore,Oceanian
Eumyias ruficrissa,Invertivore,Oriental
Eumyias sordidus,Invertivore,Oriental
Eumyias thalassinus,Invertivore,Oriental
Ficedula albicilla,Invertivore,Palearctic
Ficedula albicollis,Invertivore,Palearctic
Ficedula basilanica,Invertivore,Oriental
Ficedula bonthaina,Invertivore,Oriental
Ficedula buruensis,Invertivore,Oceanian
Ficedula crypta,Invertivore,Oriental
Ficedula disposita,Invertivore,Oriental
Ficedula dumetoria,Invertivore,Oriental
Ficedula elisae,Invertivore,Sino-Japanese
Ficedula erithacus,Omnivore,Sino-Japanese
Ficedula harterti,Invertivore,Oriental
Ficedula henrici,Invertivore,Oriental
Ficedula hodgsoni,Invertivore,Oriental
Ficedula hyperythra,Invertivore,Oriental
Ficedula hypoleuca,Invertivore,Palearctic
Ficedula luzoniensis,Invertivore,Sino-Japanese
Ficedula mugimaki,Invertivore,Palearctic
Ficedula narcissina,Invertivore,Palearctic
Ficedula nigrorufa,Invertivore,Oriental
Ficedula owstoni,Invertivore,Sino-Japanese
Ficedula parva,Invertivore,Palearctic
Ficedula platenae,Invertivore,Oriental
Ficedula riedeli,Invertivore,Oriental
Ficedula ruficauda,Invertivore,Saharo-Arabian
Ficedula rufigula,Invertivore,Oriental
Ficedula sapphira,Invertivore,Sino-Japanese
Ficedula semitorquata,Invertivore,Palearctic
Ficedula strophiata,Invertivore,Sino-Japanese
Ficedula subrubra,Invertivore,Oriental
Ficedula superciliaris,Invertivore,Sino-Japanese
Ficedula timorensis,Invertivore,Oriental
Ficedula tricolor,Invertivore,Sino-Japanese
Ficedula westermanni,Invertivore,Oriental
Ficedula zanthopygia,Invertivore,Palearctic
Fraseria caerulescens,Invertivore,Afrotropical
Fraseria cinerascens,Invertivore,Afrotropical
Fraseria griseigularis,Invertivore,Afrotropical
Fraseria lendu,Invertivore,Afrotropical
Fraseria ocreata,Invertivore,Afrotropical
Fraseria olivascens,Invertivore,Afrotropical
Fraseria plumbea,Invertivore,Afrotropical
Fraseria tessmanni,Invertivore,Afrotropical
Heinrichia calligyna,Invertivore,Oriental
Heinrichia simplex,Invertivore,Oriental
Heteroxenicus stellatus,Invertivore,Sino-Japanese
Hodgsonius phaenicuroides,Invertivore,Sino-Japanese
Humblotia flavirostris,Invertivore,Madagascan
Irania gutturalis,Invertivore,Palearctic
Kittacincla albiventris,Invertivore,Oriental
Kittacincla albiventris,Invertivore,Oriental
Kittacincla albiventris,Invertivore,Oriental
Kittacincla cebuensis,Invertivore,Oriental
Kittacincla luzoniensis,Invertivore,Oriental
Kittacincla malabarica,Invertivore,Oriental
Kittacincla nigra,Invertivore,Oriental
Kittacincla superciliaris,Invertivore,Oceanian
Larvivora akahige,Invertivore,Sino-Japanese
Larvivora brunnea,Invertivore,Sino-Japanese
Larvivora cyane,Invertivore,Palearctic
Larvivora komadori,Omnivore,Sino-Japanese
Larvivora namiyei,Omnivore,Oriental
Larvivora ruficeps,Invertivore,Sino-Japanese
Larvivora sibilans,Invertivore,Palearctic
Larvivora tanensis,Invertivore,Sino-Japanese
Luscinia luscinia,Invertivore,Palearctic
Luscinia megarhynchos,Invertivore,Saharo-Arabian
Melaenornis annamarulae,Invertivore,Afrotropical
Melaenornis ardesiacus,Invertivore,Afrotropical
Melaenornis brunneus,Invertivore,Afrotropical
Melaenornis chocolatinus,Invertivore,Afrotropical
Melaenornis edolioides,Invertivore,Afrotropical
Melaenornis fischeri,Invertivore,Afrotropical
Melaenornis herero,Invertivore,Afrotropical
Melaenornis pammelaina,Invertivore,Afrotropical
Melaenornis semipartitus,Invertivore,Afrotropical
Melaenornis silens,Invertivore,Afrotropical
Monticola angolensis,Invertivore,Afrotropical
Monticola brevipes,Invertivore,Afrotropical
Monticola cinclorhyncha,Invertivore,Saharo-Arabian
Monticola erythronotus,Omnivore,Madagascan
Monticola explorator,Invertivore,Afrotropical
Monticola gularis,Invertivore,Palearctic
Monticola imerina,Frugivore,Madagascan
Monticola rufiventris,Invertivore,Sino-Japanese
Monticola rufocinereus,Invertivore,Afrotropical
Monticola rupestris,Omnivore,Afrotropical
Monticola saxatilis,Invertivore,Palearctic
Monticola semirufus,Invertivore,Afrotropical
Monticola sharpei,Omnivore,Madagascan
Monticola solitarius,Omnivore,Sino-Japanese
Muscicapa adusta,Invertivore,Afrotropical
Muscicapa aquatica,Invertivore,Afrotropical
Muscicapa cassini,Invertivore,Afrotropical
Muscicapa dauurica,Invertivore,Palearctic
Muscicapa epulata,Invertivore,Afrotropical
Muscicapa ferruginea,Invertivore,Sino-Japanese
Muscicapa gambagae,Invertivore,Afrotropical
Muscicapa griseisticta,Invertivore,Palearctic
Muscicapa muttui,Invertivore,Oriental
Muscicapa randi,Invertivore,Oriental
Muscicapa segregata,Invertivore,Oriental
Muscicapa sethsmithi,Invertivore,Afrotropical
Muscicapa sibirica,Invertivore,Palearctic
Muscicapa striata,Invertivore,Palearctic
Myiomela cambodiana,Invertivore,Oriental
Myiomela diana,Invertivore,Oriental
Myiomela leucura,Invertivore,Oriental
Myophonus blighi,Invertivore,Oriental
Myophonus borneensis,Omnivore,Oriental
Myophonus caeruleus,Omnivore,Sino-Japanese
Myophonus castaneus,Omnivore,Oriental
Myophonus glaucinus,Omnivore,Oriental
Myophonus horsfieldii,Aquatic predator,Oriental
Myophonus insularis,Aquatic predator,Oriental
Myophonus melanurus,Omnivore,Oriental
Myophonus robinsoni,Invertivore,Oriental
Myrmecocichla aethiops,Invertivore,Afrotropical
Myrmecocichla arnotti,Invertivore,Afrotropical
Myrmecocichla formicivora,Invertivore,Afrotropical
Myrmecocichla melaena,Invertivore,Afrotropical
Myrmecocichla monticola,Invertivore,Afrotropical
Myrmecocichla nigra,Invertivore,Afrotropical
Myrmecocichla tholloni,Invertivore,Afrotropical
Niltava davidi,Omnivore,Sino-Japanese
Niltava grandis,Invertivore,Oriental
Niltava macgrigoriae,Invertivore,Oriental
Niltava oatesi,Invertivore,Sino-Japanese
Niltava sumatrana,Omnivore,Oriental
Niltava sundara,Invertivore,Sino-Japanese
Niltava vivida,Invertivore,Oriental
Oenanthe albifrons,Invertivore,Afrotropical
Oenanthe albonigra,Invertivore,Saharo-Arabian
Oenanthe bottae,Invertivore,Saharo-Arabian
Oenanthe chrysopygia,Invertivore,Saharo-Arabian
Oenanthe cypriaca,Invertivore,Saharo-Arabian
Oenanthe deserti,Invertivore,Palearctic
Oenanthe dubia,Invertivore,Afrotropical
Oenanthe familiaris,Invertivore,Afrotropical
Oenanthe finschii,Invertivore,Saharo-Arabian
Oenanthe frenata,Invertivore,Afrotropical
Oenanthe fusca,Invertivore,Oriental
Oenanthe heuglinii,Invertivore,Afrotropical
Oenanthe hispanica,Invertivore,Palearctic
Oenanthe isabellina,Invertivore,Palearctic
Oenanthe leucopyga,Invertivore,Saharo-Arabian
Oenanthe leucura,Invertivore,Saharo-Arabian
Oenanthe lugens,Invertivore,Saharo-Arabian
Oenanthe melanura,Invertivore,Afrotropical
Oenanthe moesta,Invertivore,Saharo-Arabian
Oenanthe monacha,Invertivore,Saharo-Arabian
Oenanthe oenanthe,Invertivore,Palearctic
Oenanthe phillipsi,Invertivore,Afrotropical
Oenanthe picata,Invertivore,Saharo-Arabian
Oenanthe pileata,Invertivore,Afrotropical
Oenanthe pleschanka,Invertivore,Palearctic
Oenanthe scotocerca,Invertivore,Afrotropical
Oenanthe seebohmi,Invertivore,Saharo-Arabian
Oenanthe xanthoprymna,Invertivore,Palearctic
Oreocossypha isabellae,Invertivore,Afrotropical
Phoenicurus alaschanicus,Invertivore,Palearctic
Phoenicurus auroreus,Invertivore,Palearctic
Phoenicurus bicolor,Aquatic predator,Oriental
Phoenicurus coeruleocephala,Invertivore,Palearctic
Phoenicurus erythrogastrus,Invertivore,Palearctic
Phoenicurus erythronotus,Invertivore,Palearctic
Phoenicurus frontalis,Invertivore,Sino-Japanese
Phoenicurus fuliginosus,Aquatic predator,Sino-Japanese
Phoenicurus hodgsoni,Invertivore,Sino-Japanese
Phoenicurus leucocephalus,Aquatic predator,Sino-Japanese
Phoenicurus moussieri,Invertivore,Saharo-Arabian
Phoenicurus ochruros,Invertivore,Palearctic
Phoenicurus phoenicurus,Invertivore,Palearctic
Phoenicurus schisticeps,Invertivore,Sino-Japanese
Pinarochroa sordida,Invertivore,Afrotropical
Pinarornis plumosus,Invertivore,Afrotropical
Pogonocichla stellata,Invertivore,Afrotropical
Saxicola caprata,Invertivore,Oriental
Saxicola dacotiae,Invertivore,Palearctic
Saxicola ferreus,Invertivore,Sino-Japanese
Saxicola gutturalis,Invertivore,Oriental
Saxicola insignis,Invertivore,Palearctic
Saxicola jerdoni,Invertivore,Oriental
Saxicola leucurus,Invertivore,Oriental
Saxicola macrorhynchus,Invertivore,Oriental
Saxicola rubetra,Invertivore,Palearctic
Saxicola tectes,Invertivore,Oceanian
Saxicola torquatus,Invertivore,Palearctic
Saxicoloides fulicatus,Invertivore,Oriental
Sheppardia aequatorialis,Invertivore,Afrotropical
Sheppardia aurantiithorax,Invertivore,Afrotropical
Sheppardia bocagei,Invertivore,Afrotropical
Sheppardia cyornithopsis,Invertivore,Afrotropical
Sheppardia gabela,Invertivore,Afrotropical
Sheppardia gunningi,Invertivore,Afrotropical
Sheppardia lowei,Invertivore,Afrotropical
Sheppardia montana,Invertivore,Afrotropical
Sheppardia poensis,Invertivore,Afrotropical
Sheppardia polioptera,Invertivore,Afrotropical
Sheppardia sharpei,Invertivore,Afrotropical
Sholicola albiventris,Invertivore,Oriental
Sholicola major,Invertivore,Oriental
Stiphrornis erythrothorax,Invertivore,Afrotropical
Stiphrornis pyrrholaemus,Invertivore,Afrotropical
Stiphrornis xanthogaster,Invertivore,Afrotropical
Swynnertonia swynnertoni,Invertivore,Afrotropical
Tarsiger chrysaeus,Invertivore,Sino-Japanese
Tarsiger cyanurus,Invertivore,Palearctic
Tarsiger hyperythrus,Invertivore,Oriental
Tarsiger indicus,Invertivore,Sino-Japanese
Tarsiger johnstoniae,Invertivore,Oriental
Tarsiger rufilatus,Invertivore,Sino-Japanese
Thamnolaea cinnamomeiventris,Frugivore,Afrotropical
Trichixos pyrropygus,Invertivore,Oriental
Tychaedon barbata,Invertivore,Afrotropical
Tychaedon coryphoeus,Invertivore,Afrotropical
Tychaedon leucosticta,Invertivore,Afrotropical
Tychaedon quadrivirgata,Invertivore,Afrotropical
Tychaedon signata,Invertivore,Afrotropical
Vauriella albigularis,Invertivore,Oceanian
Vauriella albigularis,Invertivore,Oceanian
Vauriella albigularis,Invertivore,Oceanian
Vauriella albigularis,Invertivore,Oceanian
Vauriella albigularis,Invertivore,Oceanian
Vauriella albigularis,Invertivore,Oceanian
Vauriella albigularis,Invertivore,Oceanian
Vauriella albigularis,Invertivore,Oceanian
Vauriella goodfellowi,Invertivore,Oriental
Vauriella gularis,Invertivore,Oriental
Vauriella insignis,Invertivore,Oriental
Xenocopsychus ansorgei,Invertivore,Afrotropical
Aethopyga bella,Omnivore,Oceanian
Aethopyga boltoni,Omnivore,Oriental
Aethopyga christinae,Omnivore,Oriental
Aethopyga duyvenbodei,Omnivore,Oceanian
Aethopyga duyvenbodei,Omnivore,Oceanian
Aethopyga duyvenbodei,Omnivore,Oceanian
Aethopyga duyvenbodei,Omnivore,Oceanian
Aethopyga duyvenbodei,Omnivore,Oceanian
Aethopyga eximia,Omnivore,Oriental
Aethopyga flagrans,Nectarivore,Oriental
Aethopyga gouldiae,Nectarivore,Sino-Japanese
Aethopyga guimarasensis,Nectarivore,Oceanian
Aethopyga guimarasensis,Nectarivore,Oceanian
Aethopyga guimarasensis,Nectarivore,Oceanian
Aethopyga guimarasensis,Nectarivore,Oceanian
Aethopyga guimarasensis,Nectarivore,Oceanian
Aethopyga guimarasensis,Nectarivore,Oceanian
Aethopyga guimarasensis,Nectarivore,Oceanian
Aethopyga guimarasensis,Nectarivore,Oceanian
Aethopyga ignicauda,Nectarivore,Oriental
Aethopyga latouchii,Omnivore,Sino-Japanese
Aethopyga linaraborae,Nectarivore,Oriental
Aethopyga magnifica,Nectarivore,Oceanian
Aethopyga mystacalis,Nectarivore,Oriental
Aethopyga nipalensis,Nectarivore,Oriental
Aethopyga primigenia,Nectarivore,Oriental
Aethopyga pulcherrima,Nectarivore,Oceanian
Aethopyga saturata,Nectarivore,Oriental
Aethopyga shelleyi,Nectarivore,Oriental
Aethopyga siparaja,Nectarivore,Oriental
Aethopyga temminckii,Nectarivore,Oriental
Aethopyga vigorsii,Nectarivore,Oriental
Anabathmis hartlaubii,Invertivore,Afrotropical
Anabathmis newtonii,Omnivore,Afrotropical
Anabathmis reichenbachii,Nectarivore,Afrotropical
Anthobaphes violacea,Nectarivore,Afrotropical
Anthreptes anchietae,Omnivore,Afrotropical
Anthreptes aurantius,Omnivore,Afrotropical
Anthreptes gabonicus,Invertivore,Afrotropical
Anthreptes griseigularis,Invertivore,Sino-Japanese
Anthreptes longuemarei,Invertivore,Afrotropical
Anthreptes malacensis,Invertivore,Oriental
Anthreptes neglectus,Omnivore,Afrotropical
Anthreptes orientalis,Invertivore,Afrotropical
Anthreptes rectirostris,Omnivore,Afrotropical
Anthreptes reichenowi,Nectarivore,Afrotropical
Anthreptes rhodolaemus,Omnivore,Oriental
Anthreptes rubritorques,Omnivore,Afrotropical
Anthreptes seimundi,Omnivore,Afrotropical
Anthreptes simplex,Omnivore,Oriental
Anthreptes tephrolaemus,Omnivore,Afrotropical
Arachnothera affinis,Omnivore,Oriental
Arachnothera chrysogenys,Omnivore,Oriental
Arachnothera clarae,Omnivore,Oceanian
Arachnothera crassirostris,Omnivore,Oriental
Arachnothera dilutior,Nectarivore,Oriental
Arachnothera flammifera,Nectarivore,Oriental
Arachnothera flavigaster,Omnivore,Oriental
Arachnothera juliae,Omnivore,Oriental
Arachnothera longirostra,Nectarivore,Oriental
Arachnothera magna,Omnivore,Oriental
Arachnothera modesta,Omnivore,Oriental
Arachnothera robusta,Invertivore,Oriental
Chalcomitra adelberti,Nectarivore,Afrotropical
Chalcomitra amethystina,Omnivore,Afrotropical
Chalcomitra balfouri,Omnivore,Afrotropical
Chalcomitra fuliginosa,Nectarivore,Afrotropical
Chalcomitra hunteri,Omnivore,Afrotropical
Chalcomitra rubescens,Omnivore,Afrotropical
Chalcomitra senegalensis,Omnivore,Afrotropical
Chalcoparia singalensis,Invertivore,Oriental
Cinnyris afer,Omnivore,Afrotropical
Cinnyris asiaticus,Omnivore,Oriental
Cinnyris batesi,Nectarivore,Afrotropical
Cinnyris bifasciatus,Omnivore,Afrotropical
Cinnyris bouvieri,Nectarivore,Afrotropical
Cinnyris buettikoferi,Omnivore,Oriental
Cinnyris chalcomelas,Nectarivore,Afrotropical
Cinnyris chalybeus,Omnivore,Afrotropical
Cinnyris chloropygius,Omnivore,Afrotropical
Cinnyris coccinigastrus,Omnivore,Afrotropical
Cinnyris comorensis,Omnivore,Madagascan
Cinnyris congensis,Omnivore,Afrotropical
Cinnyris coquerellii,Omnivore,Madagascan
Cinnyris cupreus,Nectarivore,Afrotropical
Cinnyris dussumieri,Nectarivore,Madagascan
Cinnyris dussumieri,Nectarivore,Madagascan
Cinnyris dussumieri,Nectarivore,Madagascan
Cinnyris erythrocercus,Nectarivore,Afrotropical
Cinnyris fuelleborni,Nectarivore,Madagascan
Cinnyris fuscus,Nectarivore,Afrotropical
Cinnyris gertrudis,Omnivore,Afrotropical
Cinnyris habessinicus,Omnivore,Afrotropical
Cinnyris hellmayri,Omnivore,Saharo-Arabian
Cinnyris humbloti,Omnivore,Madagascan
Cinnyris idenburgi,Omnivore,Oceanian
Cinnyris johannae,Omnivore,Afrotropical
Cinnyris jugularis,Omnivore,Oriental
Cinnyris lotenius,Nectarivore,Oriental
Cinnyris loveridgei,Nectarivore,Afrotropical
Cinnyris ludovicensis,Nectarivore,Afrotropical
Cinnyris manoensis,Omnivore,Afrotropical
Cinnyris mariquensis,Nectarivore,Afrotropical
Cinnyris mediocris,Nectarivore,Afrotropical
Cinnyris melanogastrus,Nectarivore,Afrotropical
Cinnyris minullus,Nectarivore,Afrotropical
Cinnyris moebii,Omnivore,Madagascan
Cinnyris moreaui,Omnivore,Afrotropical
Cinnyris nectarinioides,Nectarivore,Afrotropical
Cinnyris neergaardi,Omnivore,Afrotropical
Cinnyris notatus,Omnivore,Madagascan
Cinnyris osea,Nectarivore,Afrotropical
Cinnyris oustaleti,Nectarivore,Afrotropical
Cinnyris pembae,Omnivore,Afrotropical
Cinnyris prigoginei,Omnivore,Afrotropical
Cinnyris pulchellus,Nectarivore,Afrotropical
Cinnyris regius,Nectarivore,Afrotropical
Cinnyris reichenowi,Nectarivore,Afrotropical
Cinnyris rockefelleri,Omnivore,Afrotropical
Cinnyris rufipennis,Nectarivore,Afrotropical
Cinnyris shelleyi,Omnivore,Afrotropical
Cinnyris solaris,Nectarivore,Oceanian
Cinnyris sovimanga,Nectarivore,Madagascan
Cinnyris stuhlmanni,Nectarivore,Afrotropical
Cinnyris superbus,Omnivore,Afrotropical
Cinnyris talatala,Nectarivore,Afrotropical
Cinnyris tsavoensis,Nectarivore,Afrotropical
Cinnyris ursulae,Omnivore,Afrotropical
Cinnyris usambaricus,Nectarivore,Afrotropical
Cinnyris venustus,Nectarivore,Afrotropical
Cinnyris voeltzkowi,Omnivore,Madagascan
Cyanomitra alinae,Nectarivore,Afrotropical
Cyanomitra bannermani,Nectarivore,Afrotropical
Cyanomitra cyanolaema,Omnivore,Afrotropical
Cyanomitra olivacea,Omnivore,Afrotropical
Cyanomitra oritis,Nectarivore,Afrotropical
Cyanomitra verreauxii,Omnivore,Afrotropical
Cyanomitra verticalis,Omnivore,Afrotropical
Deleornis axillaris,Invertivore,Afrotropical
Deleornis fraseri,Invertivore,Afrotropical
Drepanorhynchus reichenowi,Nectarivore,Afrotropical
Dreptes thomensis,Omnivore,Afrotropical
Hedydipna collaris,Invertivore,Afrotropical
Hedydipna metallica,Invertivore,Afrotropical
Hedydipna pallidigaster,Invertivore,Afrotropical
Hedydipna platura,Omnivore,Afrotropical
Kurochkinegramma hypogrammica,Omnivore,Oriental
Leptocoma aspasia,Omnivore,Oceanian
Leptocoma brasiliana,Omnivore,Oriental
Leptocoma calcostetha,Nectarivore,Oriental
Leptocoma juliae,Omnivore,Oceanian
Leptocoma minima,Nectarivore,Oriental
Leptocoma sperata,Omnivore,Sino-Japanese
Leptocoma zeylonica,Omnivore,Oriental
Nectarinia bocagii,Nectarivore,Afrotropical
Nectarinia famosa,Omnivore,Afrotropical
Nectarinia johnstoni,Nectarivore,Afrotropical
Nectarinia kilimensis,Nectarivore,Afrotropical
Nectarinia purpureiventris,Nectarivore,Afrotropical
Nectarinia tacazze,Nectarivore,Afrotropical
Daphoenositta chrysoptera,Invertivore,Australian
Daphoenositta miranda,Invertivore,Oceanian
Daphoenositta papuensis,Invertivore,Oceanian
Nesospingus speculiferus,Invertivore,Neotropical
Nicator chloris,Invertivore,Afrotropical
Nicator gularis,Invertivore,Afrotropical
Nicator vireo,Invertivore,Afrotropical
Notiomystis cincta,Omnivore,Australian
Aleadryas rufinucha,Invertivore,Oceanian
Oreoica gutturalis,Invertivore,Australian
Ornorectes cristatus,Invertivore,Oceanian
Oriolus albiloris,Omnivore,Oriental
Oriolus auratus,Omnivore,Afrotropical
Oriolus bouroensis,Omnivore,Oceanian
Oriolus brachyrynchus,Invertivore,Afrotropical
Oriolus chinensis,Frugivore,Sino-Japanese
Oriolus chlorocephalus,Omnivore,Afrotropical
Oriolus consanguineus,Frugivore,Oriental
Oriolus crassirostris,Omnivore,Afrotropical
Oriolus cruentus,Frugivore,Oriental
Oriolus decipiens,Omnivore,Oriental
Oriolus finschi,Omnivore,Oriental
Oriolus flavocinctus,Frugivore,Oceanian
Oriolus forsteni,Invertivore,Oceanian
Oriolus hosii,Frugivore,Oriental
Oriolus isabellae,Frugivore,Oriental
Oriolus kundoo,Omnivore,Oriental
Oriolus larvatus,Omnivore,Afrotropical
Oriolus melanotis,Omnivore,Oriental
Oriolus mellianus,Omnivore,Sino-Japanese
Oriolus monacha,Frugivore,Afrotropical
Oriolus nigripennis,Frugivore,Afrotropical
Oriolus oriolus,Omnivore,Palearctic
Oriolus percivali,Frugivore,Afrotropical
Oriolus phaeochromus,Omnivore,Oceanian
Oriolus sagittatus,Omnivore,Australian
Oriolus steerii,Omnivore,Oceanian
Oriolus szalayi,Omnivore,Oceanian
Oriolus tenuirostris,Omnivore,Oriental
Oriolus traillii,Omnivore,Oriental
Oriolus xanthonotus,Frugivore,Oriental
Oriolus xanthornus,Frugivore,Oriental
Pitohui cerviniventris,Invertivore,Oceanian
Pitohui dichrous,Frugivore,Oceanian
Pitohui kirhocephalus,Invertivore,Oceanian
Pitohui uropygialis,Invertivore,Oceanian
Sphecotheres hypoleucus,Frugivore,Oriental
Sphecotheres vieilloti,Frugivore,Australian
Sphecotheres viridis,Frugivore,Oriental
Orthonyx novaeguineae,Invertivore,Oceanian
Orthonyx spaldingii,Invertivore,Australian
Orthonyx temminckii,Invertivore,Australian
Colluricincla boweri,Invertivore,Australian
Colluricincla harmonica,Invertivore,Australian
Colluricincla megarhyncha,Invertivore,Oceanian
Colluricincla tenebrosa,Invertivore,Oceanian
Colluricincla woodwardi,Invertivore,Australian
Coracornis raveni,Invertivore,Oriental
Coracornis sanghirensis,Invertivore,Oceanian
Coracornis sanghirensis,Invertivore,Oceanian
Melanorectes nigrescens,Omnivore,Oceanian
Pachycephala albiventris,Invertivore,Oriental
Pachycephala arctitorquis,Invertivore,Oceanian
Pachycephala aurea,Invertivore,Oceanian
Pachycephala caledonica,Invertivore,Oceanian
Pachycephala cinerea,Invertivore,Oriental
Pachycephala feminina,Invertivore,Oceanian
Pachycephala feminina,Invertivore,Oceanian
Pachycephala feminina,Invertivore,Oceanian
Pachycephala feminina,Invertivore,Oceanian
Pachycephala flavifrons,Invertivore,Oceanian
Pachycephala flavifrons,Invertivore,Oceanian
Pachycephala flavifrons,Invertivore,Oceanian
Pachycephala flavifrons,Invertivore,Oceanian
Pachycephala fulvotincta,Invertivore,Oriental
Pachycephala griseiceps,Invertivore,Oceanian
Pachycephala griseonota,Invertivore,Oceanian
Pachycephala homeyeri,Invertivore,Oriental
Pachycephala hyperythra,Invertivore,Oceanian
Pachycephala hypoxantha,Invertivore,Oriental
Pachycephala implicata,Invertivore,Oceanian
Pachycephala inornata,Invertivore,Australian
Pachycephala jacquinoti,Invertivore,Oceanian
Pachycephala lanioides,Invertivore,Australian
Pachycephala leucogastra,Invertivore,Oceanian
Pachycephala lorentzi,Invertivore,Oceanian
Pachycephala melanura,Invertivore,Australian
Pachycephala mentalis,Invertivore,Oceanian
Pachycephala meyeri,Invertivore,Oceanian
Pachycephala modesta,Invertivore,Oceanian
Pachycephala monacha,Invertivore,Oceanian
Pachycephala nudigula,Invertivore,Oceanian
Pachycephala olivacea,Invertivore,Australian
Pachycephala orioloides,Invertivore,Oceanian
Pachycephala orpheus,Invertivore,Oriental
Pachycephala par,Invertivore,Oceanian
Pachycephala pectoralis,Invertivore,Australian
Pachycephala phaionota,Invertivore,Oceanian
Pachycephala philippinensis,Invertivore,Oceanian
Pachycephala richardsi,Invertivore,Oceanian
Pachycephala rufiventris,Invertivore,Australian
Pachycephala rufogularis,Invertivore,Australian
Pachycephala schlegelii,Invertivore,Oceanian
Pachycephala simplex,Invertivore,Australian
Pachycephala soror,Invertivore,Oceanian
Pachycephala sulfuriventer,Invertivore,Oriental
Pachycephala tenebrosa,Invertivore,Oceanian
Pachycephala teysmanni,Invertivore,Oriental
Pachycephala vitiensis,Invertivore,Oceanian
Pachycephala vitiensis,Invertivore,Oceanian
Pseudorectes ferrugineus,Omnivore,Oceanian
Pseudorectes incertus,Omnivore,Oceanian
Panurus biarmicus,Invertivore,Palearctic
Astrapia mayeri,Frugivore,Oceanian
Astrapia nigra,Frugivore,Oceanian
Astrapia rothschildi,Frugivore,Oceanian
Astrapia splendidissima,Frugivore,Oceanian
Astrapia stephaniae,Frugivore,Oceanian
Cicinnurus magnificus,Omnivore,Oceanian
Cicinnurus regius,Omnivore,Oceanian
Cicinnurus respublica,Omnivore,Oceanian
Drepanornis albertisi,Invertivore,Oceanian
Drepanornis bruijnii,Invertivore,Oceanian
Epimachus fastosus,Omnivore,Oceanian
Epimachus meyeri,Omnivore,Oceanian
Lophorina feminina,Omnivore,NA
Lophorina intercedens,Frugivore,Oceanian
Lophorina magnifica,Frugivore,Oceanian
Lophorina minor,Omnivore,NA
Lophorina paradisea,Frugivore,Australian
Lophorina superba,Omnivore,Oceanian
Lophorina victoriae,Omnivore,Australian
Lycocorax obiensis,Frugivore,Oceanian
Lycocorax pyrrhopterus,Frugivore,Oceanian
Manucodia ater,Frugivore,Oceanian
Manucodia chalybatus,Frugivore,Oceanian
Manucodia comrii,Frugivore,Oceanian
Manucodia jobiensis,Frugivore,Oceanian
Paradigalla brevicauda,Frugivore,Oceanian
Paradigalla carunculata,Frugivore,Oceanian
Paradisaea apoda,Frugivore,Oceanian
Paradisaea decora,Frugivore,Oceanian
Paradisaea guilielmi,Frugivore,Oceanian
Paradisaea minor,Frugivore,Oceanian
Paradisaea raggiana,Frugivore,Oceanian
Paradisaea rubra,Frugivore,Oceanian
Paradisornis rudolphi,Frugivore,Oceanian
Parotia berlepschi,Frugivore,Oceanian
Parotia carolae,Frugivore,Oceanian
Parotia lawesii,Frugivore,Oceanian
Parotia sefilata,Omnivore,Oceanian
Parotia wahnesi,Omnivore,Oceanian
Phonygammus keraudrenii,Frugivore,Oceanian
Pteridophora alberti,Frugivore,Oceanian
Seleucidis melanoleucus,Frugivore,Oceanian
Semioptera wallacii,Frugivore,Oceanian
Oreocharis arfaki,Frugivore,Oceanian
Paramythia montium,Frugivore,Oceanian
Paramythia olivacea,Frugivore,Oceanian
Pardalotus punctatus,Invertivore,Australian
Pardalotus quadragintus,Invertivore,Australian
Pardalotus rubricatus,Invertivore,Australian
Pardalotus striatus,Invertivore,Australian
Baeolophus atricristatus,Invertivore,Nearctic
Baeolophus bicolor,Invertivore,Nearctic
Baeolophus inornatus,Invertivore,Nearctic
Baeolophus ridgwayi,Invertivore,Nearctic
Baeolophus wollweberi,Invertivore,Nearctic
Cephalopyrus flammiceps,Invertivore,Sino-Japanese
Cyanistes caeruleus,Invertivore,Palearctic
Cyanistes cyanus,Invertivore,Palearctic
Cyanistes teneriffae,Omnivore,Saharo-Arabian
Lophophanes cristatus,Invertivore,Palearctic
Lophophanes dichrous,Invertivore,Sino-Japanese
Machlolophus holsti,Invertivore,Oriental
Machlolophus nuchalis,Invertivore,Oriental
Machlolophus spilonotus,Invertivore,Oriental
Machlolophus xanthogenys,Invertivore,Oriental
Melaniparus afer,Invertivore,Afrotropical
Melaniparus albiventris,Invertivore,Afrotropical
Melaniparus carpi,Invertivore,Afrotropical
Melaniparus cinerascens,Invertivore,Afrotropical
Melaniparus fasciiventer,Invertivore,Afrotropical
Melaniparus fringillinus,Invertivore,Afrotropical
Melaniparus funereus,Invertivore,Afrotropical
Melaniparus griseiventris,Invertivore,Afrotropical
Melaniparus guineensis,Invertivore,Afrotropical
Melaniparus leucomelas,Invertivore,Afrotropical
Melaniparus leuconotus,Invertivore,Afrotropical
Melaniparus niger,Invertivore,Afrotropical
Melaniparus pallidiventris,Invertivore,Afrotropical
Melaniparus rufiventris,Invertivore,Afrotropical
Melaniparus thruppi,Invertivore,Afrotropical
Melanochlora sultanea,Invertivore,Oriental
Pardaliparus amabilis,Invertivore,Oriental
Pardaliparus elegans,Invertivore,Oceanian
Pardaliparus venustulus,Invertivore,Sino-Japanese
Parus major,Invertivore,Palearctic
Parus monticolus,Invertivore,Sino-Japanese
Periparus ater,Invertivore,Palearctic
Periparus rubidiventris,Invertivore,Sino-Japanese
Periparus rufonuchalis,Invertivore,Saharo-Arabian
Poecile atricapillus,Invertivore,Nearctic
Poecile carolinensis,Invertivore,Nearctic
Poecile cinctus,Invertivore,Palearctic
Poecile davidi,Invertivore,Sino-Japanese
Poecile gambeli,Invertivore,Nearctic
Poecile hudsonicus,Invertivore,Nearctic
Poecile hypermelaenus,Invertivore,Sino-Japanese
Poecile hyrcanus,Invertivore,Saharo-Arabian
Poecile lugubris,Invertivore,Palearctic
Poecile montanus,Invertivore,Palearctic
Poecile palustris,Invertivore,Palearctic
Poecile rufescens,Invertivore,Nearctic
Poecile sclateri,Invertivore,Nearctic
Poecile superciliosus,Invertivore,Palearctic
Poecile weigoldicus,Invertivore,Sino-Japanese
Pseudopodoces humilis,Invertivore,Sino-Japanese
Sittiparus castaneoventris,Invertivore,Oriental
Sittiparus olivaceus,Invertivore,Oriental
Sittiparus owstoni,Invertivore,Sino-Japanese
Sittiparus semilarvatus,Invertivore,Oceanian
Sittiparus varius,Invertivore,Palearctic
Sylviparus modestus,Invertivore,Sino-Japanese
Basileuterus auricapilla,Invertivore,Neotropical
Basileuterus belli,Invertivore,Nearctic
Basileuterus cabanisi,Invertivore,Neotropical
Basileuterus culicivorus,Invertivore,Neotropical
Basileuterus griseiceps,Invertivore,Neotropical
Basileuterus hypoleucus,Invertivore,Neotropical
Basileuterus ignotus,Invertivore,Neotropical
Basileuterus lachrymosus,Invertivore,Nearctic
Basileuterus melanogenys,Invertivore,Neotropical
Basileuterus rufifrons,Invertivore,Neotropical
Basileuterus trifasciatus,Invertivore,Neotropical
Basileuterus tristriatus,Invertivore,Neotropical
Cardellina canadensis,Invertivore,Nearctic
Cardellina pusilla,Invertivore,Nearctic
Cardellina rubra,Invertivore,Nearctic
Cardellina rubrifrons,Invertivore,Nearctic
Cardellina versicolor,Invertivore,Neotropical
Catharopeza bishopi,Invertivore,Neotropical
Geothlypis aequinoctialis,Invertivore,Neotropical
Geothlypis auricularis,Invertivore,Neotropical
Geothlypis bairdi,Invertivore,Neotropical
Geothlypis beldingi,Invertivore,Nearctic
Geothlypis chiriquensis,Invertivore,Neotropical
Geothlypis flavovelata,Invertivore,Nearctic
Geothlypis formosa,Invertivore,Nearctic
Geothlypis nelsoni,Invertivore,Nearctic
Geothlypis philadelphia,Invertivore,Nearctic
Geothlypis poliocephala,Invertivore,Neotropical
Geothlypis rostrata,Omnivore,Neotropical
Geothlypis semiflava,Invertivore,Neotropical
Geothlypis speciosa,Invertivore,Nearctic
Geothlypis tolmiei,Invertivore,Nearctic
Geothlypis trichas,Invertivore,Nearctic
Helmitheros vermivorum,Invertivore,Nearctic
Leiothlypis celata,Invertivore,Nearctic
Leiothlypis crissalis,Invertivore,Nearctic
Leiothlypis luciae,Invertivore,Nearctic
Leiothlypis peregrina,Invertivore,Nearctic
Leiothlypis ruficapilla,Invertivore,Nearctic
Leiothlypis virginiae,Invertivore,Nearctic
Leucopeza semperi,Invertivore,Neotropical
Limnothlypis swainsonii,Invertivore,Nearctic
Mniotilta varia,Invertivore,Nearctic
Myioborus albifacies,Invertivore,Neotropical
Myioborus albifrons,Invertivore,Neotropical
Myioborus brunniceps,Invertivore,Neotropical
Myioborus cardonai,Invertivore,Neotropical
Myioborus castaneocapilla,Invertivore,Neotropical
Myioborus chrysops,Invertivore,Neotropical
Myioborus flavivertex,Invertivore,Neotropical
Myioborus melanocephalus,Invertivore,Neotropical
Myioborus miniatus,Invertivore,Neotropical
Myioborus ornatus,Invertivore,Neotropical
Myioborus pariae,Invertivore,Neotropical
Myioborus pictus,Invertivore,Nearctic
Myioborus torquatus,Invertivore,Neotropical
Myiothlypis basilica,Invertivore,Neotropical
Myiothlypis bivittata,Invertivore,Neotropical
Myiothlypis chlorophrys,Invertivore,Neotropical
Myiothlypis chrysogaster,Invertivore,Neotropical
Myiothlypis cinereicollis,Invertivore,Neotropical
Myiothlypis conspicillata,Invertivore,Neotropical
Myiothlypis coronata,Invertivore,Neotropical
Myiothlypis euophrys,Invertivore,Neotropical
Myiothlypis flaveola,Invertivore,Neotropical
Myiothlypis fraseri,Invertivore,Neotropical
Myiothlypis fulvicauda,Invertivore,Neotropical
Myiothlypis leucoblephara,Invertivore,Neotropical
Myiothlypis leucophrys,Invertivore,Neotropical
Myiothlypis luteoviridis,Invertivore,Neotropical
Myiothlypis mesoleuca,Invertivore,Neotropical
Myiothlypis nigrocristata,Invertivore,Neotropical
Myiothlypis rivularis,Invertivore,Neotropical
Myiothlypis roraimae,Invertivore,Neotropical
Myiothlypis signata,Invertivore,Neotropical
Myiothlypis striaticeps,Invertivore,Neotropical
Oporornis agilis,Invertivore,Nearctic
Oreothlypis gutturalis,Invertivore,Neotropical
Oreothlypis superciliosa,Invertivore,Nearctic
Parkesia motacilla,Invertivore,Nearctic
Parkesia noveboracensis,Invertivore,Nearctic
Protonotaria citrea,Invertivore,Nearctic
Seiurus aurocapilla,Invertivore,Nearctic
Setophaga adelaidae,Invertivore,Neotropical
Setophaga americana,Invertivore,Nearctic
Setophaga angelae,Invertivore,Neotropical
Setophaga auduboni,Invertivore,Nearctic
Setophaga caerulescens,Invertivore,Nearctic
Setophaga castanea,Invertivore,Nearctic
Setophaga cerulea,Invertivore,Nearctic
Setophaga chrysoparia,Invertivore,Nearctic
Setophaga citrina,Invertivore,Nearctic
Setophaga coronata,Invertivore,Nearctic
Setophaga delicata,Invertivore,Neotropical
Setophaga discolor,Invertivore,Nearctic
Setophaga dominica,Invertivore,Nearctic
Setophaga flavescens,Invertivore,Neotropical
Setophaga fusca,Invertivore,Nearctic
Setophaga graciae,Invertivore,Nearctic
Setophaga graysoni,Invertivore,Neotropical
Setophaga kirtlandii,Invertivore,Nearctic
Setophaga magnolia,Invertivore,Nearctic
Setophaga nigrescens,Invertivore,Nearctic
Setophaga occidentalis,Invertivore,Nearctic
Setophaga palmarum,Invertivore,Nearctic
Setophaga pensylvanica,Invertivore,Nearctic
Setophaga petechia,Invertivore,Nearctic
Setophaga pharetra,Invertivore,Neotropical
Setophaga pinus,Invertivore,Nearctic
Setophaga pitiayumi,Invertivore,Neotropical
Setophaga pityophila,Invertivore,Neotropical
Setophaga plumbea,Invertivore,Neotropical
Setophaga ruticilla,Invertivore,Nearctic
Setophaga striata,Invertivore,Nearctic
Setophaga subita,Invertivore,Neotropical
Setophaga tigrina,Invertivore,Nearctic
Setophaga townsendi,Invertivore,Nearctic
Setophaga virens,Invertivore,Nearctic
Setophaga vitellina,Invertivore,Neotropical
Vermivora bachmanii,Invertivore,NA
Vermivora chrysoptera,Invertivore,Nearctic
Vermivora cyanoptera,Invertivore,Nearctic
Aimophila notosticta,Omnivore,Neotropical
Aimophila rufescens,Omnivore,Nearctic
Aimophila ruficeps,Granivore,Nearctic
Ammodramus aurifrons,Granivore,Neotropical
Ammodramus humeralis,Granivore,Neotropical
Ammodramus savannarum,Invertivore,Nearctic
Ammospiza caudacuta,Invertivore,Nearctic
Ammospiza leconteii,Granivore,Nearctic
Ammospiza maritima,Invertivore,Nearctic
Ammospiza nelsoni,Invertivore,Nearctic
Amphispiza bilineata,Omnivore,Nearctic
Amphispiza quinquestriata,Omnivore,Nearctic
Arremon abeillei,Omnivore,Neotropical
Arremon assimilis,Omnivore,Neotropical
Arremon atricapillus,Omnivore,Neotropical
Arremon aurantiirostris,Omnivore,Neotropical
Arremon axillaris,Omnivore,Neotropical
Arremon basilicus,Omnivore,Neotropical
Arremon brunneinucha,Invertivore,Neotropical
Arremon castaneiceps,Omnivore,Neotropical
Arremon costaricensis,Omnivore,Neotropical
Arremon crassirostris,Invertivore,Neotropical
Arremon dorbignii,Omnivore,Neotropical
Arremon flavirostris,Omnivore,Neotropical
Arremon franciscanus,Omnivore,Neotropical
Arremon nigriceps,Omnivore,Neotropical
Arremon perijanus,Omnivore,Neotropical
Arremon phaeopleurus,Omnivore,Neotropical
Arremon phygas,Omnivore,Neotropical
Arremon schlegeli,Omnivore,Neotropical
Arremon semitorquatus,Omnivore,Neotropical
Arremon taciturnus,Omnivore,Neotropical
Arremon torquatus,Omnivore,Neotropical
Arremon virenticeps,Omnivore,Nearctic
Arremonops chloronotus,Omnivore,Neotropical
Arremonops conirostris,Omnivore,Neotropical
Arremonops rufivirgatus,Omnivore,Neotropical
Arremonops tocuyensis,Omnivore,Neotropical
Artemisiospiza belli,Granivore,Nearctic
Artemisiospiza nevadensis,Granivore,Nearctic
Atlapetes albiceps,Granivore,Neotropical
Atlapetes albinucha,Omnivore,Neotropical
Atlapetes albofrenatus,Omnivore,Neotropical
Atlapetes blancae,Omnivore,Neotropical
Atlapetes canigenis,Omnivore,Neotropical
Atlapetes citrinellus,Omnivore,Neotropical
Atlapetes crassus,Omnivore,Neotropical
Atlapetes flaviceps,Omnivore,Neotropical
Atlapetes forbesi,Omnivore,Neotropical
Atlapetes fulviceps,Omnivore,Neotropical
Atlapetes fuscoolivaceus,Omnivore,Neotropical
Atlapetes latinuchus,Omnivore,Neotropical
Atlapetes leucopis,Omnivore,Neotropical
Atlapetes leucopterus,Omnivore,Neotropical
Atlapetes melanocephalus,Omnivore,Neotropical
Atlapetes melanolaemus,Omnivore,Neotropical
Atlapetes melanopsis,Omnivore,Neotropical
Atlapetes meridae,Omnivore,Neotropical
Atlapetes nationi,Omnivore,Neotropical
Atlapetes nigrifrons,Omnivore,Neotropical
Atlapetes pallidiceps,Omnivore,Neotropical
Atlapetes pallidinucha,Omnivore,Neotropical
Atlapetes paynteri,Omnivore,Neotropical
Atlapetes personatus,Omnivore,Neotropical
Atlapetes pileatus,Omnivore,Nearctic
Atlapetes rufigenis,Omnivore,Neotropical
Atlapetes rufinucha,Omnivore,Neotropical
Atlapetes schistaceus,Omnivore,Neotropical
Atlapetes seebohmi,Omnivore,Neotropical
Atlapetes semirufus,Omnivore,Neotropical
Atlapetes taczanowskii,Omnivore,Neotropical
Atlapetes terborghi,Omnivore,Neotropical
Atlapetes tricolor,Omnivore,Neotropical
Calamospiza melanocorys,Omnivore,Nearctic
Chlorospingus canigularis,Frugivore,Neotropical
Chlorospingus flavigularis,Frugivore,Neotropical
Chlorospingus flavopectus,Invertivore,Neotropical
Chlorospingus hypophaeus,Frugivore,Neotropical
Chlorospingus inornatus,Frugivore,Neotropical
Chlorospingus parvirostris,Invertivore,Neotropical
Chlorospingus pileatus,Omnivore,Neotropical
Chlorospingus semifuscus,Invertivore,Neotropical
Chlorospingus tacarcunae,Invertivore,Neotropical
Chondestes grammacus,Granivore,Nearctic
Junco bairdi,Omnivore,Nearctic
Junco hyemalis,Granivore,Nearctic
Junco insularis,Granivore,Nearctic
Junco phaeonotus,Omnivore,Nearctic
Junco vulcani,Omnivore,Neotropical
Melospiza georgiana,Omnivore,Nearctic
Melospiza lincolnii,Omnivore,Nearctic
Melospiza melodia,Omnivore,Nearctic
Melozone aberti,Invertivore,Nearctic
Melozone albicollis,Granivore,Neotropical
Melozone biarcuata,Omnivore,Neotropical
Melozone cabanisi,Omnivore,Neotropical
Melozone crissalis,Granivore,Nearctic
Melozone fusca,Granivore,Nearctic
Melozone kieneri,Omnivore,Nearctic
Melozone leucotis,Invertivore,Neotropical
Melozone occipitalis,Invertivore,Neotropical
Oreothraupis arremonops,Omnivore,Neotropical
Oriturus superciliosus,Omnivore,Nearctic
Passerculus bairdii,Granivore,Nearctic
Passerculus guttatus,Omnivore,Nearctic
Passerculus henslowii,Omnivore,Nearctic
Passerculus rostratus,Omnivore,Nearctic
Passerculus sanctorum,Omnivore,Nearctic
Passerculus sandwichensis,Omnivore,Nearctic
Passerella arborea,Omnivore,Nearctic
Passerella iliaca,Omnivore,Nearctic
Passerella megarhyncha,Omnivore,Nearctic
Passerella schistacea,Omnivore,Nearctic
Passerella unalaschcensis,Omnivore,Nearctic
Peucaea aestivalis,Granivore,Nearctic
Peucaea botterii,Invertivore,Nearctic
Peucaea carpalis,Granivore,Nearctic
Peucaea cassinii,Invertivore,Nearctic
Peucaea humeralis,Invertivore,Nearctic
Peucaea mystacalis,Omnivore,Neotropical
Peucaea ruficauda,Omnivore,Neotropical
Peucaea sumichrasti,Omnivore,Neotropical
Pezopetes capitalis,Invertivore,Neotropical
Pipilo chlorurus,Omnivore,Nearctic
Pipilo erythrophthalmus,Omnivore,Nearctic
Pipilo maculatus,Omnivore,Nearctic
Pipilo ocai,Omnivore,Nearctic
Pipilo socorroensis,Omnivore,Neotropical
Pooecetes gramineus,Omnivore,Nearctic
Pselliophorus luteoviridis,Omnivore,Neotropical
Pselliophorus tibialis,Omnivore,Neotropical
Rhynchospiza stolzmanni,Invertivore,Neotropical
Rhynchospiza strigiceps,Granivore,Neotropical
Spizella atrogularis,Omnivore,Nearctic
Spizella breweri,Omnivore,Nearctic
Spizella pallida,Granivore,Nearctic
Spizella passerina,Omnivore,Nearctic
Spizella pusilla,Granivore,Nearctic
Spizella wortheni,Granivore,Nearctic
Torreornis inexpectata,Omnivore,Neotropical
Xenospiza baileyi,Invertivore,Nearctic
Zonotrichia albicollis,Omnivore,Nearctic
Zonotrichia atricapilla,Omnivore,Nearctic
Zonotrichia capensis,Omnivore,Neotropical
Zonotrichia leucophrys,Omnivore,Nearctic
Zonotrichia querula,Omnivore,Palearctic
Carpospiza brachydactyla,Granivore,Saharo-Arabian
Gymnoris dentata,Granivore,Afrotropical
Gymnoris pyrgita,Omnivore,Afrotropical
Gymnoris superciliaris,Omnivore,Afrotropical
Gymnoris xanthocollis,Granivore,Oriental
Hypocryptadius cinnamomeus,Invertivore,Oriental
Montifringilla adamsi,Granivore,Sino-Japanese
Montifringilla henrici,Granivore,Sino-Japanese
Montifringilla nivalis,Granivore,Palearctic
Onychostruthus taczanowskii,Granivore,Sino-Japanese
Passer ammodendri,Granivore,Palearctic
Passer castanopterus,Granivore,Afrotropical
Passer cinnamomeus,Granivore,Sino-Japanese
Passer cordofanicus,Granivore,Afrotropical
Passer diffusus,Granivore,Afrotropical
Passer domesticus,Granivore,Palearctic
Passer eminibey,Granivore,Afrotropical
Passer euchlorus,Granivore,Saharo-Arabian
Passer flaveolus,Granivore,Oriental
Passer gongonensis,Granivore,Afrotropical
Passer griseus,Granivore,Afrotropical
Passer hemileucus,Granivore,Afrotropical
Passer hispaniolensis,Granivore,Palearctic
Passer iagoensis,Granivore,Afrotropical
Passer insularis,Granivore,Afrotropical
Passer italiae,Granivore,Palearctic
Passer luteus,Granivore,Afrotropical
Passer melanurus,Granivore,Afrotropical
Passer moabiticus,Granivore,Saharo-Arabian
Passer montanus,Granivore,Palearctic
Passer motitensis,Granivore,Afrotropical
Passer pyrrhonotus,Granivore,Oriental
Passer rufocinctus,Granivore,Afrotropical
Passer shelleyi,Granivore,Afrotropical
Passer simplex,Granivore,Saharo-Arabian
Passer suahelicus,Granivore,Afrotropical
Passer swainsonii,Granivore,Afrotropical
Passer zarudnyi,Granivore,Palearctic
Petronia petronia,Granivore,Palearctic
Pyrgilauda blanfordi,Granivore,Sino-Japanese
Pyrgilauda davidiana,Granivore,Palearctic
Pyrgilauda ruficollis,Granivore,Sino-Japanese
Pyrgilauda theresae,Granivore,Saharo-Arabian
Gampsorhynchus rufulus,Invertivore,Oriental
Gampsorhynchus torquatus,Invertivore,Oriental
Graminicola bengalensis,Invertivore,Sino-Japanese
Graminicola striatus,Invertivore,Sino-Japanese
Illadopsis albipectus,Invertivore,Afrotropical
Illadopsis cleaveri,Invertivore,Afrotropical
Illadopsis distans,Invertivore,Afrotropical
Illadopsis fulvescens,Invertivore,Afrotropical
Illadopsis puveli,Invertivore,Afrotropical
Illadopsis pyrrhoptera,Invertivore,Afrotropical
Illadopsis rufescens,Invertivore,Afrotropical
Illadopsis rufipennis,Invertivore,Afrotropical
Illadopsis turdina,Invertivore,Afrotropical
Kenopia striata,Invertivore,Oriental
Laticilla burnesii,Invertivore,Oriental
Laticilla cinerascens,Invertivore,Oriental
Leonardina woodi,Invertivore,Oriental
Malacocincla abbotti,Invertivore,Oriental
Malacocincla perspicillata,Invertivore,Oriental
Malacocincla sepiaria,Invertivore,Oriental
Malacopteron affine,Invertivore,Oriental
Malacopteron albogulare,Invertivore,Oriental
Malacopteron cinereum,Invertivore,Oriental
Malacopteron magnirostre,Invertivore,Oriental
Malacopteron magnum,Invertivore,Oriental
Malacopteron palawanense,Invertivore,Oriental
Napothera epilepidota,Invertivore,Oriental
Pellorneum albiventre,Invertivore,Oriental
Pellorneum capistratum,Invertivore,Oriental
Pellorneum fuscocapillus,Invertivore,Oriental
Pellorneum nigrocapitatum,Invertivore,Oriental
Pellorneum palustre,Invertivore,Oriental
Pellorneum ruficeps,Invertivore,Oriental
Ptilocichla falcata,Invertivore,Oriental
Ptilocichla leucogrammica,Invertivore,Oriental
Ptilocichla mindanensis,Invertivore,Oriental
Rimator albostriatus,Invertivore,Oriental
Rimator danjoui,Invertivore,Oriental
Rimator malacoptilus,Invertivore,Oriental
Rimator naungmungensis,Invertivore,Sino-Japanese
Rimator pasquieri,Invertivore,Oriental
Schoeniparus brunneus,Invertivore,Sino-Japanese
Schoeniparus castaneceps,Invertivore,Oriental
Schoeniparus cinereus,Invertivore,Oriental
Schoeniparus dubius,Invertivore,Oriental
Schoeniparus klossi,Invertivore,Oriental
Schoeniparus rufogularis,Invertivore,Oriental
Schoeniparus variegaticeps,Invertivore,Sino-Japanese
Trichastoma bicolor,Invertivore,Oriental
Trichastoma buettikoferi,Invertivore,Oriental
Trichastoma celebense,Invertivore,Oriental
Trichastoma cinereiceps,Invertivore,Oriental
Trichastoma malaccense,Invertivore,Oriental
Trichastoma pyrrogenys,Invertivore,Oriental
Trichastoma rostratum,Invertivore,Oriental
Trichastoma tickelli,Invertivore,Oriental
Turdinus atrigularis,Invertivore,Oriental
Turdinus brevicaudatus,Invertivore,Oriental
Turdinus calcicola,Invertivore,Oriental
Turdinus crassus,Invertivore,Oriental
Turdinus crispifrons,Invertivore,Oriental
Turdinus macrodactylus,Invertivore,Oriental
Turdinus marmoratus,Invertivore,Oriental
Turdinus rufipectus,Invertivore,Oriental
Amalocichla incerta,Invertivore,Oceanian
Amalocichla sclateriana,Invertivore,Oceanian
Cryptomicroeca flaviventris,Invertivore,Oceanian
Devioeca papuana,Invertivore,Oceanian
Drymodes beccarii,Invertivore,Oceanian
Drymodes brunneopygia,Invertivore,Australian
Drymodes superciliaris,Invertivore,Australian
Eopsaltria australis,Invertivore,Australian
Eopsaltria griseogularis,Invertivore,Australian
Eugerygone rubra,Invertivore,Oceanian
Gennaeodryas placens,Invertivore,Oceanian
Heteromyias albispecularis,Invertivore,Oceanian
Heteromyias armiti,Invertivore,Oceanian
Heteromyias cinereifrons,Invertivore,Australian
Kempiella flavovirescens,Invertivore,Oceanian
Kempiella griseoceps,Invertivore,Oceanian
Melanodryas cucullata,Invertivore,Australian
Melanodryas vittata,Invertivore,Australian
Microeca fascinans,Invertivore,Australian
Microeca flavigaster,Invertivore,Oceanian
Microeca hemixantha,Invertivore,Oriental
Microeca tormenti,Invertivore,Australian
Monachella coultasi,Invertivore,Oceanian
Monachella muelleriana,Invertivore,Oceanian
Pachycephalopsis hattamensis,Invertivore,Oceanian
Pachycephalopsis poliosoma,Invertivore,Oceanian
Peneoenanthe pulverulenta,Invertivore,Oceanian
Peneothello bimaculata,Invertivore,Oceanian
Peneothello cryptoleuca,Invertivore,Oceanian
Peneothello cyanus,Invertivore,Oceanian
Peneothello sigillata,Invertivore,Oceanian
Petroica archboldi,Invertivore,Oceanian
Petroica australis,Invertivore,Australian
Petroica bivittata,Invertivore,Oceanian
Petroica boodang,Invertivore,Australian
Petroica dannefaerdi,Invertivore,Australian
Petroica dannefaerdi,Invertivore,Australian
Petroica dannefaerdi,Invertivore,Australian
Petroica goodenovii,Invertivore,Australian
Petroica longipes,Invertivore,Australian
Petroica macrocephala,Invertivore,Australian
Petroica multicolor,Invertivore,Australian
Petroica phoenicea,Invertivore,Australian
Petroica pusilla,Invertivore,Oceanian
Petroica rodinogaster,Invertivore,Australian
Petroica rosea,Invertivore,Australian
Petroica traversi,Invertivore,Australian
Petroica traversi,Invertivore,Australian
Plesiodryas albonotata,Invertivore,Oceanian
Poecilodryas brachyura,Invertivore,Oceanian
Poecilodryas cerviniventris,Invertivore,Australian
Poecilodryas hypoleuca,Invertivore,Oceanian
Poecilodryas superciliosa,Invertivore,Australian
Quoyornis georgianus,Invertivore,Australian
Tregellasia capito,Invertivore,Australian
Tregellasia leucops,Invertivore,Oceanian
Peucedramus taeniatus,Invertivore,Nearctic
Microligea palustris,Invertivore,Neotropical
Phaenicophilus palmarum,Invertivore,Neotropical
Phaenicophilus poliocephalus,Invertivore,Neotropical
Xenoligea montana,Invertivore,Neotropical
Neodrepanis coruscans,Nectarivore,Madagascan
Neodrepanis hypoxantha,Nectarivore,Madagascan
Philepitta castanea,Frugivore,Madagascan
Philepitta schlegeli,Frugivore,Madagascan
Phylloscopus affinis,Invertivore,Sino-Japanese
Phylloscopus amoenus,Invertivore,Oceanian
Phylloscopus armandii,Invertivore,Palearctic
Phylloscopus bonelli,Invertivore,Palearctic
Phylloscopus borealis,Invertivore,Palearctic
Phylloscopus borealoides,Invertivore,Sino-Japanese
Phylloscopus budongoensis,Invertivore,Afrotropical
Phylloscopus burkii,Invertivore,Sino-Japanese
Phylloscopus calciatilis,Invertivore,Oriental
Phylloscopus canariensis,Invertivore,Palearctic
Phylloscopus cantator,Invertivore,Oriental
Phylloscopus castaniceps,Invertivore,Oriental
Phylloscopus cebuensis,Invertivore,Sino-Japanese
Phylloscopus chloronotus,Invertivore,Sino-Japanese
Phylloscopus claudiae,Invertivore,Sino-Japanese
Phylloscopus collybita,Invertivore,Palearctic
Phylloscopus coronatus,Invertivore,Palearctic
Phylloscopus emeiensis,Invertivore,Sino-Japanese
Phylloscopus emilsalimi,Invertivore,NA
Phylloscopus examinandus,Invertivore,Palearctic
Phylloscopus forresti,Invertivore,Sino-Japanese
Phylloscopus fuligiventer,Invertivore,Sino-Japanese
Phylloscopus fuscatus,Invertivore,Palearctic
Phylloscopus goodsoni,Invertivore,Sino-Japanese
Phylloscopus grammiceps,Invertivore,Oriental
Phylloscopus griseolus,Invertivore,Palearctic
Phylloscopus hainanus,Invertivore,Oriental
Phylloscopus herberti,Invertivore,Afrotropical
Phylloscopus humei,Invertivore,Palearctic
Phylloscopus ibericus,Invertivore,Palearctic
Phylloscopus ijimae,Invertivore,Sino-Japanese
Phylloscopus inornatus,Invertivore,Palearctic
Phylloscopus intensior,Invertivore,Oriental
Phylloscopus intermedius,Invertivore,Sino-Japanese
Phylloscopus kansuensis,Invertivore,Palearctic
Phylloscopus laetus,Invertivore,Afrotropical
Phylloscopus laurae,Invertivore,Afrotropical
Phylloscopus maculipennis,Invertivore,Oriental
Phylloscopus maforensis,Invertivore,Oceanian
Phylloscopus magnirostris,Invertivore,Sino-Japanese
Phylloscopus misoriensis,Invertivore,Oceanian
Phylloscopus montis,Invertivore,Oriental
Phylloscopus neglectus,Invertivore,Saharo-Arabian
Phylloscopus nitidus,Invertivore,Palearctic
Phylloscopus occipitalis,Invertivore,Saharo-Arabian
Phylloscopus ogilviegranti,Invertivore,Sino-Japanese
Phylloscopus olivaceus,Invertivore,Oriental
Phylloscopus omeiensis,Invertivore,Sino-Japanese
Phylloscopus orientalis,Invertivore,Saharo-Arabian
Phylloscopus plumbeitarsus,Invertivore,Palearctic
Phylloscopus poliocephalus,Invertivore,Oceanian
Phylloscopus poliogenys,Invertivore,Oriental
Phylloscopus presbytes,Invertivore,Oceanian
Phylloscopus proregulus,Invertivore,Palearctic
Phylloscopus pulcher,Invertivore,Sino-Japanese
Phylloscopus reguloides,Invertivore,Oriental
Phylloscopus ricketti,Invertivore,Sino-Japanese
Phylloscopus rotiensis,Invertivore,Oriental
Phylloscopus ruficapilla,Invertivore,Afrotropical
Phylloscopus sarasinorum,Invertivore,Oriental
Phylloscopus schwarzi,Invertivore,Palearctic
Phylloscopus sibilatrix,Invertivore,Palearctic
Phylloscopus sindianus,Invertivore,Palearctic
Phylloscopus soror,Invertivore,Sino-Japanese
Phylloscopus suaramerdu,Invertivore,NA
Phylloscopus subaffinis,Invertivore,Sino-Japanese
Phylloscopus subviridis,Invertivore,Oriental
Phylloscopus sumatrensis,Invertivore,Oriental
Phylloscopus tenellipes,Invertivore,Palearctic
Phylloscopus tephrocephalus,Invertivore,Sino-Japanese
Phylloscopus tristis,Invertivore,Palearctic
Phylloscopus trivirgatus,Invertivore,Oriental
Phylloscopus trochiloides,Invertivore,Palearctic
Phylloscopus trochilus,Invertivore,Palearctic
Phylloscopus tytleri,Invertivore,Saharo-Arabian
Phylloscopus umbrovirens,Invertivore,Afrotropical
Phylloscopus valentini,Invertivore,Sino-Japanese
Phylloscopus whistleri,Invertivore,Sino-Japanese
Phylloscopus xanthodryas,Invertivore,Sino-Japanese
Phylloscopus xanthoschistos,Invertivore,Sino-Japanese
Phylloscopus yunnanensis,Invertivore,Palearctic
Picathartes gymnocephalus,Invertivore,Afrotropical
Picathartes oreas,Invertivore,Afrotropical
Antilophia bokermanni,Frugivore,Neotropical
Antilophia galeata,Frugivore,Neotropical
Ceratopipra chloromeros,Frugivore,Neotropical
Ceratopipra cornuta,Frugivore,Neotropical
Ceratopipra erythrocephala,Frugivore,Neotropical
Ceratopipra mentalis,Frugivore,Neotropical
Ceratopipra rubrocapilla,Frugivore,Neotropical
Chiroxiphia boliviana,Frugivore,Neotropical
Chiroxiphia caudata,Omnivore,Neotropical
Chiroxiphia lanceolata,Frugivore,Neotropical
Chiroxiphia linearis,Frugivore,Neotropical
Chiroxiphia pareola,Frugivore,Neotropical
Chloropipo flavicapilla,Frugivore,Neotropical
Chloropipo unicolor,Frugivore,Neotropical
Corapipo gutturalis,Frugivore,Neotropical
Corapipo leucorrhoa,Frugivore,Neotropical
Cryptopipo holochlora,Frugivore,Neotropical
Cryptopipo litae,Frugivore,Neotropical
Heterocercus aurantiivertex,Frugivore,Neotropical
Heterocercus flavivertex,Omnivore,Neotropical
Heterocercus linteatus,Frugivore,Neotropical
Ilicura militaris,Frugivore,Neotropical
Lepidothrix coeruleocapilla,Frugivore,Neotropical
Lepidothrix coronata,Frugivore,Neotropical
Lepidothrix iris,Frugivore,Neotropical
Lepidothrix isidorei,Frugivore,Neotropical
Lepidothrix nattereri,Omnivore,Neotropical
Lepidothrix serena,Frugivore,Neotropical
Lepidothrix suavissima,Frugivore,Neotropical
Lepidothrix vilasboasi,Frugivore,Neotropical
Machaeropterus deliciosus,Frugivore,Neotropical
Machaeropterus eckelberryi,Frugivore,Neotropical
Machaeropterus pyrocephalus,Frugivore,Neotropical
Machaeropterus regulus,Frugivore,Neotropical
Machaeropterus striolatus,Frugivore,Neotropical
Manacus aurantiacus,Frugivore,Neotropical
Manacus candei,Frugivore,Neotropical
Manacus manacus,Frugivore,Neotropical
Manacus vitellinus,Frugivore,Neotropical
Masius chrysopterus,Frugivore,Neotropical
Neopelma aurifrons,Frugivore,Neotropical
Neopelma chrysocephalum,Frugivore,Neotropical
Neopelma chrysolophum,Frugivore,Neotropical
Neopelma pallescens,Invertivore,Neotropical
Neopelma sulphureiventer,Invertivore,Neotropical
Pipra aureola,Frugivore,Neotropical
Pipra fasciicauda,Frugivore,Neotropical
Pipra filicauda,Frugivore,Neotropical
Pseudopipra pipra,Frugivore,Neotropical
Tyranneutes stolzmanni,Frugivore,Neotropical
Tyranneutes virescens,Frugivore,Neotropical
Xenopipo atronitens,Frugivore,Neotropical
Xenopipo uniformis,Frugivore,Neotropical
Erythropitta arquata,Invertivore,Oriental
Erythropitta caeruleitorques,Invertivore,Oceanian
Erythropitta caeruleitorques,Invertivore,Oceanian
Erythropitta caeruleitorques,Invertivore,Oceanian
Erythropitta caeruleitorques,Invertivore,Oceanian
Erythropitta caeruleitorques,Invertivore,Oceanian
Erythropitta celebensis,Invertivore,Oriental
Erythropitta dohertyi,Invertivore,Oceanian
Erythropitta erythrogaster,Invertivore,Oceanian
Erythropitta gazellae,Invertivore,Oceanian
Erythropitta granatina,Invertivore,Oriental
Erythropitta inspeculata,Invertivore,Oceanian
Erythropitta kochi,Invertivore,Oriental
Erythropitta macklotii,Invertivore,Oceanian
Erythropitta meeki,Invertivore,Oceanian
Erythropitta novaehibernicae,Invertivore,Oceanian
Erythropitta palliceps,Invertivore,Oceanian
Erythropitta rubrinucha,Invertivore,Oceanian
Erythropitta rufiventris,Invertivore,Oceanian
Erythropitta splendida,Invertivore,Oceanian
Erythropitta ussheri,Invertivore,Oriental
Erythropitta venusta,Invertivore,Oriental
Hydrornis baudii,Invertivore,Oriental
Hydrornis caeruleus,Invertivore,Oriental
Hydrornis cyaneus,Invertivore,Oriental
Hydrornis elliotii,Invertivore,Oriental
Hydrornis guajanus,Invertivore,Oriental
Hydrornis gurneyi,Invertivore,Oriental
Hydrornis irena,Invertivore,Oriental
Hydrornis nipalensis,Invertivore,Oriental
Hydrornis oatesi,Invertivore,Oriental
Hydrornis phayrei,Invertivore,Oriental
Hydrornis schneideri,Invertivore,Oriental
Hydrornis schwaneri,Invertivore,Oriental
Hydrornis soror,Invertivore,Oriental
Pitta anerythra,Invertivore,Oceanian
Pitta anerythra,Invertivore,Oceanian
Pitta angolensis,Invertivore,Afrotropical
Pitta brachyura,Invertivore,Oriental
Pitta elegans,Invertivore,Oceanian
Pitta iris,Invertivore,Australian
Pitta maxima,Invertivore,Oceanian
Pitta megarhyncha,Invertivore,Oriental
Pitta moluccensis,Invertivore,Oriental
Pitta morotaiensis,Invertivore,Oceanian
Pitta novaeguineae,Invertivore,Oceanian
Pitta nympha,Invertivore,Sino-Japanese
Pitta reichenowi,Invertivore,Afrotropical
Pitta rosenbergii,Invertivore,Oceanian
Pitta sordida,Invertivore,Oriental
Pitta steerii,Invertivore,Oriental
Pitta superba,Invertivore,Oceanian
Pitta versicolor,Invertivore,Australian
Pityriasis gymnocephala,Invertivore,Oriental
Platylophus galericulatus,Invertivore,Oriental
Platylophus galericulatus,Invertivore,Oriental
Batis capensis,Invertivore,Afrotropical
Batis crypta,Invertivore,Afrotropical
Batis dimorpha,Invertivore,Afrotropical
Batis diops,Invertivore,Afrotropical
Batis erlangeri,Invertivore,Afrotropical
Batis fratrum,Invertivore,Afrotropical
Batis ituriensis,Invertivore,Afrotropical
Batis margaritae,Invertivore,Afrotropical
Batis minima,Invertivore,Afrotropical
Batis minor,Invertivore,Afrotropical
Batis minulla,Invertivore,Afrotropical
Batis mixta,Invertivore,Afrotropical
Batis molitor,Invertivore,Afrotropical
Batis occulta,Invertivore,Afrotropical
Batis orientalis,Invertivore,Afrotropical
Batis perkeo,Invertivore,Afrotropical
Batis poensis,Invertivore,Afrotropical
Batis pririt,Invertivore,Afrotropical
Batis reichenowi,Invertivore,Afrotropical
Batis senegalensis,Invertivore,Afrotropical
Batis soror,Invertivore,Afrotropical
Dyaphorophyia ansorgei,Invertivore,Afrotropical
Dyaphorophyia blissetti,Invertivore,Afrotropical
Dyaphorophyia castanea,Invertivore,Afrotropical
Dyaphorophyia chalybea,Invertivore,Afrotropical
Dyaphorophyia concreta,Invertivore,Afrotropical
Dyaphorophyia hormophora,Invertivore,Afrotropical
Dyaphorophyia jamesoni,Invertivore,Afrotropical
Dyaphorophyia tonsa,Invertivore,Afrotropical
Lanioturdus torquatus,Invertivore,Afrotropical
Platysteira albifrons,Invertivore,Afrotropical
Platysteira cyanea,Invertivore,Afrotropical
Platysteira laticincta,Invertivore,Afrotropical
Platysteira peltata,Invertivore,Afrotropical
Amblyospiza albifrons,Omnivore,Afrotropical
Anaplectes jubaensis,Invertivore,Afrotropical
Anaplectes leuconotos,Invertivore,Afrotropical
Anaplectes rubriceps,Invertivore,Afrotropical
Brachycope anomala,Granivore,Afrotropical
Bubalornis albirostris,Omnivore,Afrotropical
Bubalornis niger,Invertivore,Afrotropical
Dinemellia dinemelli,Invertivore,Afrotropical
Euplectes afer,Granivore,Afrotropical
Euplectes albonotatus,Granivore,Afrotropical
Euplectes ardens,Omnivore,Afrotropical
Euplectes aureus,Granivore,Afrotropical
Euplectes axillaris,Granivore,Afrotropical
Euplectes capensis,Granivore,Afrotropical
Euplectes diadematus,Granivore,Afrotropical
Euplectes franciscanus,Granivore,Afrotropical
Euplectes gierowii,Granivore,Afrotropical
Euplectes hartlaubi,Omnivore,Afrotropical
Euplectes hordeaceus,Granivore,Afrotropical
Euplectes jacksoni,Granivore,Afrotropical
Euplectes laticauda,Omnivore,Afrotropical
Euplectes macroura,Granivore,Afrotropical
Euplectes nigroventris,Granivore,Afrotropical
Euplectes orix,Granivore,Afrotropical
Euplectes progne,Granivore,Afrotropical
Euplectes psammacromius,Omnivore,Afrotropical
Foudia aldabrana,Invertivore,Madagascan
Foudia aldabrana,Invertivore,Madagascan
Foudia consobrina,Invertivore,Madagascan
Foudia eminentissima,Invertivore,Madagascan
Foudia flavicans,Invertivore,Oceanian
Foudia madagascariensis,Granivore,Madagascan
Foudia omissa,Omnivore,Madagascan
Foudia rubra,Invertivore,Oceanian
Foudia sechellarum,Invertivore,Madagascan
Histurgops ruficauda,Omnivore,Afrotropical
Malimbus ballmanni,Invertivore,Afrotropical
Malimbus cassini,Invertivore,Afrotropical
Malimbus coronatus,Invertivore,Afrotropical
Malimbus erythrogaster,Invertivore,Afrotropical
Malimbus ibadanensis,Invertivore,Afrotropical
Malimbus malimbicus,Invertivore,Afrotropical
Malimbus nitens,Invertivore,Afrotropical
Malimbus racheliae,Invertivore,Afrotropical
Malimbus rubricollis,Invertivore,Afrotropical
Malimbus scutatus,Invertivore,Afrotropical
Philetairus socius,Omnivore,Afrotropical
Plocepasser donaldsoni,Omnivore,Afrotropical
Plocepasser mahali,Omnivore,Afrotropical
Plocepasser rufoscapulatus,Granivore,Afrotropical
Plocepasser superciliosus,Granivore,Afrotropical
Ploceus albinucha,Invertivore,Afrotropical
Ploceus alienus,Invertivore,Afrotropical
Ploceus angolensis,Invertivore,Afrotropical
Ploceus aurantius,Omnivore,Afrotropical
Ploceus aureonucha,Omnivore,Afrotropical
Ploceus badius,Granivore,Afrotropical
Ploceus baglafecht,Invertivore,Afrotropical
Ploceus bannermani,Omnivore,Afrotropical
Ploceus batesi,Invertivore,Afrotropical
Ploceus benghalensis,Granivore,Oriental
Ploceus bertrandi,Invertivore,Afrotropical
Ploceus bicolor,Invertivore,Afrotropical
Ploceus bojeri,Omnivore,Afrotropical
Ploceus brachypterus,Invertivore,Afrotropical
Ploceus burnieri,Granivore,Afrotropical
Ploceus capensis,Omnivore,Afrotropical
Ploceus castaneiceps,Granivore,Afrotropical
Ploceus castaneofuscus,Invertivore,Afrotropical
Ploceus castanops,Granivore,Afrotropical
Ploceus cucullatus,Granivore,Afrotropical
Ploceus dichrocephalus,Granivore,Afrotropical
Ploceus dorsomaculatus,Invertivore,Afrotropical
Ploceus flavipes,Invertivore,Afrotropical
Ploceus galbula,Granivore,Afrotropical
Ploceus golandi,Invertivore,Afrotropical
Ploceus grandis,Granivore,Afrotropical
Ploceus heuglini,Invertivore,Afrotropical
Ploceus hypoxanthus,Granivore,Oriental
Ploceus insignis,Invertivore,Afrotropical
Ploceus intermedius,Invertivore,Afrotropical
Ploceus jacksoni,Granivore,Afrotropical
Ploceus katangae,Granivore,Afrotropical
Ploceus luteolus,Granivore,Afrotropical
Ploceus manyar,Granivore,Oriental
Ploceus megarhynchus,Granivore,Oriental
Ploceus melanocephalus,Granivore,Afrotropical
Ploceus melanogaster,Invertivore,Afrotropical
Ploceus nelicourvi,Invertivore,Madagascan
Ploceus nicolli,Invertivore,Afrotropical
Ploceus nigerrimus,Invertivore,Afrotropical
Ploceus nigricollis,Invertivore,Afrotropical
Ploceus nigrimentus,Omnivore,Afrotropical
Ploceus ocularis,Invertivore,Afrotropical
Ploceus olivaceiceps,Invertivore,Madagascan
Ploceus pelzelni,Invertivore,Afrotropical
Ploceus philippinus,Granivore,Oriental
Ploceus preussi,Invertivore,Afrotropical
Ploceus princeps,Granivore,Afrotropical
Ploceus reichardi,Granivore,Afrotropical
Ploceus rubiginosus,Granivore,Afrotropical
Ploceus ruweti,Omnivore,Afrotropical
Ploceus sakalava,Granivore,Madagascan
Ploceus sanctithomae,Granivore,Afrotropical
Ploceus spekei,Granivore,Afrotropical
Ploceus spekeoides,Granivore,Afrotropical
Ploceus subaureus,Granivore,Afrotropical
Ploceus subpersonatus,Granivore,Afrotropical
Ploceus superciliosus,Granivore,Afrotropical
Ploceus taeniopterus,Granivore,Afrotropical
Ploceus temporalis,Invertivore,Afrotropical
Ploceus tricolor,Invertivore,Afrotropical
Ploceus upembae,Granivore,Afrotropical
Ploceus velatus,Omnivore,Afrotropical
Ploceus vitellinus,Granivore,Afrotropical
Ploceus weynsi,Omnivore,Afrotropical
Ploceus xanthops,Omnivore,Afrotropical
Ploceus xanthopterus,Omnivore,Afrotropical
Pseudonigrita arnaudi,Omnivore,Afrotropical
Pseudonigrita cabanisi,Granivore,Afrotropical
Quelea cardinalis,Granivore,Afrotropical
Quelea erythrops,Granivore,Afrotropical
Quelea quelea,Granivore,Afrotropical
Sporopipes frontalis,Granivore,Afrotropical
Sporopipes squamifrons,Granivore,Afrotropical
Pnoepyga albiventer,Invertivore,Oriental
Pnoepyga formosana,Invertivore,Oriental
Pnoepyga immaculata,Invertivore,Oriental
Pnoepyga pusilla,Invertivore,Oriental
Microbates cinereiventris,Invertivore,Neotropical
Microbates collaris,Invertivore,Neotropical
Polioptila albiloris,Invertivore,Neotropical
Polioptila caerulea,Invertivore,Nearctic
Polioptila californica,Invertivore,Nearctic
Polioptila dumicola,Invertivore,Neotropical
Polioptila guianensis,Invertivore,Neotropical
Polioptila lactea,Invertivore,Neotropical
Polioptila lembeyei,Invertivore,Neotropical
Polioptila maior,Invertivore,Neotropical
Polioptila melanura,Invertivore,Nearctic
Polioptila nigriceps,Invertivore,Nearctic
Polioptila plumbea,Invertivore,Neotropical
Polioptila schistaceigula,Invertivore,Neotropical
Ramphocaenus melanurus,Invertivore,Neotropical
Garritornis isidorei,Invertivore,Oceanian
Pomatostomus halli,Invertivore,Australian
Pomatostomus ruficeps,Invertivore,Australian
Pomatostomus superciliosus,Invertivore,Australian
Pomatostomus temporalis,Invertivore,Australian
Promerops cafer,Nectarivore,Afrotropical
Promerops gurneyi,Nectarivore,Afrotropical
Prunella atrogularis,Invertivore,Palearctic
Prunella collaris,Invertivore,Palearctic
Prunella fulvescens,Invertivore,Palearctic
Prunella himalayana,Invertivore,Palearctic
Prunella immaculata,Omnivore,Sino-Japanese
Prunella koslowi,Invertivore,Palearctic
Prunella modularis,Invertivore,Palearctic
Prunella montanella,Invertivore,Palearctic
Prunella ocularis,Omnivore,Palearctic
Prunella rubeculoides,Omnivore,Sino-Japanese
Prunella rubida,Invertivore,Sino-Japanese
Prunella strophiata,Invertivore,Sino-Japanese
Androphobus viridis,Invertivore,Oceanian
Psophodes cristatus,Omnivore,Australian
Psophodes nigrogularis,Invertivore,Australian
Psophodes occidentalis,Omnivore,Australian
Psophodes olivaceus,Invertivore,Australian
Phainopepla nitens,Frugivore,Nearctic
Phainoptila melanoxantha,Frugivore,Neotropical
Ptiliogonys caudatus,Omnivore,Neotropical
Ptiliogonys cinereus,Omnivore,Nearctic
Ailuroedus buccoides,Omnivore,Oceanian
Ailuroedus crassirostris,Omnivore,Australian
Ailuroedus melanotis,Frugivore,Oceanian
Amblyornis flavifrons,Frugivore,Oceanian
Amblyornis inornata,Frugivore,Oceanian
Amblyornis macgregoriae,Frugivore,Oceanian
Amblyornis subalaris,Frugivore,Oceanian
Archboldia papuensis,Omnivore,Oceanian
Chlamydera cerviniventris,Omnivore,Oceanian
Chlamydera guttata,Omnivore,Australian
Chlamydera lauterbachi,Omnivore,Oceanian
Chlamydera maculata,Omnivore,Australian
Chlamydera nuchalis,Omnivore,Australian
Prionodura newtoniana,Frugivore,Australian
Ptilonorhynchus violaceus,Omnivore,Australian
Scenopoeetes dentirostris,Frugivore,Australian
Sericulus ardens,Frugivore,Oceanian
Sericulus aureus,Frugivore,Oceanian
Sericulus bakeri,Frugivore,Oceanian
Sericulus chrysocephalus,Frugivore,Australian
Acritillas indica,Omnivore,Oriental
Alcurus striatus,Omnivore,Oriental
Alophoixus bres,Omnivore,Oriental
Alophoixus flaveolus,Frugivore,Oriental
Alophoixus frater,Omnivore,Oriental
Alophoixus griseiceps,Frugivore,Oriental
Alophoixus ochraceus,Frugivore,Oriental
Alophoixus pallidus,Frugivore,Oriental
Alophoixus phaeocephalus,Omnivore,Oriental
Alophoixus ruficrissus,Frugivore,Oriental
Alophoixus tephrogenys,Omnivore,Oriental
Andropadus importunus,Frugivore,Afrotropical
Arizelocichla chlorigula,Frugivore,Afrotropical
Arizelocichla fusciceps,Frugivore,Afrotropical
Arizelocichla masukuensis,Invertivore,Afrotropical
Arizelocichla milanjensis,Omnivore,Afrotropical
Arizelocichla montana,Frugivore,Afrotropical
Arizelocichla neumanni,Frugivore,Afrotropical
Arizelocichla nigriceps,Frugivore,Afrotropical
Arizelocichla striifacies,Omnivore,Afrotropical
Arizelocichla tephrolaema,Frugivore,Afrotropical
Atimastillas flavicollis,Frugivore,Afrotropical
Atimastillas flavigula,Frugivore,Afrotropical
Baeopogon clamans,Frugivore,Afrotropical
Baeopogon indicator,Frugivore,Afrotropical
Bleda canicapillus,Invertivore,Afrotropical
Bleda eximius,Invertivore,Afrotropical
Bleda notatus,Invertivore,Afrotropical
Bleda syndactylus,Invertivore,Afrotropical
Bleda ugandae,Invertivore,Afrotropical
Brachypodius atriceps,Frugivore,Oriental
Brachypodius fuscoflavescens,Frugivore,Oriental
Brachypodius priocephalus,Frugivore,Oriental
Calyptocichla serinus,Frugivore,Afrotropical
Chlorocichla falkensteini,Frugivore,Afrotropical
Chlorocichla flaviventris,Omnivore,Afrotropical
Chlorocichla laetissima,Omnivore,Afrotropical
Chlorocichla prigoginei,Omnivore,Afrotropical
Chlorocichla simplex,Frugivore,Afrotropical
Criniger barbatus,Invertivore,Afrotropical
Criniger calurus,Invertivore,Afrotropical
Criniger chloronotus,Invertivore,Afrotropical
Criniger ndussumensis,Invertivore,Afrotropical
Criniger olivaceus,Invertivore,Afrotropical
Euptilotus eutilotus,Frugivore,Oriental
Eurillas ansorgei,Frugivore,Afrotropical
Eurillas curvirostris,Omnivore,Afrotropical
Eurillas gracilis,Omnivore,Afrotropical
Eurillas latirostris,Frugivore,Afrotropical
Eurillas virens,Frugivore,Afrotropical
Hemixos castanonotus,Frugivore,Sino-Japanese
Hemixos cinereus,Omnivore,Oriental
Hemixos connectens,Omnivore,Oriental
Hemixos flavala,Omnivore,Oriental
Hemixos leucogrammicus,Frugivore,Oriental
Hypsipetes affinis,Frugivore,Oceanian
Hypsipetes amaurotis,Frugivore,Palearctic
Hypsipetes aureus,Frugivore,Oriental
Hypsipetes borbonicus,Frugivore,Oceanian
Hypsipetes catarmanensis,Frugivore,Oriental
Hypsipetes chloris,Frugivore,Oceanian
Hypsipetes crassirostris,Omnivore,Madagascan
Hypsipetes crassirostris,Omnivore,Madagascan
Hypsipetes crassirostris,Omnivore,Madagascan
Hypsipetes everetti,Frugivore,Oceanian
Hypsipetes ganeesa,Frugivore,Oriental
Hypsipetes harterti,Frugivore,Oceanian
Hypsipetes harterti,Frugivore,Oceanian
Hypsipetes haynaldi,Frugivore,Oceanian
Hypsipetes leucocephalus,Frugivore,Oriental
Hypsipetes longirostris,Frugivore,Oceanian
Hypsipetes longirostris,Frugivore,Oceanian
Hypsipetes lucasi,Frugivore,Oceanian
Hypsipetes madagascariensis,Omnivore,Madagascan
Hypsipetes moheliensis,Frugivore,Madagascan
Hypsipetes mysticalis,Frugivore,Oceanian
Hypsipetes olivaceus,Omnivore,Oceanian
Hypsipetes parvirostris,Frugivore,Madagascan
Hypsipetes philippinus,Frugivore,Oceanian
Hypsipetes platenae,Frugivore,Oceanian
Hypsipetes platenae,Frugivore,Oceanian
Hypsipetes rufigularis,Frugivore,Oriental
Hypsipetes siquijorensis,Frugivore,Oriental
Hypsipetes thompsoni,Frugivore,Oriental
Iole charlottae,Omnivore,Oriental
Iole finschii,Omnivore,Oriental
Iole palawanensis,Omnivore,Oriental
Iole propinqua,Omnivore,Oriental
Iole viridescens,Frugivore,Oriental
Ixidia cyaniventris,Frugivore,Oriental
Ixidia erythropthalmos,Frugivore,Oriental
Ixidia squamata,Frugivore,Oriental
Ixonotus guttatus,Frugivore,Afrotropical
Ixos malaccensis,Frugivore,Oriental
Ixos mcclellandii,Omnivore,Oriental
Ixos nicobariensis,Omnivore,Oriental
Ixos sumatranus,Omnivore,Oriental
Ixos virescens,Omnivore,Oriental
Microtarsus melanoleucos,Frugivore,Oriental
Neolestes torquatus,Invertivore,Afrotropical
Nok hualon,Frugivore,Oriental
Phyllastrephus albigula,Invertivore,Afrotropical
Phyllastrephus albigularis,Invertivore,Afrotropical
Phyllastrephus baumanni,Invertivore,Afrotropical
Phyllastrephus cabanisi,Invertivore,Afrotropical
Phyllastrephus cerviniventris,Invertivore,Afrotropical
Phyllastrephus debilis,Invertivore,Afrotropical
Phyllastrephus fischeri,Invertivore,Afrotropical
Phyllastrephus flavostriatus,Invertivore,Afrotropical
Phyllastrephus fulviventris,Invertivore,Afrotropical
Phyllastrephus hypochloris,Invertivore,Afrotropical
Phyllastrephus icterinus,Invertivore,Afrotropical
Phyllastrephus lorenzi,Invertivore,Afrotropical
Phyllastrephus poensis,Invertivore,Afrotropical
Phyllastrephus poliocephalus,Invertivore,Afrotropical
Phyllastrephus strepitans,Invertivore,Afrotropical
Phyllastrephus terrestris,Invertivore,Afrotropical
Phyllastrephus viridiceps,Invertivore,Afrotropical
Phyllastrephus xavieri,Invertivore,Afrotropical
Poliolophus urostictus,Frugivore,Oceanian
Pycnonotus aurigaster,Omnivore,Oriental
Pycnonotus barbatus,Frugivore,Afrotropical
Pycnonotus bimaculatus,Frugivore,Oriental
Pycnonotus blanfordi,Omnivore,Oriental
Pycnonotus brunneus,Frugivore,Oriental
Pycnonotus cafer,Omnivore,Oriental
Pycnonotus capensis,Omnivore,Afrotropical
Pycnonotus cinereifrons,Frugivore,Oriental
Pycnonotus davisoni,Omnivore,Oriental
Pycnonotus finlaysoni,Omnivore,Oriental
Pycnonotus flavescens,Omnivore,Oriental
Pycnonotus goiavier,Omnivore,Oriental
Pycnonotus jocosus,Omnivore,Oriental
Pycnonotus leucogenys,Omnivore,Sino-Japanese
Pycnonotus leucops,Omnivore,Oriental
Pycnonotus leucotis,Omnivore,Saharo-Arabian
Pycnonotus luteolus,Frugivore,Oriental
Pycnonotus nieuwenhuisii,Frugivore,Oriental
Pycnonotus nigricans,Frugivore,Afrotropical
Pycnonotus penicillatus,Frugivore,Oriental
Pycnonotus plumosus,Frugivore,Oriental
Pycnonotus pseudosimplex,Frugivore,Oriental
Pycnonotus simplex,Frugivore,Oriental
Pycnonotus sinensis,Frugivore,Sino-Japanese
Pycnonotus snouckaerti,Frugivore,Oriental
Pycnonotus taivanus,Omnivore,Oriental
Pycnonotus tympanistrigus,Frugivore,Oriental
Pycnonotus xantholaemus,Frugivore,Oriental
Pycnonotus xanthopygos,Frugivore,Saharo-Arabian
Pycnonotus xanthorrhous,Frugivore,Sino-Japanese
Pycnonotus zeylanicus,Frugivore,Oriental
Pyrrhurus scandens,Invertivore,Afrotropical
Rubigula dispar,Frugivore,Oriental
Rubigula flaviventris,Frugivore,Oriental
Rubigula gularis,Frugivore,Oriental
Rubigula melanictera,Frugivore,Oriental
Rubigula montis,Frugivore,Oriental
Setornis criniger,Frugivore,Oriental
Spizixos canifrons,Omnivore,Oriental
Spizixos semitorques,Omnivore,Sino-Japanese
Stelgidillas gracilirostris,Frugivore,Afrotropical
Thescelocichla leucopleura,Frugivore,Afrotropical
Tricholestes criniger,Omnivore,Oriental
Regulus calendula,Invertivore,Nearctic
Regulus goodfellowi,Invertivore,Oriental
Regulus ignicapilla,Invertivore,Palearctic
Regulus madeirensis,Invertivore,Palearctic
Regulus regulus,Invertivore,Palearctic
Regulus satrapa,Invertivore,Nearctic
Anthoscopus caroli,Invertivore,Afrotropical
Anthoscopus flavifrons,Invertivore,Afrotropical
Anthoscopus minutus,Invertivore,Afrotropical
Anthoscopus musculus,Invertivore,Afrotropical
Anthoscopus parvulus,Invertivore,Afrotropical
Anthoscopus punctifrons,Invertivore,Afrotropical
Anthoscopus sylviella,Invertivore,Afrotropical
Auriparus flaviceps,Invertivore,Nearctic
Remiz consobrinus,Invertivore,Palearctic
Remiz coronatus,Invertivore,Palearctic
Remiz pendulinus,Invertivore,Palearctic
Rhagologus leucostigma,Frugivore,Oceanian
Acropternis orthonyx,Invertivore,Neotropical
Eleoscytalopus indigoticus,Invertivore,Neotropical
Eleoscytalopus psychopompus,Invertivore,Neotropical
Eugralla paradoxa,Invertivore,Neotropical
Liosceles thoracicus,Invertivore,Neotropical
Merulaxis ater,Invertivore,Neotropical
Merulaxis stresemanni,Invertivore,Neotropical
Myornis senilis,Invertivore,Neotropical
Psilorhamphus guttatus,Invertivore,Neotropical
Pteroptochos castaneus,Invertivore,Neotropical
Pteroptochos megapodius,Invertivore,Neotropical
Pteroptochos tarnii,Invertivore,Neotropical
Rhinocrypta lanceolata,Invertivore,Neotropical
Scelorchilus albicollis,Invertivore,Neotropical
Scelorchilus rubecula,Invertivore,Neotropical
Scytalopus acutirostris,Invertivore,Neotropical
Scytalopus affinis,Invertivore,Neotropical
Scytalopus altirostris,Invertivore,Neotropical
Scytalopus alvarezlopezi,Invertivore,Neotropical
Scytalopus argentifrons,Invertivore,Neotropical
Scytalopus atratus,Invertivore,Neotropical
Scytalopus bolivianus,Invertivore,Neotropical
Scytalopus canus,Invertivore,Neotropical
Scytalopus caracae,Invertivore,Neotropical
Scytalopus chocoensis,Invertivore,Neotropical
Scytalopus diamantinensis,Invertivore,Neotropical
Scytalopus femoralis,Invertivore,Neotropical
Scytalopus frankeae,Invertivore,NA
Scytalopus fuscus,Invertivore,Neotropical
Scytalopus gettyae,Invertivore,Neotropical
Scytalopus gonzagai,Invertivore,Neotropical
Scytalopus griseicollis,Invertivore,Neotropical
Scytalopus iraiensis,Invertivore,Neotropical
Scytalopus krabbei,Invertivore,NA
Scytalopus latebricola,Invertivore,Neotropical
Scytalopus latrans,Invertivore,Neotropical
Scytalopus macropus,Invertivore,Neotropical
Scytalopus magellanicus,Invertivore,Neotropical
Scytalopus meridanus,Invertivore,Neotropical
Scytalopus micropterus,Invertivore,Neotropical
Scytalopus novacapitalis,Invertivore,Neotropical
Scytalopus opacus,Invertivore,Neotropical
Scytalopus pachecoi,Invertivore,Neotropical
Scytalopus panamensis,Invertivore,Neotropical
Scytalopus parkeri,Invertivore,Neotropical
Scytalopus parvirostris,Invertivore,Neotropical
Scytalopus perijanus,Invertivore,Neotropical
Scytalopus petrophilus,Invertivore,Neotropical
Scytalopus robbinsi,Invertivore,Neotropical
Scytalopus rodriguezi,Invertivore,Neotropical
Scytalopus sanctaemartae,Invertivore,Neotropical
Scytalopus schulenbergi,Invertivore,Neotropical
Scytalopus simonsi,Invertivore,Neotropical
Scytalopus speluncae,Invertivore,Neotropical
Scytalopus spillmanni,Invertivore,Neotropical
Scytalopus stilesi,Invertivore,Neotropical
Scytalopus superciliaris,Invertivore,Neotropical
Scytalopus unicolor,Invertivore,Neotropical
Scytalopus urubambae,Invertivore,Neotropical
Scytalopus vicinior,Invertivore,Neotropical
Scytalopus whitneyi,Invertivore,NA
Scytalopus zimmeri,Invertivore,Neotropical
Teledromas fuscus,Invertivore,Neotropical
Rhipidura albicollis,Invertivore,Oriental
Rhipidura albiscapa,Invertivore,Australian
Rhipidura albiventris,Invertivore,Oceanian
Rhipidura albiventris,Invertivore,Oceanian
Rhipidura albiventris,Invertivore,Oceanian
Rhipidura albogularis,Invertivore,Oriental
Rhipidura albolimbata,Invertivore,Oceanian
Rhipidura assimilis,Invertivore,Oceanian
Rhipidura atra,Invertivore,Oceanian
Rhipidura aureola,Invertivore,Oriental
Rhipidura bouruensis,Invertivore,Oceanian
Rhipidura brachyrhyncha,Invertivore,Oceanian
Rhipidura cinerea,Invertivore,Oceanian
Rhipidura cockerelli,Invertivore,Oceanian
Rhipidura coultasi,Invertivore,Oceanian
Rhipidura cyaniceps,Invertivore,Oriental
Rhipidura dahli,Invertivore,Oceanian
Rhipidura dedemi,Invertivore,Oceanian
Rhipidura diluta,Invertivore,Oceanian
Rhipidura drownei,Invertivore,Oceanian
Rhipidura dryas,Invertivore,Australian
Rhipidura euryura,Invertivore,Oriental
Rhipidura fuliginosa,Invertivore,Australian
Rhipidura fuscorufa,Invertivore,Oceanian
Rhipidura habibiei,Invertivore,NA
Rhipidura hoedti,Invertivore,Oceanian
Rhipidura hyperythra,Invertivore,Oceanian
Rhipidura isura,Invertivore,Oceanian
Rhipidura javanica,Invertivore,Oriental
Rhipidura kordensis,Invertivore,Oceanian
Rhipidura kubaryi,Invertivore,Oceanian
Rhipidura layardi,Invertivore,Oceanian
Rhipidura lepida,Invertivore,Oceanian
Rhipidura leucophrys,Invertivore,Australian
Rhipidura leucothorax,Invertivore,Oceanian
Rhipidura maculipectus,Invertivore,Oceanian
Rhipidura malaitae,Invertivore,Oceanian
Rhipidura matthiae,Invertivore,Oceanian
Rhipidura melanolaema,Invertivore,Oceanian
Rhipidura nebulosa,Invertivore,Oceanian
Rhipidura nigritorquis,Invertivore,Oceanian
Rhipidura nigrocinnamomea,Invertivore,Oriental
Rhipidura obiensis,Invertivore,Oceanian
Rhipidura ocularis,Invertivore,Oceanian
Rhipidura opistherythra,Invertivore,Oriental
Rhipidura perlata,Invertivore,Oriental
Rhipidura personata,Invertivore,Oceanian
Rhipidura personata,Invertivore,Oceanian
Rhipidura phasiana,Invertivore,Australian
Rhipidura phoenicura,Invertivore,Oriental
Rhipidura rennelliana,Invertivore,Oceanian
Rhipidura rennelliana,Invertivore,Oceanian
Rhipidura rennelliana,Invertivore,Oceanian
Rhipidura rennelliana,Invertivore,Oceanian
Rhipidura rufidorsa,Invertivore,Oceanian
Rhipidura rufifrons,Invertivore,Australian
Rhipidura rufilateralis,Invertivore,Neotropical
Rhipidura rufiventris,Invertivore,Oriental
Rhipidura samarensis,Invertivore,Oriental
Rhipidura sauli,Invertivore,Oriental
Rhipidura semirubra,Invertivore,Oceanian
Rhipidura spilodera,Invertivore,Oceanian
Rhipidura superciliaris,Invertivore,Oriental
Rhipidura superflua,Invertivore,Oceanian
Rhipidura tenebrosa,Invertivore,Oceanian
Rhipidura tenkatei,Invertivore,Oriental
Rhipidura teysmanni,Invertivore,Oriental
Rhipidura threnothorax,Invertivore,Oceanian
Rhipidura verreauxi,Invertivore,Oceanian
Rhodinocichla rosea,Omnivore,Neotropical
Sapayoa aenigma,Omnivore,Neotropical
Abroscopus albogularis,Invertivore,Oriental
Abroscopus schisticeps,Invertivore,Oriental
Abroscopus superciliaris,Invertivore,Oriental
Cettia brunnifrons,Invertivore,Sino-Japanese
Cettia castaneocoronata,Invertivore,Oriental
Cettia cetti,Invertivore,Saharo-Arabian
Cettia major,Invertivore,Sino-Japanese
Erythrocercus holochlorus,Invertivore,Afrotropical
Erythrocercus livingstonei,Invertivore,Afrotropical
Erythrocercus mccallii,Invertivore,Afrotropical
Hemitesia neumanni,Invertivore,Afrotropical
Hemitesia pallidipes,Invertivore,Oriental
Horornis acanthizoides,Invertivore,Sino-Japanese
Horornis annae,Invertivore,Oceanian
Horornis brunnescens,Invertivore,Sino-Japanese
Horornis canturians,Invertivore,Sino-Japanese
Horornis carolinae,Invertivore,Oriental
Horornis diphone,Invertivore,Palearctic
Horornis flavolivaceus,Invertivore,Oriental
Horornis fortipes,Invertivore,Sino-Japanese
Horornis haddeni,Invertivore,Oceanian
Horornis parens,Invertivore,Oceanian
Horornis ruficapilla,Invertivore,Oceanian
Horornis seebohmi,Invertivore,Oriental
Hylia prasina,Invertivore,Afrotropical
Pholidornis rushiae,Invertivore,Afrotropical
Phyllergates cucullatus,Invertivore,Oriental
Phyllergates heterolaemus,Invertivore,Oriental
Scotocerca inquieta,Invertivore,Saharo-Arabian
Tesia cyaniventer,Invertivore,Oriental
Tesia everetti,Invertivore,Oceanian
Tesia olivea,Invertivore,Oriental
Tesia superciliaris,Invertivore,Oriental
Tickellia hodgsoni,Invertivore,Oriental
Urosphena squameiceps,Invertivore,Palearctic
Urosphena subulata,Invertivore,Oriental
Urosphena whiteheadi,Invertivore,Oriental
Salpornis salvadori,Invertivore,Afrotropical
Salpornis spilonota,Invertivore,Oriental
Sitta arctica,Invertivore,Palearctic
Sitta azurea,Invertivore,Oriental
Sitta canadensis,Omnivore,Nearctic
Sitta carolinensis,Omnivore,Nearctic
Sitta cashmirensis,Invertivore,Oriental
Sitta castanea,Invertivore,Oriental
Sitta cinnamoventris,Invertivore,Oriental
Sitta europaea,Invertivore,Palearctic
Sitta formosa,Invertivore,Oriental
Sitta frontalis,Invertivore,Oriental
Sitta himalayensis,Invertivore,Sino-Japanese
Sitta insularis,Invertivore,Neotropical
Sitta krueperi,Omnivore,Palearctic
Sitta ledanti,Omnivore,Saharo-Arabian
Sitta leucopsis,Invertivore,Oriental
Sitta magna,Invertivore,Oriental
Sitta nagaensis,Invertivore,Oriental
Sitta neglecta,Invertivore,Oriental
Sitta neumayer,Invertivore,Palearctic
Sitta oenochlamys,Invertivore,Oceanian
Sitta przewalskii,Invertivore,Sino-Japanese
Sitta pusilla,Invertivore,Nearctic
Sitta pygmaea,Invertivore,Nearctic
Sitta solangiae,Invertivore,Oriental
Sitta tephronota,Invertivore,Saharo-Arabian
Sitta victoriae,Invertivore,Oriental
Sitta villosa,Omnivore,Palearctic
Sitta whiteheadi,Omnivore,Palearctic
Sitta yunnanensis,Invertivore,Sino-Japanese
Tichodroma muraria,Invertivore,Palearctic
Spindalis dominicensis,Frugivore,Neotropical
Spindalis nigricephala,Frugivore,Neotropical
Spindalis portoricensis,Frugivore,Neotropical
Spindalis zena,Frugivore,Neotropical
Chelidorhynx hypoxanthus,Invertivore,Oriental
Culicicapa ceylonensis,Invertivore,Oriental
Culicicapa helianthea,Invertivore,Oceanian
Elminia albicauda,Invertivore,Afrotropical
Elminia albiventris,Invertivore,Afrotropical
Elminia albonotata,Invertivore,Afrotropical
Elminia longicauda,Invertivore,Afrotropical
Elminia nigromitrata,Invertivore,Afrotropical
Stenostira scita,Invertivore,Afrotropical
Acridotheres albocinctus,Omnivore,Oriental
Acridotheres burmannicus,Omnivore,Oriental
Acridotheres cinereus,Omnivore,Oriental
Acridotheres cristatellus,Omnivore,Sino-Japanese
Acridotheres fuscus,Omnivore,Oriental
Acridotheres ginginianus,Omnivore,Oriental
Acridotheres grandis,Invertivore,Oriental
Acridotheres javanicus,Invertivore,Oriental
Acridotheres leucocephalus,Omnivore,Oriental
Acridotheres melanopterus,Omnivore,Oriental
Acridotheres tertius,Omnivore,Oriental
Acridotheres tricolor,Omnivore,Australian
Acridotheres tristis,Omnivore,Oriental
Agropsar philippensis,Omnivore,Sino-Japanese
Agropsar sturninus,Invertivore,Palearctic
Ampeliceps coronatus,Frugivore,Oriental
Aplonis atrifusca,Frugivore,Oceanian
Aplonis atrifusca,Frugivore,Oceanian
Aplonis brunneicapillus,Frugivore,Oceanian
Aplonis cantoroides,Frugivore,Oceanian
Aplonis cinerascens,Omnivore,Oceanian
Aplonis circumscripta,Frugivore,NA
Aplonis crassa,Frugivore,Oriental
Aplonis dichroa,Frugivore,Oceanian
Aplonis feadensis,Frugivore,Oceanian
Aplonis grandis,Frugivore,Oceanian
Aplonis insularis,Frugivore,Oceanian
Aplonis magna,Frugivore,Oceanian
Aplonis metallica,Frugivore,Oceanian
Aplonis minor,Frugivore,Oceanian
Aplonis mysolensis,Frugivore,Oceanian
Aplonis mystacea,Frugivore,Oceanian
Aplonis opaca,Omnivore,Oceanian
Aplonis panayensis,Frugivore,Oriental
Aplonis pelzelni,Frugivore,Oceanian
Aplonis santovestris,Omnivore,Oceanian
Aplonis striata,Frugivore,Oceanian
Aplonis tabuensis,Frugivore,Australian
Aplonis zelandica,Frugivore,Oceanian
Basilornis celebensis,Frugivore,Oriental
Basilornis corythaix,Frugivore,Oceanian
Basilornis galeatus,Frugivore,Oceanian
Cinnyricinclus leucogaster,Frugivore,Afrotropical
Creatophora cinerea,Invertivore,Afrotropical
Enodes erythrophris,Omnivore,Oriental
Goodfellowia miranda,Omnivore,Oriental
Gracula indica,Frugivore,Oriental
Gracula ptilogenys,Frugivore,Oriental
Gracula religiosa,Frugivore,Oriental
Gracula robusta,Frugivore,Oriental
Gracula venerata,Frugivore,Oceanian
Gracupica contra,Omnivore,Oriental
Gracupica jalla,Omnivore,Oriental
Gracupica nigricollis,Invertivore,Oriental
Grafisia torquata,Frugivore,Afrotropical
Hartlaubius auratus,Frugivore,Madagascan
Hylopsar cupreocauda,Frugivore,Afrotropical
Hylopsar purpureiceps,Frugivore,Afrotropical
Lamprotornis acuticaudus,Frugivore,Afrotropical
Lamprotornis albicapillus,Omnivore,Afrotropical
Lamprotornis australis,Omnivore,Afrotropical
Lamprotornis benguelensis,Invertivore,Afrotropical
Lamprotornis bicolor,Omnivore,Afrotropical
Lamprotornis caudatus,Frugivore,Afrotropical
Lamprotornis chalcurus,Omnivore,Afrotropical
Lamprotornis chalybaeus,Omnivore,Afrotropical
Lamprotornis chloropterus,Omnivore,Afrotropical
Lamprotornis fischeri,Invertivore,Afrotropical
Lamprotornis hildebrandti,Invertivore,Afrotropical
Lamprotornis iris,Frugivore,Afrotropical
Lamprotornis mevesii,Invertivore,Afrotropical
Lamprotornis nitens,Omnivore,Afrotropical
Lamprotornis ornatus,Frugivore,Afrotropical
Lamprotornis pulcher,Invertivore,Afrotropical
Lamprotornis purpureus,Omnivore,Afrotropical
Lamprotornis purpuroptera,Omnivore,Afrotropical
Lamprotornis regius,Invertivore,Afrotropical
Lamprotornis shelleyi,Invertivore,Afrotropical
Lamprotornis splendidus,Frugivore,Afrotropical
Lamprotornis superbus,Invertivore,Afrotropical
Lamprotornis unicolor,Invertivore,Afrotropical
Lamprotornis violacior,Invertivore,Afrotropical
Leucopsar rothschildi,Omnivore,Oriental
Mino anais,Frugivore,Oceanian
Mino dumontii,Frugivore,Oceanian
Mino kreffti,Frugivore,Oceanian
Neocichla gutturalis,Invertivore,Afrotropical
Notopholia corusca,Frugivore,Afrotropical
Onychognathus albirostris,Frugivore,Afrotropical
Onychognathus blythii,Omnivore,Saharo-Arabian
Onychognathus frater,Omnivore,Afrotropical
Onychognathus fulgidus,Frugivore,Afrotropical
Onychognathus morio,Omnivore,Afrotropical
Onychognathus nabouroup,Omnivore,Afrotropical
Onychognathus neumanni,Frugivore,Afrotropical
Onychognathus salvadorii,Frugivore,Afrotropical
Onychognathus tenuirostris,Frugivore,Afrotropical
Onychognathus tristramii,Frugivore,Saharo-Arabian
Onychognathus walleri,Omnivore,Afrotropical
Pastor roseus,Omnivore,Palearctic
Pholia sharpii,Frugivore,Afrotropical
Poeoptera femoralis,Frugivore,Afrotropical
Poeoptera kenricki,Frugivore,Afrotropical
Poeoptera lugubris,Frugivore,Afrotropical
Poeoptera stuhlmanni,Frugivore,Afrotropical
Rhabdornis grandis,Omnivore,Oriental
Rhabdornis inornatus,Omnivore,Oriental
Rhabdornis mystacalis,Omnivore,Oceanian
Rhabdornis rabori,Omnivore,Oceanian
Rhabdornis rabori,Omnivore,Oceanian
Rhabdornis rabori,Omnivore,Oceanian
Rhabdornis rabori,Omnivore,Oceanian
Rhabdornis rabori,Omnivore,Oceanian
Rhabdornis rabori,Omnivore,Oceanian
Rhabdornis rabori,Omnivore,Oceanian
Rhabdornis rabori,Omnivore,Oceanian
Sarcops calvus,Omnivore,Oceanian
Saroglossa spilopterus,Omnivore,Oriental
Scissirostrum dubium,Omnivore,Oriental
Speculipastor bicolor,Frugivore,Afrotropical
Spodiopsar cineraceus,Invertivore,Palearctic
Spodiopsar sericeus,Invertivore,Sino-Japanese
Streptocitta albertinae,Frugivore,Oceanian
Streptocitta albicollis,Frugivore,Oceanian
Streptocitta torquata,Frugivore,Oceanian
Sturnia erythropygia,Omnivore,Oriental
Sturnia malabarica,Omnivore,Oriental
Sturnia pagodarum,Omnivore,Oriental
Sturnia sinensis,Invertivore,Sino-Japanese
Sturnornis albofrontatus,Frugivore,Oriental
Sturnus unicolor,Omnivore,Palearctic
Sturnus vulgaris,Omnivore,Palearctic
Chamaea fasciata,Invertivore,Nearctic
Chleuasicus atrosuperciliaris,Granivore,Oriental
Cholornis paradoxus,Omnivore,Sino-Japanese
Cholornis unicolor,Omnivore,Sino-Japanese
Chrysomma altirostre,Invertivore,Oriental
Chrysomma sinense,Invertivore,Oriental
Conostoma aemodium,Omnivore,Sino-Japanese
Fulvetta cinereiceps,Invertivore,Sino-Japanese
Fulvetta danisi,Invertivore,Oriental
Fulvetta formosana,Invertivore,Oriental
Fulvetta ludlowi,Invertivore,Sino-Japanese
Fulvetta manipurensis,Invertivore,Oriental
Fulvetta ruficapilla,Invertivore,Sino-Japanese
Fulvetta striaticollis,Invertivore,Sino-Japanese
Fulvetta vinipectus,Invertivore,Sino-Japanese
Lioparus chrysotis,Invertivore,Sino-Japanese
Moupinia poecilotis,Invertivore,Sino-Japanese
Myzornis pyrrhoura,Invertivore,Oriental
Neosuthora davidiana,Omnivore,Oriental
Paradoxornis flavirostris,Omnivore,Oriental
Paradoxornis guttaticollis,Omnivore,Oriental
Paradoxornis heudei,Invertivore,Palearctic
Parophasma galinieri,Frugivore,Afrotropical
Psittiparus bakeri,Invertivore,Oriental
Psittiparus gularis,Omnivore,Sino-Japanese
Psittiparus margaritae,Omnivore,Oriental
Psittiparus ruficeps,Invertivore,Oriental
Rhopophilus albosuperciliaris,Invertivore,Palearctic
Rhopophilus pekinensis,Invertivore,Sino-Japanese
Sinosuthora alphonsiana,Omnivore,Sino-Japanese
Sinosuthora brunnea,Granivore,Oriental
Sinosuthora conspicillata,Omnivore,Sino-Japanese
Sinosuthora przewalskii,Omnivore,Sino-Japanese
Sinosuthora ricketti,Granivore,Sino-Japanese
Sinosuthora webbiana,Omnivore,Sino-Japanese
Sinosuthora zappeyi,Invertivore,Sino-Japanese
Suthora fulvifrons,Omnivore,Sino-Japanese
Suthora nipalensis,Omnivore,Oriental
Suthora verreauxi,Invertivore,Oriental
Sylvia abyssinica,Invertivore,Afrotropical
Sylvia atricapilla,Omnivore,Palearctic
Sylvia atriceps,Invertivore,Afrotropical
Sylvia balearica,Invertivore,Saharo-Arabian
Sylvia boehmi,Omnivore,Afrotropical
Sylvia borin,Omnivore,Palearctic
Sylvia buryi,Invertivore,Saharo-Arabian
Sylvia cantillans,Invertivore,Saharo-Arabian
Sylvia communis,Invertivore,Palearctic
Sylvia conspicillata,Invertivore,Saharo-Arabian
Sylvia crassirostris,Invertivore,Palearctic
Sylvia curruca,Invertivore,Palearctic
Sylvia deserti,Invertivore,Saharo-Arabian
Sylvia deserticola,Invertivore,Saharo-Arabian
Sylvia dohrni,Invertivore,Afrotropical
Sylvia hortensis,Invertivore,Saharo-Arabian
Sylvia layardi,Invertivore,Afrotropical
Sylvia leucomelaena,Invertivore,Saharo-Arabian
Sylvia lugens,Invertivore,Afrotropical
Sylvia melanocephala,Invertivore,Saharo-Arabian
Sylvia melanothorax,Invertivore,Saharo-Arabian
Sylvia mystacea,Invertivore,Palearctic
Sylvia nana,Invertivore,Palearctic
Sylvia nigricapillus,Frugivore,Afrotropical
Sylvia nisoria,Invertivore,Palearctic
Sylvia ruppeli,Invertivore,Palearctic
Sylvia sarda,Invertivore,Palearctic
Sylvia subalpina,Invertivore,Palearctic
Sylvia subcoerulea,Invertivore,Afrotropical
Sylvia undata,Invertivore,Palearctic
Teretistris fernandinae,Invertivore,Neotropical
Teretistris fornsi,Invertivore,Neotropical
Akletos goeldii,Invertivore,Neotropical
Akletos melanoceps,Invertivore,Neotropical
Ammonastes pelzelni,Invertivore,Neotropical
Ampelornis griseiceps,Invertivore,Neotropical
Aprositornis disjuncta,Invertivore,Neotropical
Batara cinerea,Invertivore,Neotropical
Biatas nigropectus,Invertivore,Neotropical
Cercomacra brasiliana,Invertivore,Neotropical
Cercomacra carbonaria,Invertivore,Neotropical
Cercomacra cinerascens,Invertivore,Neotropical
Cercomacra ferdinandi,Invertivore,Neotropical
Cercomacra manu,Invertivore,Neotropical
Cercomacra melanaria,Invertivore,Neotropical
Cercomacra nigricans,Invertivore,Neotropical
Cercomacroides fuscicauda,Invertivore,Neotropical
Cercomacroides laeta,Invertivore,Neotropical
Cercomacroides nigrescens,Invertivore,Neotropical
Cercomacroides parkeri,Invertivore,Neotropical
Cercomacroides serva,Invertivore,Neotropical
Cercomacroides tyrannina,Invertivore,Neotropical
Clytoctantes alixii,Invertivore,Neotropical
Clytoctantes atrogularis,Invertivore,Neotropical
Cymbilaimus lineatus,Invertivore,Neotropical
Cymbilaimus sanctaemariae,Invertivore,Neotropical
Dichrozona cincta,Invertivore,Neotropical
Drymophila caudata,Invertivore,Neotropical
Drymophila devillei,Invertivore,Neotropical
Drymophila ferruginea,Invertivore,Neotropical
Drymophila genei,Invertivore,Neotropical
Drymophila hellmayri,Invertivore,Neotropical
Drymophila klagesi,Invertivore,Neotropical
Drymophila malura,Invertivore,Neotropical
Drymophila ochropyga,Invertivore,Neotropical
Drymophila rubricollis,Invertivore,Neotropical
Drymophila squamata,Invertivore,Neotropical
Drymophila striaticeps,Invertivore,Neotropical
Dysithamnus leucostictus,Invertivore,Neotropical
Dysithamnus mentalis,Invertivore,Neotropical
Dysithamnus occidentalis,Invertivore,Neotropical
Dysithamnus plumbeus,Invertivore,Neotropical
Dysithamnus puncticeps,Invertivore,Neotropical
Dysithamnus stictothorax,Invertivore,Neotropical
Dysithamnus striaticeps,Invertivore,Neotropical
Dysithamnus xanthopterus,Invertivore,Neotropical
Epinecrophylla amazonica,Invertivore,Neotropical
Epinecrophylla erythrura,Invertivore,Neotropical
Epinecrophylla fulviventris,Invertivore,Neotropical
Epinecrophylla gutturalis,Invertivore,Neotropical
Epinecrophylla haematonota,Invertivore,Neotropical
Epinecrophylla hoffmannsi,Invertivore,Neotropical
Epinecrophylla leucophthalma,Invertivore,Neotropical
Epinecrophylla ornata,Invertivore,Neotropical
Epinecrophylla spodionota,Invertivore,Neotropical
Euchrepomis callinota,Invertivore,Neotropical
Euchrepomis humeralis,Invertivore,Neotropical
Euchrepomis sharpei,Invertivore,Neotropical
Euchrepomis spodioptila,Invertivore,Neotropical
Formicivora acutirostris,Invertivore,Neotropical
Formicivora erythronotos,Invertivore,Neotropical
Formicivora grantsaui,Invertivore,Neotropical
Formicivora grisea,Invertivore,Neotropical
Formicivora iheringi,Invertivore,Neotropical
Formicivora intermedia,Invertivore,Neotropical
Formicivora melanogaster,Invertivore,Neotropical
Formicivora paludicola,Invertivore,Neotropical
Formicivora rufa,Invertivore,Neotropical
Formicivora serrana,Invertivore,Neotropical
Frederickena unduliger,Invertivore,Neotropical
Frederickena viridis,Invertivore,Neotropical
Gymnocichla nudiceps,Invertivore,Neotropical
Gymnopithys bicolor,Invertivore,Neotropical
Gymnopithys leucaspis,Invertivore,Neotropical
Gymnopithys rufigula,Invertivore,Neotropical
Hafferia fortis,Invertivore,Neotropical
Hafferia immaculata,Invertivore,Neotropical
Hafferia zeledoni,Invertivore,Neotropical
Herpsilochmus atricapillus,Invertivore,Neotropical
Herpsilochmus axillaris,Invertivore,Neotropical
Herpsilochmus dorsimaculatus,Invertivore,Neotropical
Herpsilochmus dugandi,Invertivore,Neotropical
Herpsilochmus gentryi,Invertivore,Neotropical
Herpsilochmus longirostris,Invertivore,Neotropical
Herpsilochmus motacilloides,Invertivore,Neotropical
Herpsilochmus parkeri,Invertivore,Neotropical
Herpsilochmus pectoralis,Invertivore,Neotropical
Herpsilochmus pileatus,Invertivore,Neotropical
Herpsilochmus praedictus,Invertivore,Neotropical
Herpsilochmus roraimae,Invertivore,Neotropical
Herpsilochmus rufimarginatus,Invertivore,Neotropical
Herpsilochmus scapularis,Invertivore,Neotropical
Herpsilochmus sellowi,Invertivore,Neotropical
Herpsilochmus stictocephalus,Invertivore,Neotropical
Herpsilochmus sticturus,Invertivore,Neotropical
Herpsilochmus stotzi,Invertivore,Neotropical
Hylophylax naevioides,Invertivore,Neotropical
Hylophylax naevius,Invertivore,Neotropical
Hylophylax punctulatus,Invertivore,Neotropical
Hypocnemis cantator,Invertivore,Neotropical
Hypocnemis flavescens,Invertivore,Neotropical
Hypocnemis hypoxantha,Invertivore,Neotropical
Hypocnemis ochrogyna,Invertivore,Neotropical
Hypocnemis peruviana,Invertivore,Neotropical
Hypocnemis rondoni,Invertivore,Neotropical
Hypocnemis striata,Invertivore,Neotropical
Hypocnemis subflava,Invertivore,Neotropical
Hypocnemoides maculicauda,Invertivore,Neotropical
Hypocnemoides melanopogon,Invertivore,Neotropical
Hypoedaleus guttatus,Invertivore,Neotropical
Isleria guttata,Invertivore,Neotropical
Isleria hauxwelli,Invertivore,Neotropical
Mackenziaena leachii,Invertivore,Neotropical
Mackenziaena severa,Invertivore,Neotropical
Megastictus margaritatus,Invertivore,Neotropical
Microrhopias quixensis,Invertivore,Neotropical
Myrmeciza longipes,Invertivore,Neotropical
Myrmelastes brunneiceps,Invertivore,Neotropical
Myrmelastes caurensis,Invertivore,Neotropical
Myrmelastes humaythae,Invertivore,Neotropical
Myrmelastes hyperythrus,Invertivore,Neotropical
Myrmelastes leucostigma,Invertivore,Neotropical
Myrmelastes rufifacies,Invertivore,Neotropical
Myrmelastes saturatus,Invertivore,Neotropical
Myrmelastes schistaceus,Invertivore,Neotropical
Myrmoborus leucophrys,Invertivore,Neotropical
Myrmoborus lophotes,Invertivore,Neotropical
Myrmoborus lugubris,Invertivore,Neotropical
Myrmoborus melanurus,Invertivore,Neotropical
Myrmoborus myotherinus,Invertivore,Neotropical
Myrmochanes hemileucus,Invertivore,Neotropical
Myrmoderus eowilsoni,Invertivore,Neotropical
Myrmoderus ferrugineus,Invertivore,Neotropical
Myrmoderus loricatus,Invertivore,Neotropical
Myrmoderus ruficauda,Invertivore,Neotropical
Myrmoderus squamosus,Invertivore,Neotropical
Myrmophylax atrothorax,Invertivore,Neotropical
Myrmorchilus strigilatus,Invertivore,Neotropical
Myrmornis stictoptera,Invertivore,Neotropical
Myrmornis torquata,Invertivore,Neotropical
Myrmotherula ambigua,Invertivore,Neotropical
Myrmotherula assimilis,Invertivore,Neotropical
Myrmotherula axillaris,Invertivore,Neotropical
Myrmotherula behni,Invertivore,Neotropical
Myrmotherula brachyura,Invertivore,Neotropical
Myrmotherula cherriei,Invertivore,Neotropical
Myrmotherula grisea,Invertivore,Neotropical
Myrmotherula ignota,Invertivore,Neotropical
Myrmotherula iheringi,Invertivore,Neotropical
Myrmotherula klagesi,Invertivore,Neotropical
Myrmotherula longicauda,Invertivore,Neotropical
Myrmotherula longipennis,Invertivore,Neotropical
Myrmotherula luctuosa,Invertivore,Neotropical
Myrmotherula menetriesii,Invertivore,Neotropical
Myrmotherula minor,Invertivore,Neotropical
Myrmotherula multostriata,Invertivore,Neotropical
Myrmotherula pacifica,Invertivore,Neotropical
Myrmotherula schisticolor,Invertivore,Neotropical
Myrmotherula sclateri,Invertivore,Neotropical
Myrmotherula snowi,Invertivore,Neotropical
Myrmotherula sunensis,Invertivore,Neotropical
Myrmotherula surinamensis,Invertivore,Neotropical
Myrmotherula unicolor,Invertivore,Neotropical
Myrmotherula urosticta,Invertivore,Neotropical
Neoctantes niger,Invertivore,Neotropical
Oneillornis lunulatus,Invertivore,Neotropical
Oneillornis salvini,Invertivore,Neotropical
Percnostola arenarum,Invertivore,Neotropical
Percnostola rufifrons,Invertivore,Neotropical
Phaenostictus mcleannani,Invertivore,Neotropical
Phlegopsis borbae,Invertivore,Neotropical
Phlegopsis erythroptera,Invertivore,Neotropical
Phlegopsis nigromaculata,Invertivore,Neotropical
Pithys albifrons,Invertivore,Neotropical
Pithys castaneus,Invertivore,Neotropical
Poliocrania exsul,Invertivore,Neotropical
Poliocrania maculifer,Invertivore,Neotropical
Pygiptila stellaris,Invertivore,Neotropical
Pyriglena atra,Invertivore,Neotropical
Pyriglena leuconota,Invertivore,Neotropical
Pyriglena leucoptera,Invertivore,Neotropical
Rhegmatorhina berlepschi,Invertivore,Neotropical
Rhegmatorhina cristata,Invertivore,Neotropical
Rhegmatorhina gymnops,Invertivore,Neotropical
Rhegmatorhina hoffmannsi,Invertivore,Neotropical
Rhegmatorhina melanosticta,Invertivore,Neotropical
Rhopias gularis,Invertivore,Neotropical
Rhopornis ardesiacus,Invertivore,Neotropical
Sakesphorus canadensis,Invertivore,Neotropical
Sakesphorus cristatus,Invertivore,Neotropical
Sakesphorus luctuosus,Invertivore,Neotropical
Sakesphorus pulchellus,Invertivore,Neotropical
Sciaphylax castanea,Invertivore,Neotropical
Sciaphylax hemimelaena,Invertivore,Neotropical
Sclateria naevia,Invertivore,Neotropical
Sipia berlepschi,Invertivore,Neotropical
Sipia laemosticta,Invertivore,Neotropical
Sipia nigricauda,Invertivore,Neotropical
Sipia palliata,Invertivore,Neotropical
Taraba major,Invertivore,Neotropical
Terenura maculata,Invertivore,Neotropical
Terenura sicki,Invertivore,Neotropical
Thamnistes aequatorialis,Invertivore,Neotropical
Thamnistes anabatinus,Invertivore,Neotropical
Thamnomanes ardesiacus,Invertivore,Neotropical
Thamnomanes caesius,Invertivore,Neotropical
Thamnomanes saturninus,Invertivore,Neotropical
Thamnomanes schistogynus,Invertivore,Neotropical
Thamnophilus aethiops,Invertivore,Neotropical
Thamnophilus amazonicus,Invertivore,Neotropical
Thamnophilus ambiguus,Invertivore,Neotropical
Thamnophilus aroyae,Invertivore,Neotropical
Thamnophilus atrinucha,Invertivore,Neotropical
Thamnophilus bernardi,Invertivore,Neotropical
Thamnophilus bridgesi,Invertivore,Neotropical
Thamnophilus caerulescens,Invertivore,Neotropical
Thamnophilus cryptoleucus,Invertivore,Neotropical
Thamnophilus divisorius,Invertivore,Neotropical
Thamnophilus doliatus,Invertivore,Neotropical
Thamnophilus insignis,Invertivore,Neotropical
Thamnophilus melanonotus,Invertivore,Neotropical
Thamnophilus melanothorax,Invertivore,Neotropical
Thamnophilus multistriatus,Invertivore,Neotropical
Thamnophilus murinus,Invertivore,Neotropical
Thamnophilus nigriceps,Invertivore,Neotropical
Thamnophilus nigrocinereus,Invertivore,Neotropical
Thamnophilus palliatus,Invertivore,Neotropical
Thamnophilus pelzelni,Invertivore,Neotropical
Thamnophilus praecox,Invertivore,Neotropical
Thamnophilus punctatus,Invertivore,Neotropical
Thamnophilus ruficapillus,Invertivore,Neotropical
Thamnophilus schistaceus,Invertivore,Neotropical
Thamnophilus shumbae,Invertivore,Neotropical
Thamnophilus stictocephalus,Invertivore,Neotropical
Thamnophilus sticturus,Invertivore,Neotropical
Thamnophilus subfasciatus,Invertivore,Neotropical
Thamnophilus tenuepunctatus,Invertivore,Neotropical
Thamnophilus torquatus,Invertivore,Neotropical
Thamnophilus unicolor,Invertivore,Neotropical
Thamnophilus zarumae,Invertivore,Neotropical
Willisornis nigrigula,Invertivore,Neotropical
Willisornis poecilinotus,Invertivore,Neotropical
Willisornis vidua,Invertivore,Neotropical
Xenornis setifrons,Invertivore,Neotropical
Acanthidops bairdi,Invertivore,Neotropical
Anisognathus flavinucha,Invertivore,Neotropical
Anisognathus igniventris,Frugivore,Neotropical
Anisognathus lacrymosus,Frugivore,Neotropical
Anisognathus lunulatus,Frugivore,Neotropical
Anisognathus melanogenys,Frugivore,Neotropical
Anisognathus notabilis,Frugivore,Neotropical
Anisognathus somptuosus,Invertivore,Neotropical
Asemospiza fuliginosa,Granivore,Neotropical
Asemospiza obscura,Granivore,Neotropical
Bangsia arcaei,Invertivore,Neotropical
Bangsia aureocincta,Frugivore,Neotropical
Bangsia edwardsi,Frugivore,Neotropical
Bangsia flavovirens,Frugivore,Neotropical
Bangsia melanochlamys,Frugivore,Neotropical
Bangsia rothschildi,Frugivore,Neotropical
Buthraupis montana,Invertivore,Neotropical
Calochaetes coccineus,Invertivore,Neotropical
Castanozoster thoracicus,Invertivore,Neotropical
Catamblyrhynchus diadema,Invertivore,Neotropical
Catamenia analis,Granivore,Neotropical
Catamenia homochroa,Granivore,Neotropical
Catamenia inornata,Granivore,Neotropical
Certhidea fusca,Invertivore,Neotropical
Certhidea olivacea,Invertivore,Neotropical
Charitospiza eucosma,Omnivore,Neotropical
Chionodacryon speculiferum,Omnivore,Neotropical
Chlorochrysa calliparaea,Frugivore,Neotropical
Chlorochrysa fulgentissima,Frugivore,Neotropical
Chlorochrysa nitidissima,Invertivore,Neotropical
Chlorochrysa phoenicotis,Invertivore,Neotropical
Chlorophanes spiza,Frugivore,Neotropical
Chlorornis riefferii,Frugivore,Neotropical
Chrysocorypha delatrii,Invertivore,Neotropical
Chrysothlypis chrysomelas,Frugivore,Neotropical
Chrysothlypis salmoni,Frugivore,Neotropical
Cissopis leverianus,Omnivore,Neotropical
Cnemathraupis aureodorsalis,Frugivore,Neotropical
Cnemathraupis eximia,Frugivore,Neotropical
Cnemoscopus chrysogaster,Invertivore,Neotropical
Cnemoscopus rubrirostris,Invertivore,Neotropical
Coereba flaveola,Nectarivore,Neotropical
Compsothraupis loricata,Invertivore,Neotropical
Conirostrum albifrons,Invertivore,Neotropical
Conirostrum bicolor,Invertivore,Neotropical
Conirostrum binghami,Invertivore,Neotropical
Conirostrum cinereum,Invertivore,Neotropical
Conirostrum ferrugineiventre,Invertivore,Neotropical
Conirostrum fraseri,Invertivore,Neotropical
Conirostrum leucogenys,Invertivore,Neotropical
Conirostrum margaritae,Invertivore,Neotropical
Conirostrum rufum,Invertivore,Neotropical
Conirostrum sitticolor,Invertivore,Neotropical
Conirostrum speciosum,Invertivore,Neotropical
Conirostrum tamarugense,Invertivore,Neotropical
Conothraupis mesoleuca,Invertivore,Neotropical
Conothraupis speculigera,Invertivore,Neotropical
Corydospiza alaudina,Granivore,Neotropical
Corydospiza carbonaria,Omnivore,Neotropical
Coryphaspiza melanotis,Omnivore,Neotropical
Coryphospingus cucullatus,Omnivore,Neotropical
Coryphospingus pileatus,Omnivore,Neotropical
Creurgops dentatus,Invertivore,Neotropical
Creurgops verticalis,Invertivore,Neotropical
Cyanerpes caeruleus,Omnivore,Neotropical
Cyanerpes cyaneus,Omnivore,Neotropical
Cyanerpes lucidus,Omnivore,Neotropical
Cyanerpes nitidus,Frugivore,Neotropical
Cyanicterus cyanicterus,Invertivore,Neotropical
Cypsnagra hirundinacea,Invertivore,Neotropical
Dacnis albiventris,Frugivore,Neotropical
Dacnis berlepschi,Frugivore,Neotropical
Dacnis cayana,Frugivore,Neotropical
Dacnis egregia,Frugivore,Neotropical
Dacnis flaviventer,Frugivore,Neotropical
Dacnis hartlaubi,Frugivore,Neotropical
Dacnis lineata,Frugivore,Neotropical
Dacnis nigripes,Omnivore,Neotropical
Dacnis venusta,Frugivore,Neotropical
Dacnis viguieri,Frugivore,Neotropical
Diglossa albilatera,Nectarivore,Neotropical
Diglossa baritula,Nectarivore,Neotropical
Diglossa brunneiventris,Nectarivore,Neotropical
Diglossa caerulescens,Invertivore,Neotropical
Diglossa carbonaria,Nectarivore,Neotropical
Diglossa cyanea,Frugivore,Neotropical
Diglossa duidae,Nectarivore,Neotropical
Diglossa glauca,Omnivore,Neotropical
Diglossa gloriosa,Nectarivore,Neotropical
Diglossa gloriosissima,Nectarivore,Neotropical
Diglossa humeralis,Nectarivore,Neotropical
Diglossa indigotica,Omnivore,Neotropical
Diglossa lafresnayii,Nectarivore,Neotropical
Diglossa major,Nectarivore,Neotropical
Diglossa mystacalis,Invertivore,Neotropical
Diglossa plumbea,Nectarivore,Neotropical
Diglossa sittoides,Omnivore,Neotropical
Diglossa venezuelensis,Omnivore,Neotropical
Diuca diuca,Granivore,Neotropical
Donacospiza albifrons,Invertivore,Neotropical
Dubusia carrikeri,Frugivore,Neotropical
Dubusia castaneoventris,Omnivore,Neotropical
Dubusia stictocephala,Frugivore,Neotropical
Dubusia taeniata,Frugivore,Neotropical
Emberizoides duidae,Granivore,Neotropical
Emberizoides herbicola,Granivore,Neotropical
Emberizoides ypiranganus,Granivore,Neotropical
Embernagra longicauda,Omnivore,Neotropical
Embernagra platensis,Invertivore,Neotropical
Ephippiospingus dorsalis,Granivore,Neotropical
Ephippiospingus erythronotus,Granivore,Neotropical
Eucometis penicillata,Invertivore,Neotropical
Euneornis campestris,Nectarivore,Neotropical
Geospiza acutirostris,Omnivore,Neotropical
Geospiza acutirostris,Omnivore,Neotropical
Geospiza conirostris,Frugivore,Neotropical
Geospiza difficilis,Omnivore,Neotropical
Geospiza fortis,Granivore,Neotropical
Geospiza fuliginosa,Granivore,Neotropical
Geospiza heliobates,Invertivore,Neotropical
Geospiza magnirostris,Granivore,Neotropical
Geospiza pallida,Invertivore,Neotropical
Geospiza parvula,Invertivore,Neotropical
Geospiza pauper,Invertivore,Neotropical
Geospiza propinqua,Frugivore,Neotropical
Geospiza propinqua,Frugivore,Neotropical
Geospiza psittacula,Invertivore,Neotropical
Geospiza scandens,Omnivore,Neotropical
Geospiza septentrionalis,Omnivore,Neotropical
Geospizopsis plebejus,Granivore,Neotropical
Geospizopsis unicolor,Granivore,Neotropical
Gubernatrix cristata,Granivore,Neotropical
Haplospiza unicolor,Granivore,Neotropical
Hemithraupis flavicollis,Invertivore,Neotropical
Hemithraupis guira,Invertivore,Neotropical
Hemithraupis ruficapilla,Invertivore,Neotropical
Heterospingus rubrifrons,Frugivore,Neotropical
Heterospingus xanthopygius,Omnivore,Neotropical
Idiopsar brachyurus,Omnivore,Neotropical
Incaspiza laeta,Omnivore,Neotropical
Incaspiza ortizi,Omnivore,Neotropical
Incaspiza personata,Omnivore,Neotropical
Incaspiza pulchra,Omnivore,Neotropical
Incaspiza watkinsi,Omnivore,Neotropical
Iridophanes pulcherrimus,Frugivore,Neotropical
Iridosornis analis,Invertivore,Neotropical
Iridosornis jelskii,Frugivore,Neotropical
Iridosornis porphyrocephalus,Frugivore,Neotropical
Iridosornis reinhardti,Frugivore,Neotropical
Iridosornis rufivertex,Omnivore,Neotropical
Islerothraupis cristata,Omnivore,Neotropical
Islerothraupis luctuosa,Invertivore,Neotropical
Islerothraupis rufiventer,Invertivore,Neotropical
Kleinothraupis atropileus,Invertivore,Neotropical
Kleinothraupis auricularis,Invertivore,Neotropical
Kleinothraupis calophrys,Invertivore,Neotropical
Kleinothraupis parodii,Invertivore,Neotropical
Kleinothraupis reyi,Invertivore,Neotropical
Lanio aurantius,Invertivore,Neotropical
Lanio fulvus,Invertivore,Neotropical
Lanio leucothorax,Invertivore,Neotropical
Lanio versicolor,Invertivore,Neotropical
Lophospingus griseocristatus,Omnivore,Neotropical
Lophospingus pusillus,Omnivore,Neotropical
Loxigilla barbadensis,Omnivore,Neotropical
Loxigilla noctis,Omnivore,Neotropical
Loxipasser anoxanthus,Omnivore,Neotropical
Maschalethraupis surinama,Omnivore,Neotropical
Melanodera melanodera,Omnivore,Neotropical
Melanodera xanthogramma,Omnivore,Neotropical
Melanospiza bicolor,Granivore,Neotropical
Melanospiza richardsoni,Omnivore,Neotropical
Microspingus alticola,Invertivore,Neotropical
Microspingus cabanisi,Omnivore,Neotropical
Microspingus cinereus,Invertivore,Neotropical
Microspingus erythrophrys,Invertivore,Neotropical
Microspingus lateralis,Omnivore,Neotropical
Microspingus melanoleucus,Omnivore,Neotropical
Microspingus pectoralis,Omnivore,Neotropical
Microspingus torquatus,Omnivore,Neotropical
Microspingus trifasciatus,Invertivore,Neotropical
Nemosia pileata,Invertivore,Neotropical
Nemosia rourei,Invertivore,Neotropical
Neothraupis fasciata,Invertivore,Neotropical
Nephelornis oneilli,Invertivore,Neotropical
Nesospiza acunhae,Omnivore,Neotropical
Nesospiza acunhae,Omnivore,Neotropical
Nesospiza questi,Omnivore,Neotropical
Nesospiza questi,Omnivore,Neotropical
Nesospiza wilkinsi,Omnivore,Neotropical
Nesospiza wilkinsi,Omnivore,Neotropical
Orchesticus abeillei,Invertivore,Neotropical
Parkerthraustes humeralis,Omnivore,Neotropical
Paroaria baeri,Invertivore,Neotropical
Paroaria capitata,Omnivore,Neotropical
Paroaria coronata,Omnivore,Neotropical
Paroaria dominicana,Omnivore,Neotropical
Paroaria gularis,Omnivore,Neotropical
Paroaria nigrogenis,Omnivore,Neotropical
Phonipara canora,Granivore,Neotropical
Phrygilus atriceps,Granivore,Neotropical
Phrygilus gayi,Granivore,Neotropical
Phrygilus patagonicus,Granivore,Neotropical
Phrygilus punensis,Granivore,Neotropical
Piezorina cinerea,Omnivore,Neotropical
Pinaroloxias inornata,Omnivore,Neotropical
Pinaroloxias inornata,Omnivore,Neotropical
Pinaroloxias inornata,Omnivore,Neotropical
Pipraeidea bonariensis,Frugivore,Neotropical
Pipraeidea darwinii,Frugivore,Neotropical
Pipraeidea melanonota,Omnivore,Neotropical
Platyspiza crassirostris,Herbivore terrestrial,Neotropical
Poospiza baeri,Omnivore,Neotropical
Poospiza boliviana,Omnivore,Neotropical
Poospiza garleppi,Omnivore,Neotropical
Poospiza goeringi,Invertivore,Neotropical
Poospiza hispaniolensis,Invertivore,Neotropical
Poospiza nigrorufa,Omnivore,Neotropical
Poospiza ornata,Granivore,Neotropical
Poospiza rubecula,Omnivore,Neotropical
Poospiza rufosuperciliaris,Invertivore,Neotropical
Poospiza whitii,Omnivore,Neotropical
Poospizopsis caesar,Omnivore,Neotropical
Poospizopsis hypocondria,Invertivore,Neotropical
Porphyrospiza caerulescens,Granivore,Neotropical
Pseudosaltator rufiventris,Frugivore,Neotropical
Pseudospingus verticalis,Invertivore,Neotropical
Pseudospingus xanthophthalmus,Invertivore,Neotropical
Pyrrhulagra nigra,Omnivore,Neotropical
Pyrrhulagra portoricensis,Omnivore,Neotropical
Pyrrhulagra taylori,Omnivore,Neotropical
Pyrrhulagra violacea,Omnivore,Neotropical
Ramphocelus bresilius,Omnivore,Neotropical
Ramphocelus carbo,Omnivore,Neotropical
Ramphocelus costaricensis,Omnivore,Neotropical
Ramphocelus dimidiatus,Omnivore,Neotropical
Ramphocelus flammigerus,Frugivore,Neotropical
Ramphocelus icteronotus,Frugivore,Neotropical
Ramphocelus melanogaster,Omnivore,Neotropical
Ramphocelus nigrogularis,Omnivore,Neotropical
Ramphocelus passerinii,Omnivore,Neotropical
Ramphocelus sanguinolentus,Invertivore,Neotropical
Rhodospingus cruentus,Granivore,Neotropical
Rhopospina fruticeti,Granivore,Neotropical
Rowettia goughensis,Omnivore,Afrotropical
Rowettia goughensis,Omnivore,Afrotropical
Saltator albicollis,Frugivore,Neotropical
Saltator atriceps,Omnivore,Neotropical
Saltator atricollis,Granivore,Neotropical
Saltator atripennis,Frugivore,Neotropical
Saltator aurantiirostris,Granivore,Neotropical
Saltator cinctus,Frugivore,Neotropical
Saltator coerulescens,Omnivore,Neotropical
Saltator fuliginosus,Invertivore,Neotropical
Saltator grandis,Omnivore,Neotropical
Saltator grossus,Omnivore,Neotropical
Saltator maxillosus,Herbivore terrestrial,Neotropical
Saltator maximus,Frugivore,Neotropical
Saltator multicolor,Omnivore,Neotropical
Saltator nigriceps,Invertivore,Neotropical
Saltator olivascens,Omnivore,Neotropical
Saltator orenocensis,Omnivore,Neotropical
Saltator similis,Invertivore,Neotropical
Saltator striatipectus,Omnivore,Neotropical
Schistochlamys melanopis,Omnivore,Neotropical
Schistochlamys ruficapillus,Omnivore,Neotropical
Sericossypha albocristata,Omnivore,Neotropical
Sicalis auriventris,Granivore,Neotropical
Sicalis citrina,Granivore,Neotropical
Sicalis columbiana,Granivore,Neotropical
Sicalis flaveola,Granivore,Neotropical
Sicalis lebruni,Granivore,Neotropical
Sicalis lutea,Granivore,Neotropical
Sicalis luteocephala,Granivore,Neotropical
Sicalis luteola,Granivore,Neotropical
Sicalis mendozae,Granivore,Neotropical
Sicalis olivascens,Granivore,Neotropical
Sicalis raimondii,Granivore,Neotropical
Sicalis taczanowskii,Granivore,Neotropical
Sicalis uropigyalis,Granivore,Neotropical
Sphenopsis frontalis,Invertivore,Neotropical
Sphenopsis melanotis,Invertivore,Neotropical
Sphenopsis ochracea,Omnivore,Neotropical
Sphenopsis piurae,Invertivore,Neotropical
Spodiornis rusticus,Granivore,Neotropical
Sporathraupis cyanocephala,Frugivore,Neotropical
Sporophila albogularis,Granivore,Neotropical
Sporophila americana,Granivore,Neotropical
Sporophila angolensis,Granivore,Neotropical
Sporophila ardesiaca,Granivore,Neotropical
Sporophila atrirostris,Granivore,Neotropical
Sporophila beltoni,Granivore,Neotropical
Sporophila bouvreuil,Granivore,Neotropical
Sporophila bouvronides,Granivore,Neotropical
Sporophila caerulescens,Granivore,Neotropical
Sporophila castaneiventris,Granivore,Neotropical
Sporophila cinnamomea,Granivore,Neotropical
Sporophila collaris,Granivore,Neotropical
Sporophila corvina,Granivore,Neotropical
Sporophila crassirostris,Granivore,Neotropical
Sporophila falcirostris,Granivore,Neotropical
Sporophila fringilloides,Granivore,Neotropical
Sporophila frontalis,Granivore,Neotropical
Sporophila funerea,Granivore,Neotropical
Sporophila hypochroma,Granivore,Neotropical
Sporophila hypoxantha,Granivore,Neotropical
Sporophila iberaensis,Granivore,Neotropical
Sporophila intermedia,Granivore,Neotropical
Sporophila leucoptera,Granivore,Neotropical
Sporophila lineola,Granivore,Neotropical
Sporophila luctuosa,Granivore,Neotropical
Sporophila maximiliani,Granivore,Neotropical
Sporophila melanogaster,Granivore,Neotropical
Sporophila minuta,Granivore,Neotropical
Sporophila morelleti,Granivore,Neotropical
Sporophila murallae,Granivore,Neotropical
Sporophila nigricollis,Granivore,Neotropical
Sporophila nigrorufa,Granivore,Neotropical
Sporophila nuttingi,Granivore,Neotropical
Sporophila ophthalmica,Granivore,Neotropical
Sporophila palustris,Granivore,Neotropical
Sporophila peruviana,Granivore,Neotropical
Sporophila pileata,Granivore,Neotropical
Sporophila plumbea,Granivore,Neotropical
Sporophila ruficollis,Granivore,Neotropical
Sporophila schistacea,Granivore,Neotropical
Sporophila simplex,Granivore,Neotropical
Sporophila telasco,Granivore,Neotropical
Sporophila torqueola,Granivore,Nearctic
Stephanophorus diadematus,Frugivore,Neotropical
Tachyphonus coronatus,Invertivore,Neotropical
Tachyphonus phoenicius,Invertivore,Neotropical
Tachyphonus rufus,Invertivore,Neotropical
Tangara abbas,Omnivore,Neotropical
Tangara argentea,Frugivore,Neotropical
Tangara argyrofenges,Omnivore,Neotropical
Tangara arthus,Frugivore,Neotropical
Tangara atrocoerulea,Frugivore,Neotropical
Tangara aurulenta,Frugivore,Neotropical
Tangara brasiliensis,Omnivore,Neotropical
Tangara cabanisi,Frugivore,Neotropical
Tangara callophrys,Frugivore,Neotropical
Tangara cayana,Frugivore,Neotropical
Tangara chilensis,Frugivore,Neotropical
Tangara chrysotis,Frugivore,Neotropical
Tangara cucullata,Frugivore,Neotropical
Tangara cyanicollis,Frugivore,Neotropical
Tangara cyanocephala,Frugivore,Neotropical
Tangara cyanomelas,Frugivore,Neotropical
Tangara cyanoptera,Frugivore,Neotropical
Tangara cyanotis,Frugivore,Neotropical
Tangara cyanoventris,Frugivore,Neotropical
Tangara desmaresti,Frugivore,Neotropical
Tangara dowii,Omnivore,Neotropical
Tangara episcopus,Omnivore,Neotropical
Tangara fastuosa,Frugivore,Neotropical
Tangara flava,Frugivore,Neotropical
Tangara florida,Frugivore,Neotropical
Tangara fucosa,Frugivore,Neotropical
Tangara fulvicervix,Frugivore,Neotropical
Tangara glaucocolpa,Omnivore,Neotropical
Tangara guttata,Frugivore,Neotropical
Tangara gyrola,Frugivore,Neotropical
Tangara heinei,Frugivore,Neotropical
Tangara icterocephala,Frugivore,Neotropical
Tangara inornata,Frugivore,Neotropical
Tangara johannae,Frugivore,Neotropical
Tangara labradorides,Frugivore,Neotropical
Tangara larvata,Frugivore,Neotropical
Tangara lavinia,Frugivore,Neotropical
Tangara lunigera,Frugivore,Neotropical
Tangara mexicana,Omnivore,Neotropical
Tangara meyerdeschauenseei,Frugivore,Neotropical
Tangara nigrocincta,Frugivore,Neotropical
Tangara nigroviridis,Frugivore,Neotropical
Tangara ornata,Frugivore,Neotropical
Tangara palmarum,Omnivore,Neotropical
Tangara palmeri,Frugivore,Neotropical
Tangara parzudakii,Frugivore,Neotropical
Tangara peruviana,Frugivore,Neotropical
Tangara phillipsi,Frugivore,Neotropical
Tangara preciosa,Frugivore,Neotropical
Tangara punctata,Frugivore,Neotropical
Tangara ruficervix,Frugivore,Neotropical
Tangara rufigenis,Frugivore,Neotropical
Tangara rufigula,Frugivore,Neotropical
Tangara sayaca,Omnivore,Neotropical
Tangara schrankii,Frugivore,Neotropical
Tangara seledon,Frugivore,Neotropical
Tangara varia,Omnivore,Neotropical
Tangara vassorii,Frugivore,Neotropical
Tangara velia,Frugivore,Neotropical
Tangara versicolor,Frugivore,Neotropical
Tangara viridicollis,Omnivore,Neotropical
Tangara vitriolina,Frugivore,Neotropical
Tangara whitelyi,Frugivore,Neotropical
Tangara xanthocephala,Frugivore,Neotropical
Tangara xanthogastra,Invertivore,Neotropical
Tephrophilus wetmorei,Frugivore,Neotropical
Tersina viridis,Frugivore,Neotropical
Thlypopsis fulviceps,Invertivore,Neotropical
Thlypopsis inornata,Invertivore,Neotropical
Thlypopsis ornata,Invertivore,Neotropical
Thlypopsis pectoralis,Invertivore,Neotropical
Thlypopsis pyrrhocoma,Invertivore,Neotropical
Thlypopsis ruficeps,Invertivore,Neotropical
Thlypopsis sordida,Omnivore,Neotropical
Thlypopsis superciliaris,Invertivore,Neotropical
Tiaris olivaceus,Granivore,Neotropical
Trichothraupis melanops,Invertivore,Neotropical
Urothraupis stolzmanni,Omnivore,Neotropical
Volatinia jacarina,Granivore,Neotropical
Wetmorethraupis sterrhopteron,Omnivore,Neotropical
Xenodacnis parina,Invertivore,Neotropical
Xenodacnis petersi,Invertivore,Neotropical
Xenospingus concolor,Invertivore,Neotropical
Cyanoderma bicolor,Invertivore,Oriental
Cyanoderma chrysaeum,Invertivore,Oriental
Cyanoderma erythropterum,Invertivore,Oriental
Cyanoderma melanothorax,Invertivore,Oriental
Cyanoderma pyrrhops,Invertivore,Oriental
Cyanoderma ruficeps,Invertivore,Sino-Japanese
Cyanoderma rufifrons,Invertivore,Oriental
Dumetia hyperythra,Invertivore,Oriental
Erythrogenys erythrocnemis,Invertivore,Oriental
Erythrogenys erythrogenys,Invertivore,Sino-Japanese
Erythrogenys gravivox,Invertivore,Sino-Japanese
Erythrogenys hypoleucos,Invertivore,Oriental
Erythrogenys mcclellandi,Invertivore,Oriental
Erythrogenys swinhoei,Invertivore,Sino-Japanese
Macronus ptilosus,Invertivore,Oriental
Macronus striaticeps,Invertivore,Oriental
Mixornis bornensis,Invertivore,Oriental
Mixornis flavicollis,Invertivore,Oriental
Mixornis gularis,Invertivore,Oriental
Mixornis kelleyi,Invertivore,Oriental
Mixornis prillwitzi,Invertivore,Oriental
Pomatorhinus ferruginosus,Invertivore,Oriental
Pomatorhinus horsfieldii,Invertivore,Oriental
Pomatorhinus melanurus,Invertivore,Oriental
Pomatorhinus montanus,Invertivore,Oriental
Pomatorhinus musicus,Invertivore,Oriental
Pomatorhinus ochraceiceps,Invertivore,Oriental
Pomatorhinus phayrei,Invertivore,Oriental
Pomatorhinus ruficollis,Invertivore,Sino-Japanese
Pomatorhinus schisticeps,Invertivore,Oriental
Pomatorhinus superciliaris,Invertivore,Oriental
Rhopocichla atriceps,Invertivore,Oriental
Spelaeornis badeigularis,Invertivore,Sino-Japanese
Spelaeornis caudatus,Invertivore,Oriental
Spelaeornis chocolatinus,Invertivore,Oriental
Spelaeornis kinneari,Invertivore,Oriental
Spelaeornis longicaudatus,Invertivore,Oriental
Spelaeornis oatesi,Invertivore,Oriental
Spelaeornis reptatus,Invertivore,Oriental
Spelaeornis troglodytoides,Invertivore,Sino-Japanese
Stachyris grammiceps,Invertivore,Oriental
Stachyris herberti,Invertivore,Oriental
Stachyris humei,Invertivore,Oriental
Stachyris leucotis,Invertivore,Oriental
Stachyris maculata,Invertivore,Oriental
Stachyris nigriceps,Invertivore,Oriental
Stachyris nigricollis,Invertivore,Oriental
Stachyris nonggangensis,Invertivore,Oriental
Stachyris oglei,Invertivore,Sino-Japanese
Stachyris poliocephala,Invertivore,Oriental
Stachyris roberti,Invertivore,Oriental
Stachyris strialata,Invertivore,Oriental
Stachyris thoracica,Invertivore,Oriental
Timalia pileata,Invertivore,Oriental
Iodopleura fusca,Invertivore,Neotropical
Iodopleura isabellae,Invertivore,Neotropical
Iodopleura pipra,Frugivore,Neotropical
Laniisoma buckleyi,Omnivore,Neotropical
Laniisoma elegans,Omnivore,Neotropical
Laniocera hypopyrra,Invertivore,Neotropical
Laniocera rufescens,Omnivore,Neotropical
Myiobius atricaudus,Invertivore,Neotropical
Myiobius barbatus,Invertivore,Neotropical
Myiobius sulphureipygius,Invertivore,Neotropical
Myiobius villosus,Invertivore,Neotropical
Onychorhynchus coronatus,Invertivore,Neotropical
Onychorhynchus mexicanus,Invertivore,Neotropical
Onychorhynchus occidentalis,Invertivore,Neotropical
Onychorhynchus swainsoni,Invertivore,Neotropical
Oxyruncus cristatus,Frugivore,Neotropical
Pachyramphus aglaiae,Omnivore,Nearctic
Pachyramphus albogriseus,Omnivore,Neotropical
Pachyramphus castaneus,Invertivore,Neotropical
Pachyramphus cinnamomeus,Invertivore,Neotropical
Pachyramphus griseigularis,Invertivore,Neotropical
Pachyramphus homochrous,Omnivore,Neotropical
Pachyramphus major,Omnivore,Neotropical
Pachyramphus marginatus,Omnivore,Neotropical
Pachyramphus minor,Omnivore,Neotropical
Pachyramphus niger,Omnivore,Neotropical
Pachyramphus polychopterus,Invertivore,Neotropical
Pachyramphus rufus,Invertivore,Neotropical
Pachyramphus spodiurus,Invertivore,Neotropical
Pachyramphus surinamus,Invertivore,Neotropical
Pachyramphus uropygialis,Omnivore,Nearctic
Pachyramphus validus,Invertivore,Neotropical
Pachyramphus versicolor,Invertivore,Neotropical
Pachyramphus viridis,Invertivore,Neotropical
Pachyramphus xanthogenys,Invertivore,Neotropical
Schiffornis aenea,Omnivore,Neotropical
Schiffornis major,Frugivore,Neotropical
Schiffornis olivacea,Omnivore,Neotropical
Schiffornis stenorhyncha,Omnivore,Neotropical
Schiffornis turdina,Omnivore,Neotropical
Schiffornis veraepacis,Omnivore,Neotropical
Schiffornis virescens,Omnivore,Neotropical
Terenotriccus erythrurus,Invertivore,Neotropical
Tityra braziliensis,Frugivore,Neotropical
Tityra cayana,Frugivore,Neotropical
Tityra inquisitor,Frugivore,Neotropical
Tityra leucura,Frugivore,Neotropical
Tityra semifasciata,Frugivore,Neotropical
Xenopsaris albinucha,Invertivore,Neotropical
Campylorhynchus albobrunneus,Invertivore,Neotropical
Campylorhynchus brunneicapillus,Invertivore,Nearctic
Campylorhynchus capistratus,Invertivore,Neotropical
Campylorhynchus chiapensis,Invertivore,Neotropical
Campylorhynchus fasciatus,Invertivore,Neotropical
Campylorhynchus griseus,Invertivore,Neotropical
Campylorhynchus gularis,Invertivore,Nearctic
Campylorhynchus humilis,Invertivore,Neotropical
Campylorhynchus jocosus,Invertivore,Neotropical
Campylorhynchus megalopterus,Invertivore,Nearctic
Campylorhynchus nuchalis,Invertivore,Neotropical
Campylorhynchus rufinucha,Invertivore,Nearctic
Campylorhynchus turdinus,Invertivore,Neotropical
Campylorhynchus yucatanicus,Invertivore,Neotropical
Campylorhynchus zonatus,Invertivore,Neotropical
Cantorchilus griseus,Invertivore,Neotropical
Cantorchilus guarayanus,Invertivore,Neotropical
Cantorchilus leucopogon,Invertivore,Neotropical
Cantorchilus leucotis,Invertivore,Neotropical
Cantorchilus longirostris,Invertivore,Neotropical
Cantorchilus modestus,Invertivore,Neotropical
Cantorchilus nigricapillus,Invertivore,Neotropical
Cantorchilus semibadius,Invertivore,Neotropical
Cantorchilus superciliaris,Invertivore,Neotropical
Cantorchilus thoracicus,Invertivore,Neotropical
Cantorchilus zeledoni,Invertivore,Neotropical
Catherpes mexicanus,Invertivore,Nearctic
Cinnycerthia fulva,Invertivore,Neotropical
Cinnycerthia olivascens,Invertivore,Neotropical
Cinnycerthia peruana,Invertivore,Neotropical
Cinnycerthia unirufa,Invertivore,Neotropical
Cistothorus apolinari,Invertivore,Neotropical
Cistothorus meridae,Invertivore,Neotropical
Cistothorus palustris,Invertivore,Nearctic
Cistothorus platensis,Invertivore,Neotropical
Cistothorus stellaris,Invertivore,Nearctic
Cyphorhinus arada,Invertivore,Neotropical
Cyphorhinus dichrous,Invertivore,Neotropical
Cyphorhinus phaeocephalus,Invertivore,Neotropical
Cyphorhinus thoracicus,Invertivore,Neotropical
Ferminia cerverai,Invertivore,Neotropical
Henicorhina anachoreta,Invertivore,Neotropical
Henicorhina leucophrys,Invertivore,Neotropical
Henicorhina leucoptera,Invertivore,Neotropical
Henicorhina leucosticta,Invertivore,Neotropical
Henicorhina negreti,Invertivore,Neotropical
Hylorchilus navai,Invertivore,Neotropical
Hylorchilus sumichrasti,Invertivore,Nearctic
Microcerculus bambla,Invertivore,Neotropical
Microcerculus marginatus,Invertivore,Neotropical
Microcerculus philomela,Invertivore,Neotropical
Microcerculus ustulatus,Invertivore,Neotropical
Odontorchilus branickii,Invertivore,Neotropical
Odontorchilus cinereus,Invertivore,Neotropical
Pheugopedius atrogularis,Invertivore,Neotropical
Pheugopedius columbianus,Invertivore,Neotropical
Pheugopedius coraya,Invertivore,Neotropical
Pheugopedius eisenmanni,Invertivore,Neotropical
Pheugopedius euophrys,Invertivore,Neotropical
Pheugopedius fasciatoventris,Invertivore,Neotropical
Pheugopedius felix,Invertivore,Nearctic
Pheugopedius genibarbis,Invertivore,Neotropical
Pheugopedius maculipectus,Invertivore,Neotropical
Pheugopedius mystacalis,Invertivore,Neotropical
Pheugopedius paucimaculatus,Invertivore,Neotropical
Pheugopedius rutilus,Invertivore,Neotropical
Pheugopedius schulenbergi,Invertivore,Neotropical
Pheugopedius sclateri,Invertivore,Neotropical
Pheugopedius spadix,Invertivore,Neotropical
Salpinctes obsoletus,Invertivore,Nearctic
Thryomanes bewickii,Invertivore,Nearctic
Thryophilus nicefori,Invertivore,Neotropical
Thryophilus pleurostictus,Invertivore,Neotropical
Thryophilus rufalbus,Invertivore,Neotropical
Thryophilus sernai,Invertivore,Neotropical
Thryophilus sinaloa,Invertivore,Nearctic
Thryorchilus browni,Invertivore,Neotropical
Thryothorus albinucha,Invertivore,Neotropical
Thryothorus ludovicianus,Invertivore,Nearctic
Troglodytes aedon,Invertivore,Neotropical
Troglodytes beani,Invertivore,Neotropical
Troglodytes cobbi,Invertivore,Neotropical
Troglodytes hiemalis,Invertivore,Nearctic
Troglodytes monticola,Invertivore,Neotropical
Troglodytes ochraceus,Invertivore,Neotropical
Troglodytes pacificus,Invertivore,Nearctic
Troglodytes rufociliatus,Invertivore,Neotropical
Troglodytes rufulus,Invertivore,Neotropical
Troglodytes sissonii,Invertivore,Neotropical
Troglodytes solstitialis,Invertivore,Neotropical
Troglodytes tanneri,Invertivore,Neotropical
Troglodytes troglodytes,Invertivore,Palearctic
Uropsila leucogastra,Invertivore,Neotropical
Cataponera turdoides,Invertivore,Oriental
Catharus aurantiirostris,Invertivore,Neotropical
Catharus bicknelli,Invertivore,Nearctic
Catharus dryas,Invertivore,Neotropical
Catharus frantzii,Invertivore,Neotropical
Catharus fuscater,Invertivore,Neotropical
Catharus fuscescens,Invertivore,Nearctic
Catharus gracilirostris,Invertivore,Neotropical
Catharus guttatus,Invertivore,Nearctic
Catharus maculatus,Invertivore,Neotropical
Catharus mexicanus,Invertivore,Neotropical
Catharus minimus,Invertivore,Nearctic
Catharus occidentalis,Invertivore,Nearctic
Catharus swainsoni,Invertivore,Nearctic
Catharus ustulatus,Invertivore,Nearctic
Chlamydochaera jefferyi,Frugivore,Oriental
Cichlopsis chubbi,Invertivore,Neotropical
Cichlopsis gularis,Invertivore,Neotropical
Cichlopsis leucogenys,Invertivore,Neotropical
Cichlopsis peruviana,Invertivore,Neotropical
Cochoa azurea,Frugivore,Oriental
Cochoa beccarii,Frugivore,Oriental
Cochoa purpurea,Frugivore,Oriental
Cochoa viridis,Frugivore,Oriental
Entomodestes coracinus,Frugivore,Neotropical
Entomodestes leucotis,Frugivore,Neotropical
Geokichla camaronensis,Invertivore,Afrotropical
Geokichla cinerea,Invertivore,Oriental
Geokichla citrina,Omnivore,Oriental
Geokichla crossleyi,Invertivore,Afrotropical
Geokichla dohertyi,Invertivore,Oceanian
Geokichla dumasi,Invertivore,Oceanian
Geokichla erythronota,Invertivore,Oriental
Geokichla gurneyi,Invertivore,Afrotropical
Geokichla guttata,Omnivore,Afrotropical
Geokichla interpres,Invertivore,Oriental
Geokichla joiceyi,Invertivore,Oceanian
Geokichla leucolaema,Invertivore,Oriental
Geokichla mendeni,Invertivore,Oceanian
Geokichla oberlaenderi,Invertivore,Afrotropical
Geokichla peronii,Invertivore,Oriental
Geokichla piaggiae,Omnivore,Afrotropical
Geokichla princei,Invertivore,Afrotropical
Geokichla schistacea,Invertivore,Oriental
Geokichla sibirica,Invertivore,Palearctic
Geokichla spiloptera,Invertivore,Oriental
Geokichla wardii,Invertivore,Oriental
Geomalia heinrichi,Invertivore,Oriental
Grandala coelicolor,Invertivore,Sino-Japanese
Hylocichla mustelina,Invertivore,Nearctic
Ixoreus naevius,Omnivore,Nearctic
Myadestes coloratus,Frugivore,Neotropical
Myadestes elisabeth,Frugivore,Neotropical
Myadestes genibarbis,Frugivore,Neotropical
Myadestes lanaiensis,Frugivore,NA
Myadestes melanops,Frugivore,Neotropical
Myadestes obscurus,Frugivore,Nearctic
Myadestes occidentalis,Frugivore,Nearctic
Myadestes palmeri,Frugivore,Nearctic
Myadestes ralloides,Invertivore,Neotropical
Myadestes townsendi,Omnivore,Nearctic
Myadestes unicolor,Frugivore,Neotropical
Neocossyphus poensis,Invertivore,Afrotropical
Neocossyphus rufus,Invertivore,Afrotropical
Otocichla mupinensis,Omnivore,Sino-Japanese
Psophocichla litsitsirupa,Invertivore,Afrotropical
Psophocichla simensis,Invertivore,Afrotropical
Ridgwayia pinicola,Invertivore,Nearctic
Sialia currucoides,Invertivore,Nearctic
Sialia mexicana,Omnivore,Nearctic
Sialia sialis,Invertivore,Nearctic
Stizorhina finschi,Invertivore,Afrotropical
Stizorhina fraseri,Invertivore,Afrotropical
Turdus abyssinicus,Omnivore,Afrotropical
Turdus albicollis,Invertivore,Neotropical
Turdus albocinctus,Invertivore,Sino-Japanese
Turdus amaurochalinus,Invertivore,Neotropical
Turdus anthracinus,Invertivore,Neotropical
Turdus ardosiaceus,Omnivore,Neotropical
Turdus arthuri,Omnivore,Neotropical
Turdus assimilis,Invertivore,Neotropical
Turdus atrogularis,Invertivore,Palearctic
Turdus aurantius,Invertivore,Neotropical
Turdus bewsheri,Omnivore,Madagascan
Turdus boulboul,Invertivore,Oriental
Turdus cardis,Invertivore,Sino-Japanese
Turdus celaenops,Omnivore,Sino-Japanese
Turdus chiguanco,Invertivore,Neotropical
Turdus chrysolaus,Invertivore,Sino-Japanese
Turdus confinis,Invertivore,Nearctic
Turdus debilis,Omnivore,Neotropical
Turdus dissimilis,Invertivore,Oriental
Turdus eremita,Omnivore,Neotropical
Turdus eunomus,Invertivore,Palearctic
Turdus falcklandii,Invertivore,Neotropical
Turdus feae,Omnivore,Palearctic
Turdus flavipes,Frugivore,Neotropical
Turdus fulviventris,Frugivore,Neotropical
Turdus fumigatus,Invertivore,Neotropical
Turdus fuscater,Invertivore,Neotropical
Turdus grayi,Omnivore,Neotropical
Turdus haplochrous,Omnivore,Neotropical
Turdus hauxwelli,Invertivore,Neotropical
Turdus helleri,Invertivore,Afrotropical
Turdus hortulorum,Invertivore,Palearctic
Turdus ignobilis,Omnivore,Neotropical
Turdus iliacus,Invertivore,Palearctic
Turdus infuscatus,Invertivore,Neotropical
Turdus jamaicensis,Invertivore,Neotropical
Turdus kessleri,Invertivore,Sino-Japanese
Turdus lawrencii,Omnivore,Neotropical
Turdus leucomelas,Frugivore,Neotropical
Turdus leucops,Frugivore,Neotropical
Turdus lherminieri,Invertivore,Neotropical
Turdus libonyana,Invertivore,Afrotropical
Turdus ludoviciae,Invertivore,Afrotropical
Turdus maculirostris,Omnivore,Neotropical
Turdus mandarinus,Omnivore,Sino-Japanese
Turdus maranonicus,Omnivore,Neotropical
Turdus maximus,Omnivore,Sino-Japanese
Turdus menachensis,Invertivore,Saharo-Arabian
Turdus merula,Omnivore,Palearctic
Turdus migratorius,Invertivore,Nearctic
Turdus naumanni,Invertivore,Palearctic
Turdus nigrescens,Omnivore,Neotropical
Turdus nigriceps,Invertivore,Neotropical
Turdus niveiceps,Omnivore,Oriental
Turdus nudigenis,Invertivore,Neotropical
Turdus obscurus,Invertivore,Palearctic
Turdus obsoletus,Omnivore,Neotropical
Turdus olivaceofuscus,Invertivore,Afrotropical
Turdus olivaceus,Omnivore,Afrotropical
Turdus olivater,Omnivore,Neotropical
Turdus pallidus,Invertivore,Palearctic
Turdus pelios,Omnivore,Afrotropical
Turdus philomelos,Invertivore,Palearctic
Turdus pilaris,Invertivore,Palearctic
Turdus plebejus,Omnivore,Neotropical
Turdus plumbeus,Omnivore,Neotropical
Turdus poliocephalus,Omnivore,Oceanian
Turdus reevei,Omnivore,Neotropical
Turdus roehli,Omnivore,Afrotropical
Turdus rubripes,Omnivore,Neotropical
Turdus rubrocanus,Invertivore,Sino-Japanese
Turdus ruficollis,Invertivore,Palearctic
Turdus rufitorques,Omnivore,Neotropical
Turdus rufiventris,Invertivore,Neotropical
Turdus rufopalliatus,Invertivore,Nearctic
Turdus sanchezorum,Invertivore,Neotropical
Turdus serranus,Invertivore,Neotropical
Turdus simillimus,Omnivore,Oriental
Turdus smithi,Omnivore,Afrotropical
Turdus subalaris,Invertivore,Neotropical
Turdus swalesi,Invertivore,Neotropical
Turdus tephronotus,Invertivore,Afrotropical
Turdus torquatus,Omnivore,Palearctic
Turdus unicolor,Invertivore,Sino-Japanese
Turdus viscivorus,Omnivore,Palearctic
Turdus xanthorhynchus,Invertivore,Afrotropical
Zoothera andromedae,Invertivore,Oriental
Zoothera atrigena,Invertivore,Oceanian
Zoothera aurea,Invertivore,Palearctic
Zoothera dauma,Invertivore,Oriental
Zoothera dixoni,Invertivore,Sino-Japanese
Zoothera everetti,Invertivore,Oriental
Zoothera griseiceps,Invertivore,Sino-Japanese
Zoothera heinei,Invertivore,Australian
Zoothera lunulata,Invertivore,Australian
Zoothera machiki,Invertivore,Oriental
Zoothera major,Invertivore,Oriental
Zoothera margaretae,Invertivore,Oceanian
Zoothera marginata,Invertivore,Oriental
Zoothera mollissima,Invertivore,Sino-Japanese
Zoothera monticola,Invertivore,Sino-Japanese
Zoothera salimalii,Invertivore,Oriental
Zoothera talaseae,Invertivore,Oceanian
Zoothera turipavae,Invertivore,Oceanian
Agriornis albicauda,Vertivore,Neotropical
Agriornis lividus,Vertivore,Neotropical
Agriornis micropterus,Vertivore,Neotropical
Agriornis montanus,Omnivore,Neotropical
Agriornis murinus,Vertivore,Neotropical
Alectrurus risora,Invertivore,Neotropical
Alectrurus tricolor,Invertivore,Neotropical
Anairetes alpinus,Invertivore,Neotropical
Anairetes fernandezianus,Invertivore,Neotropical
Anairetes flavirostris,Invertivore,Neotropical
Anairetes nigrocristatus,Invertivore,Neotropical
Anairetes parulus,Invertivore,Neotropical
Anairetes reguloides,Invertivore,Neotropical
Aphanotriccus audax,Invertivore,Neotropical
Aphanotriccus capitalis,Invertivore,Neotropical
Arundinicola leucocephala,Invertivore,Neotropical
Atalotriccus pilaris,Invertivore,Neotropical
Attila bolivianus,Invertivore,Neotropical
Attila cinnamomeus,Invertivore,Neotropical
Attila citriniventris,Invertivore,Neotropical
Attila phoenicurus,Invertivore,Neotropical
Attila rufus,Invertivore,Neotropical
Attila spadiceus,Invertivore,Neotropical
Attila torridus,Invertivore,Neotropical
Calyptura cristata,Omnivore,Neotropical
Camptostoma imberbe,Invertivore,Nearctic
Camptostoma obsoletum,Invertivore,Neotropical
Capsiempis flaveola,Invertivore,Neotropical
Casiornis fuscus,Invertivore,Neotropical
Casiornis rufus,Invertivore,Neotropical
Cnemarchus erythropygius,Invertivore,Neotropical
Cnemotriccus fuscatus,Invertivore,Neotropical
Cnipodectes subbrunneus,Invertivore,Neotropical
Cnipodectes superrufus,Invertivore,Neotropical
Colonia colonus,Invertivore,Neotropical
Colorhamphus parvirostris,Invertivore,Neotropical
Conopias albovittatus,Invertivore,Neotropical
Conopias cinchoneti,Invertivore,Neotropical
Conopias parvus,Invertivore,Neotropical
Conopias trivirgatus,Invertivore,Neotropical
Contopus albogularis,Invertivore,Neotropical
Contopus bogotensis,Invertivore,Neotropical
Contopus caribaeus,Invertivore,Neotropical
Contopus cinereus,Invertivore,Neotropical
Contopus cooperi,Invertivore,Nearctic
Contopus fumigatus,Invertivore,Neotropical
Contopus hispaniolensis,Invertivore,Neotropical
Contopus latirostris,Invertivore,Neotropical
Contopus lugubris,Invertivore,Neotropical
Contopus nigrescens,Invertivore,Neotropical
Contopus ochraceus,Invertivore,Neotropical
Contopus pallidus,Invertivore,Neotropical
Contopus pertinax,Invertivore,Nearctic
Contopus punensis,Invertivore,Neotropical
Contopus sordidulus,Invertivore,Nearctic
Contopus virens,Invertivore,Nearctic
Corythopis delalandi,Invertivore,Neotropical
Corythopis torquatus,Invertivore,Neotropical
Culicivora caudacuta,Invertivore,Neotropical
Deltarhynchus flammulatus,Invertivore,Nearctic
Elaenia albiceps,Invertivore,Neotropical
Elaenia brachyptera,Omnivore,Neotropical
Elaenia cherriei,Invertivore,Neotropical
Elaenia chiriquensis,Omnivore,Neotropical
Elaenia cristata,Invertivore,Neotropical
Elaenia dayi,Invertivore,Neotropical
Elaenia fallax,Invertivore,Neotropical
Elaenia flavogaster,Invertivore,Neotropical
Elaenia frantzii,Frugivore,Neotropical
Elaenia gigas,Invertivore,Neotropical
Elaenia martinica,Invertivore,Neotropical
Elaenia mesoleuca,Invertivore,Neotropical
Elaenia obscura,Invertivore,Neotropical
Elaenia olivina,Invertivore,Neotropical
Elaenia pallatangae,Invertivore,Neotropical
Elaenia parvirostris,Invertivore,Neotropical
Elaenia pelzelni,Invertivore,Neotropical
Elaenia ridleyana,Invertivore,Neotropical
Elaenia ruficeps,Invertivore,Neotropical
Elaenia sordida,Invertivore,Neotropical
Elaenia spectabilis,Invertivore,Neotropical
Elaenia strepera,Invertivore,Neotropical
Empidonax affinis,Invertivore,Nearctic
Empidonax albigularis,Invertivore,Nearctic
Empidonax alnorum,Invertivore,Nearctic
Empidonax atriceps,Invertivore,Neotropical
Empidonax difficilis,Invertivore,Nearctic
Empidonax flavescens,Invertivore,Neotropical
Empidonax flaviventris,Invertivore,Nearctic
Empidonax fulvifrons,Invertivore,Nearctic
Empidonax hammondii,Invertivore,Nearctic
Empidonax minimus,Invertivore,Nearctic
Empidonax oberholseri,Invertivore,Nearctic
Empidonax occidentalis,Invertivore,Nearctic
Empidonax traillii,Invertivore,Nearctic
Empidonax virescens,Invertivore,Nearctic
Empidonax wrightii,Invertivore,Nearctic
Empidonomus varius,Invertivore,Neotropical
Euscarthmus fulviceps,Invertivore,Neotropical
Euscarthmus meloryphus,Invertivore,Neotropical
Euscarthmus rufomarginatus,Invertivore,Neotropical
Fluvicola albiventer,Invertivore,Neotropical
Fluvicola nengeta,Invertivore,Neotropical
Fluvicola pica,Invertivore,Neotropical
Griseotyrannus aurantioatrocristatus,Invertivore,Neotropical
Gubernetes yetapa,Invertivore,Neotropical
Guyramemua affinis,Invertivore,Neotropical
Hemitriccus cinnamomeipectus,Invertivore,Neotropical
Hemitriccus cohnhafti,Invertivore,Neotropical
Hemitriccus diops,Invertivore,Neotropical
Hemitriccus flammulatus,Invertivore,Neotropical
Hemitriccus furcatus,Invertivore,Neotropical
Hemitriccus granadensis,Invertivore,Neotropical
Hemitriccus griseipectus,Invertivore,Neotropical
Hemitriccus inornatus,Invertivore,Neotropical
Hemitriccus iohannis,Invertivore,Neotropical
Hemitriccus josephinae,Invertivore,Neotropical
Hemitriccus kaempferi,Invertivore,Neotropical
Hemitriccus margaritaceiventer,Invertivore,Neotropical
Hemitriccus minimus,Invertivore,Neotropical
Hemitriccus minor,Invertivore,Neotropical
Hemitriccus mirandae,Invertivore,Neotropical
Hemitriccus nidipendulus,Invertivore,Neotropical
Hemitriccus obsoletus,Invertivore,Neotropical
Hemitriccus orbitatus,Invertivore,Neotropical
Hemitriccus rufigularis,Invertivore,Neotropical
Hemitriccus spodiops,Invertivore,Neotropical
Hemitriccus striaticollis,Invertivore,Neotropical
Hemitriccus zosterops,Invertivore,Neotropical
Hirundinea bellicosa,Invertivore,Neotropical
Hirundinea ferruginea,Invertivore,Neotropical
Hymenops perspicillatus,Invertivore,Neotropical
Inezia caudata,Invertivore,Neotropical
Inezia inornata,Invertivore,Neotropical
Inezia subflava,Invertivore,Neotropical
Inezia tenuirostris,Invertivore,Neotropical
Knipolegus aterrimus,Invertivore,Neotropical
Knipolegus cabanisi,Invertivore,Neotropical
Knipolegus cyanirostris,Invertivore,Neotropical
Knipolegus franciscanus,Invertivore,Neotropical
Knipolegus heterogyna,Invertivore,Neotropical
Knipolegus hudsoni,Invertivore,Neotropical
Knipolegus lophotes,Invertivore,Neotropical
Knipolegus nigerrimus,Invertivore,Neotropical
Knipolegus orenocensis,Invertivore,Neotropical
Knipolegus poecilocercus,Invertivore,Neotropical
Knipolegus poecilurus,Invertivore,Neotropical
Knipolegus sclateri,Invertivore,Neotropical
Knipolegus signatus,Invertivore,Neotropical
Knipolegus striaticeps,Invertivore,Neotropical
Lathrotriccus euleri,Invertivore,Neotropical
Lathrotriccus griseipectus,Invertivore,Neotropical
Legatus leucophaius,Frugivore,Neotropical
Leptopogon albidiventer,Invertivore,Neotropical
Leptopogon amaurocephalus,Invertivore,Neotropical
Leptopogon rufipectus,Invertivore,Neotropical
Leptopogon superciliaris,Invertivore,Neotropical
Leptopogon taczanowskii,Invertivore,Neotropical
Lessonia oreas,Invertivore,Neotropical
Lessonia rufa,Invertivore,Neotropical
Lophotriccus eulophotes,Invertivore,Neotropical
Lophotriccus galeatus,Invertivore,Neotropical
Lophotriccus pileatus,Invertivore,Neotropical
Lophotriccus vitiosus,Invertivore,Neotropical
Machetornis rixosa,Invertivore,Neotropical
Mecocerculus calopterus,Invertivore,Neotropical
Mecocerculus hellmayri,Invertivore,Neotropical
Mecocerculus leucophrys,Invertivore,Neotropical
Mecocerculus minor,Invertivore,Neotropical
Mecocerculus poecilocercus,Invertivore,Neotropical
Mecocerculus stictopterus,Invertivore,Neotropical
Megarynchus pitangua,Invertivore,Neotropical
Mionectes galbinus,Frugivore,Neotropical
Mionectes macconnelli,Invertivore,Neotropical
Mionectes oleagineus,Frugivore,Neotropical
Mionectes olivaceus,Frugivore,Neotropical
Mionectes roraimae,Invertivore,Neotropical
Mionectes rufiventris,Invertivore,Neotropical
Mionectes striaticollis,Invertivore,Neotropical
Mitrephanes olivaceus,Invertivore,Neotropical
Mitrephanes phaeocercus,Invertivore,Nearctic
Muscigralla brevicauda,Invertivore,Neotropical
Muscipipra vetula,Invertivore,Neotropical
Muscisaxicola albifrons,Invertivore,Neotropical
Muscisaxicola albilora,Invertivore,Neotropical
Muscisaxicola alpinus,Invertivore,Neotropical
Muscisaxicola capistratus,Invertivore,Neotropical
Muscisaxicola cinereus,Invertivore,Neotropical
Muscisaxicola flavinucha,Invertivore,Neotropical
Muscisaxicola fluviatilis,Invertivore,Neotropical
Muscisaxicola frontalis,Invertivore,Neotropical
Muscisaxicola griseus,Invertivore,Neotropical
Muscisaxicola juninensis,Invertivore,Neotropical
Muscisaxicola maclovianus,Invertivore,Neotropical
Muscisaxicola maculirostris,Invertivore,Neotropical
Muscisaxicola occipitalis,Invertivore,Neotropical
Muscisaxicola rufivertex,Invertivore,Neotropical
Myiarchus antillarum,Invertivore,Neotropical
Myiarchus apicalis,Invertivore,Neotropical
Myiarchus barbirostris,Invertivore,Neotropical
Myiarchus cephalotes,Invertivore,Neotropical
Myiarchus cinerascens,Invertivore,Nearctic
Myiarchus crinitus,Invertivore,Nearctic
Myiarchus ferox,Invertivore,Neotropical
Myiarchus magnirostris,Invertivore,Neotropical
Myiarchus nugator,Invertivore,Neotropical
Myiarchus nuttingi,Invertivore,Nearctic
Myiarchus oberi,Invertivore,Neotropical
Myiarchus panamensis,Invertivore,Neotropical
Myiarchus phaeocephalus,Invertivore,Neotropical
Myiarchus sagrae,Invertivore,Neotropical
Myiarchus semirufus,Invertivore,Neotropical
Myiarchus stolidus,Invertivore,Neotropical
Myiarchus swainsoni,Invertivore,Neotropical
Myiarchus tuberculifer,Invertivore,Neotropical
Myiarchus tyrannulus,Invertivore,Neotropical
Myiarchus validus,Omnivore,Neotropical
Myiarchus venezuelensis,Invertivore,Neotropical
Myiarchus yucatanensis,Invertivore,Neotropical
Myiodynastes bairdii,Invertivore,Neotropical
Myiodynastes chrysocephalus,Invertivore,Neotropical
Myiodynastes hemichrysus,Omnivore,Neotropical
Myiodynastes luteiventris,Omnivore,Nearctic
Myiodynastes maculatus,Invertivore,Neotropical
Myiodynastes solitarius,Invertivore,Neotropical
Myiopagis caniceps,Invertivore,Neotropical
Myiopagis cinerea,Invertivore,Neotropical
Myiopagis cotta,Invertivore,Neotropical
Myiopagis flavivertex,Invertivore,Neotropical
Myiopagis gaimardii,Invertivore,Neotropical
Myiopagis olallai,Invertivore,Neotropical
Myiopagis parambae,Invertivore,Neotropical
Myiopagis subplacens,Invertivore,Neotropical
Myiopagis viridicata,Invertivore,Neotropical
Myiophobus crypterythrus,Invertivore,Neotropical
Myiophobus cryptoxanthus,Invertivore,Neotropical
Myiophobus fasciatus,Invertivore,Neotropical
Myiophobus flavicans,Invertivore,Neotropical
Myiophobus inornatus,Invertivore,Neotropical
Myiophobus phoenicomitra,Invertivore,Neotropical
Myiophobus roraimae,Invertivore,Neotropical
Myiophobus rufescens,Invertivore,Neotropical
Myiornis albiventris,Invertivore,Neotropical
Myiornis atricapillus,Invertivore,Neotropical
Myiornis auricularis,Invertivore,Neotropical
Myiornis ecaudatus,Invertivore,Neotropical
Myiotheretes fumigatus,Invertivore,Neotropical
Myiotheretes fuscorufus,Invertivore,Neotropical
Myiotheretes pernix,Invertivore,Neotropical
Myiotheretes striaticollis,Invertivore,Neotropical
Myiotriccus ornatus,Invertivore,Neotropical
Myiotriccus phoenicurus,Invertivore,Neotropical
Myiozetetes cayanensis,Invertivore,Neotropical
Myiozetetes granadensis,Invertivore,Neotropical
Myiozetetes luteiventris,Invertivore,Neotropical
Myiozetetes similis,Invertivore,Neotropical
Neopipo cinnamomea,Invertivore,Neotropical
Neoxolmis rufiventris,Invertivore,Neotropical
Nephelomyias lintoni,Invertivore,Neotropical
Nephelomyias ochraceiventris,Invertivore,Neotropical
Nephelomyias pulcher,Invertivore,Neotropical
Nesotriccus ridgwayi,Invertivore,Neotropical
Nesotriccus ridgwayi,Invertivore,Neotropical
Nesotriccus ridgwayi,Invertivore,Neotropical
Ochthoeca cinnamomeiventris,Invertivore,Neotropical
Ochthoeca fumicolor,Invertivore,Neotropical
Ochthoeca leucophrys,Invertivore,Neotropical
Ochthoeca nigrita,Invertivore,Neotropical
Ochthoeca oenanthoides,Invertivore,Neotropical
Ochthoeca piurae,Invertivore,Neotropical
Ochthoeca rufipectoralis,Invertivore,Neotropical
Ochthoeca salvini,Invertivore,Neotropical
Ochthoeca superciliosa,Invertivore,Neotropical
Ochthoeca thoracica,Invertivore,Neotropical
Ochthornis littoralis,Invertivore,Neotropical
Oncostoma cinereigulare,Invertivore,Neotropical
Oncostoma olivaceum,Invertivore,Neotropical
Ornithion brunneicapillus,Invertivore,Neotropical
Ornithion inerme,Invertivore,Neotropical
Ornithion semiflavum,Invertivore,Neotropical
Phaeomyias murina,Invertivore,Neotropical
Phaeomyias tumbezana,Invertivore,Neotropical
Phelpsia inornata,Invertivore,Neotropical
Philohydor lictor,Invertivore,Neotropical
Phyllomyias burmeisteri,Invertivore,Neotropical
Phyllomyias cinereiceps,Invertivore,Neotropical
Phyllomyias fasciatus,Invertivore,Neotropical
Phyllomyias griseiceps,Invertivore,Neotropical
Phyllomyias griseocapilla,Invertivore,Neotropical
Phyllomyias nigrocapillus,Invertivore,Neotropical
Phyllomyias plumbeiceps,Invertivore,Neotropical
Phyllomyias reiseri,Invertivore,Neotropical
Phyllomyias sclateri,Invertivore,Neotropical
Phyllomyias urichi,Invertivore,Neotropical
Phyllomyias uropygialis,Invertivore,Neotropical
Phyllomyias virescens,Invertivore,Neotropical
Phyllomyias weedeni,Invertivore,Neotropical
Phyllomyias zeledoni,Invertivore,Neotropical
Phylloscartes beckeri,Invertivore,Neotropical
Phylloscartes ceciliae,Invertivore,Neotropical
Phylloscartes difficilis,Invertivore,Neotropical
Phylloscartes flaviventris,Invertivore,Neotropical
Phylloscartes flavovirens,Invertivore,Neotropical
Phylloscartes gualaquizae,Invertivore,Neotropical
Phylloscartes kronei,Invertivore,Neotropical
Phylloscartes nigrifrons,Invertivore,Neotropical
Phylloscartes oustaleti,Invertivore,Neotropical
Phylloscartes parkeri,Invertivore,Neotropical
Phylloscartes paulista,Invertivore,Neotropical
Phylloscartes roquettei,Invertivore,Neotropical
Phylloscartes superciliaris,Invertivore,Neotropical
Phylloscartes sylviolus,Invertivore,Neotropical
Phylloscartes ventralis,Invertivore,Neotropical
Phylloscartes virescens,Invertivore,Neotropical
Piprites chloris,Invertivore,Neotropical
Piprites griseiceps,Omnivore,Neotropical
Piprites pileata,Frugivore,Neotropical
Pitangus sulphuratus,Omnivore,Neotropical
Platyrinchus albogularis,Invertivore,Neotropical
Platyrinchus cancrominus,Invertivore,Neotropical
Platyrinchus coronatus,Invertivore,Neotropical
Platyrinchus flavigularis,Invertivore,Neotropical
Platyrinchus leucoryphus,Invertivore,Neotropical
Platyrinchus mystaceus,Invertivore,Neotropical
Platyrinchus platyrhynchos,Invertivore,Neotropical
Platyrinchus saturatus,Invertivore,Neotropical
Poecilotriccus albifacies,Invertivore,Neotropical
Poecilotriccus calopterus,Invertivore,Neotropical
Poecilotriccus capitalis,Invertivore,Neotropical
Poecilotriccus fumifrons,Invertivore,Neotropical
Poecilotriccus latirostris,Invertivore,Neotropical
Poecilotriccus luluae,Invertivore,Neotropical
Poecilotriccus plumbeiceps,Invertivore,Neotropical
Poecilotriccus pulchellus,Invertivore,Neotropical
Poecilotriccus ruficeps,Invertivore,Neotropical
Poecilotriccus russatus,Invertivore,Neotropical
Poecilotriccus senex,Invertivore,Neotropical
Poecilotriccus sylvia,Invertivore,Neotropical
Pogonotriccus chapmani,Invertivore,Neotropical
Pogonotriccus eximius,Invertivore,Neotropical
Pogonotriccus lanyoni,Invertivore,Neotropical
Pogonotriccus ophthalmicus,Invertivore,Neotropical
Pogonotriccus orbitalis,Invertivore,Neotropical
Pogonotriccus poecilotis,Invertivore,Neotropical
Pogonotriccus venezuelanus,Invertivore,Neotropical
Polioxolmis rufipennis,Invertivore,Neotropical
Polystictus pectoralis,Invertivore,Neotropical
Polystictus superciliaris,Invertivore,Neotropical
Pseudelaenia leucospodia,Invertivore,Neotropical
Pseudocolopteryx acutipennis,Invertivore,Neotropical
Pseudocolopteryx citreola,Invertivore,Neotropical
Pseudocolopteryx dinelliana,Invertivore,Neotropical
Pseudocolopteryx flaviventris,Invertivore,Neotropical
Pseudocolopteryx sclateri,Invertivore,Neotropical
Pseudotriccus pelzelni,Invertivore,Neotropical
Pseudotriccus ruficeps,Invertivore,Neotropical
Pseudotriccus simplex,Invertivore,Neotropical
Pyrocephalus nanus,Invertivore,Neotropical
Pyrocephalus rubinus,Invertivore,Neotropical
Pyrrhomyias cinnamomeus,Invertivore,Neotropical
Ramphotrigon fuscicauda,Invertivore,Neotropical
Ramphotrigon megacephalum,Invertivore,Neotropical
Ramphotrigon ruficauda,Invertivore,Neotropical
Rhynchocyclus aequinoctialis,Invertivore,Neotropical
Rhynchocyclus brevirostris,Invertivore,Neotropical
Rhynchocyclus fulvipectus,Invertivore,Neotropical
Rhynchocyclus olivaceus,Invertivore,Neotropical
Rhynchocyclus pacificus,Invertivore,Neotropical
Rhytipterna holerythra,Invertivore,Neotropical
Rhytipterna immunda,Invertivore,Neotropical
Rhytipterna simplex,Invertivore,Neotropical
Satrapa icterophrys,Invertivore,Neotropical
Sayornis nigricans,Invertivore,Neotropical
Sayornis phoebe,Invertivore,Nearctic
Sayornis saya,Invertivore,Nearctic
Serpophaga cinerea,Invertivore,Neotropical
Serpophaga griseicapilla,Invertivore,Neotropical
Serpophaga hypoleuca,Invertivore,Neotropical
Serpophaga nigricans,Invertivore,Neotropical
Serpophaga subcristata,Invertivore,Neotropical
Silvicultrix diadema,Invertivore,Neotropical
Silvicultrix frontalis,Invertivore,Neotropical
Silvicultrix jelskii,Invertivore,Neotropical
Silvicultrix pulchella,Invertivore,Neotropical
Sirystes albocinereus,Invertivore,Neotropical
Sirystes albogriseus,Invertivore,Neotropical
Sirystes sibilator,Invertivore,Neotropical
Sirystes subcanescens,Invertivore,Neotropical
Stigmatura bahiae,Invertivore,Neotropical
Stigmatura budytoides,Invertivore,Neotropical
Stigmatura napensis,Invertivore,Neotropical
Sublegatus arenarum,Invertivore,Neotropical
Sublegatus modestus,Invertivore,Neotropical
Sublegatus obscurior,Invertivore,Neotropical
Suiriri suiriri,Invertivore,Neotropical
Tachuris rubrigastra,Invertivore,Neotropical
Taeniotriccus andrei,Invertivore,Neotropical
Todirostrum chrysocrotaphum,Invertivore,Neotropical
Todirostrum cinereum,Invertivore,Neotropical
Todirostrum maculatum,Invertivore,Neotropical
Todirostrum nigriceps,Invertivore,Neotropical
Todirostrum pictum,Invertivore,Neotropical
Todirostrum poliocephalum,Invertivore,Neotropical
Todirostrum viridanum,Invertivore,Neotropical
Tolmomyias assimilis,Invertivore,Neotropical
Tolmomyias flaviventris,Invertivore,Neotropical
Tolmomyias flavotectus,Invertivore,Neotropical
Tolmomyias poliocephalus,Invertivore,Neotropical
Tolmomyias sulphurescens,Invertivore,Neotropical
Tolmomyias traylori,Invertivore,Neotropical
Tolmomyias viridiceps,Invertivore,Neotropical
Tyrannopsis sulphurea,Invertivore,Neotropical
Tyrannulus elatus,Invertivore,Neotropical
Tyrannus albogularis,Invertivore,Neotropical
Tyrannus caudifasciatus,Invertivore,Neotropical
Tyrannus couchii,Invertivore,Neotropical
Tyrannus crassirostris,Invertivore,Nearctic
Tyrannus cubensis,Invertivore,Neotropical
Tyrannus dominicensis,Omnivore,Neotropical
Tyrannus forficatus,Invertivore,Nearctic
Tyrannus melancholicus,Invertivore,Neotropical
Tyrannus niveigularis,Invertivore,Neotropical
Tyrannus savana,Invertivore,Neotropical
Tyrannus tyrannus,Invertivore,Nearctic
Tyrannus verticalis,Invertivore,Nearctic
Tyrannus vociferans,Invertivore,Nearctic
Uromyias agilis,Invertivore,Neotropical
Uromyias agraphia,Invertivore,Neotropical
Xenotriccus callizonus,Invertivore,Neotropical
Xenotriccus mexicanus,Invertivore,Neotropical
Xolmis cinereus,Invertivore,Neotropical
Xolmis coronatus,Invertivore,Neotropical
Xolmis dominicanus,Invertivore,Neotropical
Xolmis irupero,Invertivore,Neotropical
Xolmis pyrope,Invertivore,Neotropical
Xolmis rubetra,Invertivore,Neotropical
Xolmis salinarum,Invertivore,Neotropical
Xolmis velatus,Invertivore,Neotropical
Zimmerius acer,Invertivore,Neotropical
Zimmerius albigularis,Invertivore,Neotropical
Zimmerius bolivianus,Invertivore,Neotropical
Zimmerius chicomendesi,Frugivore,Neotropical
Zimmerius chrysops,Invertivore,Neotropical
Zimmerius cinereicapilla,Invertivore,Neotropical
Zimmerius gracilipes,Invertivore,Neotropical
Zimmerius improbus,Invertivore,Neotropical
Zimmerius parvus,Invertivore,Neotropical
Zimmerius petersi,Invertivore,Neotropical
Zimmerius vilissimus,Invertivore,Neotropical
Zimmerius villarejoi,Frugivore,Neotropical
Zimmerius viridiflavus,Invertivore,Neotropical
Urocynchramus pylzowi,Granivore,Sino-Japanese
Artamella viridis,Invertivore,Madagascan
Bias musicus,Invertivore,Afrotropical
Calicalicus madagascariensis,Invertivore,Madagascan
Calicalicus rufocarpalis,Invertivore,Madagascan
Cyanolanius comorensis,Invertivore,Madagascan
Cyanolanius madagascarinus,Invertivore,Madagascan
Euryceros prevostii,Invertivore,Madagascan
Falculea palliata,Invertivore,Madagascan
Hemipus hirundinaceus,Invertivore,Oriental
Hemipus picatus,Invertivore,Oriental
Hypositta corallirostris,Invertivore,Madagascan
Leptopterus chabert,Invertivore,Madagascan
Megabyas flammulatus,Invertivore,Afrotropical
Mystacornis crossleyi,Invertivore,Madagascan
Newtonia amphichroa,Invertivore,Madagascan
Newtonia archboldi,Invertivore,Madagascan
Newtonia brunneicauda,Invertivore,Madagascan
Newtonia fanovanae,Invertivore,Madagascan
Oriolia bernieri,Invertivore,Madagascan
Philentoma pyrhoptera,Invertivore,Oriental
Philentoma velata,Invertivore,Oriental
Prionops alberti,Invertivore,Afrotropical
Prionops caniceps,Invertivore,Afrotropical
Prionops gabela,Invertivore,Afrotropical
Prionops plumatus,Invertivore,Afrotropical
Prionops poliolophus,Invertivore,Afrotropical
Prionops retzii,Invertivore,Afrotropical
Prionops rufiventris,Invertivore,Afrotropical
Prionops scopifrons,Invertivore,Afrotropical
Pseudobias wardi,Invertivore,Madagascan
Schetba rufa,Invertivore,Madagascan
Tephrodornis affinis,Invertivore,Oriental
Tephrodornis pondicerianus,Invertivore,Oriental
Tephrodornis sylvicola,Invertivore,Oriental
Tephrodornis virgatus,Invertivore,Oriental
Tylas eduardi,Invertivore,Madagascan
Vanga curvirostris,Invertivore,Madagascan
Xenopirostris damii,Invertivore,Madagascan
Xenopirostris polleni,Invertivore,Madagascan
Xenopirostris xenopirostris,Invertivore,Madagascan
Anomalospiza imberbis,Granivore,Afrotropical
Vidua camerunensis,Granivore,Afrotropical
Vidua chalybeata,Granivore,Afrotropical
Vidua codringtoni,Granivore,Afrotropical
Vidua fischeri,Granivore,Afrotropical
Vidua funerea,Granivore,Afrotropical
Vidua hypocherina,Granivore,Afrotropical
Vidua interjecta,Granivore,Afrotropical
Vidua larvaticola,Granivore,Afrotropical
Vidua macroura,Granivore,Afrotropical
Vidua maryae,Granivore,Afrotropical
Vidua nigeriae,Granivore,Afrotropical
Vidua obtusa,Granivore,Afrotropical
Vidua orientalis,Granivore,Afrotropical
Vidua paradisaea,Granivore,Afrotropical
Vidua purpurascens,Granivore,Afrotropical
Vidua raricola,Granivore,Afrotropical
Vidua regia,Granivore,Afrotropical
Vidua togoensis,Granivore,Afrotropical
Vidua wilsoni,Granivore,Afrotropical
Cyclarhis gujanensis,Invertivore,Neotropical
Cyclarhis nigrirostris,Invertivore,Neotropical
Erpornis zantholeuca,Invertivore,Oriental
Hylophilus amaurocephalus,Invertivore,Neotropical
Hylophilus brunneiceps,Invertivore,Neotropical
Hylophilus flavipes,Invertivore,Neotropical
Hylophilus griseiventris,Invertivore,Neotropical
Hylophilus insularis,Invertivore,Neotropical
Hylophilus olivaceus,Invertivore,Neotropical
Hylophilus pectoralis,Invertivore,Neotropical
Hylophilus poicilotis,Invertivore,Neotropical
Hylophilus semicinereus,Invertivore,Neotropical
Hylophilus thoracicus,Invertivore,Neotropical
Hylophilus viridiflavus,Invertivore,Neotropical
Pachysylvia aurantiifrons,Invertivore,Neotropical
Pachysylvia decurtata,Invertivore,Neotropical
Pachysylvia hypochrysea,Invertivore,Nearctic
Pachysylvia hypoxantha,Invertivore,Neotropical
Pachysylvia muscicapina,Invertivore,Neotropical
Pachysylvia semibrunnea,Invertivore,Neotropical
Pteruthius aenobarbus,Invertivore,Oriental
Pteruthius aeralatus,Invertivore,Oriental
Pteruthius flaviscapis,Invertivore,Oriental
Pteruthius melanotis,Invertivore,Oriental
Pteruthius rufiventer,Invertivore,Oriental
Pteruthius xanthochlorus,Invertivore,Sino-Japanese
Tunchiornis luteifrons,Invertivore,Neotropical
Tunchiornis ochraceiceps,Invertivore,Neotropical
Vireo altiloquus,Invertivore,Neotropical
Vireo atricapilla,Invertivore,Nearctic
Vireo bairdi,Invertivore,Neotropical
Vireo bellii,Invertivore,Nearctic
Vireo brevipennis,Invertivore,Nearctic
Vireo caribaeus,Invertivore,Neotropical
Vireo carmioli,Invertivore,Neotropical
Vireo cassinii,Invertivore,Nearctic
Vireo chivi,Invertivore,Neotropical
Vireo crassirostris,Invertivore,Neotropical
Vireo flavifrons,Invertivore,Nearctic
Vireo flavoviridis,Invertivore,Neotropical
Vireo gilvus,Invertivore,Nearctic
Vireo gracilirostris,Invertivore,Neotropical
Vireo griseus,Invertivore,Nearctic
Vireo gundlachii,Invertivore,Neotropical
Vireo huttoni,Invertivore,Nearctic
Vireo latimeri,Invertivore,Neotropical
Vireo leucophrys,Invertivore,Neotropical
Vireo magister,Invertivore,Neotropical
Vireo masteri,Invertivore,Neotropical
Vireo modestus,Invertivore,Neotropical
Vireo nanus,Invertivore,Neotropical
Vireo nelsoni,Invertivore,Nearctic
Vireo olivaceus,Invertivore,Nearctic
Vireo osburni,Omnivore,Neotropical
Vireo pallens,Invertivore,Neotropical
Vireo philadelphicus,Invertivore,Nearctic
Vireo plumbeus,Invertivore,Nearctic
Vireo sclateri,Invertivore,Neotropical
Vireo solitarius,Invertivore,Nearctic
Vireo vicinior,Invertivore,Nearctic
Vireolanius eximius,Invertivore,Neotropical
Vireolanius leucotis,Invertivore,Neotropical
Vireolanius melitophrys,Invertivore,Nearctic
Vireolanius mikettae,Invertivore,Neotropical
Vireolanius pulchellus,Invertivore,Neotropical
Zeledonia coronata,Invertivore,Neotropical
Apalopteron familiare,Frugivore,Oceanian
Cleptornis marchei,Frugivore,Oceanian
Dasycrotapha plateni,Invertivore,Oriental
Dasycrotapha pygmaea,Invertivore,Oriental
Dasycrotapha speciosa,Invertivore,Oceanian
Dasycrotapha speciosa,Invertivore,Oceanian
Dasycrotapha speciosa,Invertivore,Oceanian
Dasycrotapha speciosa,Invertivore,Oceanian
Dasycrotapha speciosa,Invertivore,Oceanian
Dasycrotapha speciosa,Invertivore,Oceanian
Dasycrotapha speciosa,Invertivore,Oceanian
Dasycrotapha speciosa,Invertivore,Oceanian
Heleia crassirostris,Omnivore,Oceanian
Heleia crassirostris,Omnivore,Oceanian
Heleia crassirostris,Omnivore,Oceanian
Heleia dohertyi,Frugivore,Oceanian
Heleia goodfellowi,Frugivore,Oriental
Heleia javanica,Frugivore,Oriental
Heleia muelleri,Invertivore,Oriental
Heleia pinaiae,Omnivore,Oceanian
Heleia squamiceps,Omnivore,Oriental
Heleia squamifrons,Omnivore,Oriental
Heleia superciliaris,Frugivore,Oceanian
Heleia wallacei,Omnivore,Oceanian
Megazosterops palauensis,Omnivore,Oceanian
Rukia longirostra,Omnivore,Oceanian
Rukia ruki,Omnivore,Oceanian
Sterrhoptilus capitalis,Invertivore,Oriental
Sterrhoptilus dennistouni,Invertivore,Oriental
Sterrhoptilus nigrocapitatus,Invertivore,Sino-Japanese
Tephrozosterops stalkeri,Omnivore,Oceanian
Yuhina bakeri,Invertivore,Oriental
Yuhina brunneiceps,Omnivore,Oriental
Yuhina castaniceps,Invertivore,Oriental
Yuhina diademata,Invertivore,Sino-Japanese
Yuhina everetti,Invertivore,Oriental
Yuhina flavicollis,Invertivore,Oriental
Yuhina gularis,Invertivore,Oriental
Yuhina humilis,Invertivore,Oriental
Yuhina nigrimenta,Invertivore,Sino-Japanese
Yuhina occipitalis,Invertivore,Oriental
Yuhina torqueola,Invertivore,Sino-Japanese
Zosterops abyssinicus,Invertivore,Afrotropical
Zosterops albogularis,Omnivore,Australian
Zosterops anomalus,Omnivore,Oriental
Zosterops atricapilla,Invertivore,Oriental
Zosterops atriceps,Omnivore,Oceanian
Zosterops atrifrons,Omnivore,Oceanian
Zosterops auriventer,Omnivore,Oriental
Zosterops borbonicus,Invertivore,Oceanian
Zosterops brunneus,Omnivore,Afrotropical
Zosterops buruensis,Omnivore,Oceanian
Zosterops ceylonensis,Omnivore,Oriental
Zosterops chloris,Omnivore,Oceanian
Zosterops chloronothos,Nectarivore,Oceanian
Zosterops chrysolaemus,Invertivore,Oceanian
Zosterops cinereus,Omnivore,Oceanian
Zosterops citrinella,Omnivore,Oceanian
Zosterops consobrinorum,Omnivore,Oriental
Zosterops conspicillatus,Omnivore,Neotropical
Zosterops crookshanki,Invertivore,Oceanian
Zosterops emiliae,Invertivore,Oriental
Zosterops erythropleurus,Invertivore,Palearctic
Zosterops eurycricotus,Invertivore,Afrotropical
Zosterops everetti,Omnivore,Oceanian
Zosterops explorator,Invertivore,Oceanian
Zosterops feae,Invertivore,Afrotropical
Zosterops ficedulinus,Invertivore,Afrotropical
Zosterops finschii,Frugivore,Oceanian
Zosterops flavifrons,Omnivore,Oceanian
Zosterops flavilateralis,Invertivore,Afrotropical
Zosterops flavus,Invertivore,Oriental
Zosterops fuscicapilla,Invertivore,Oceanian
Zosterops gibbsi,Invertivore,Oceanian
Zosterops grayi,Omnivore,Oceanian
Zosterops griseotinctus,Omnivore,Oceanian
Zosterops griseovirescens,Invertivore,Afrotropical
Zosterops griseovirescens,Invertivore,Afrotropical
Zosterops hamlini,Omnivore,Oceanian
Zosterops hypolais,Omnivore,Oceanian
Zosterops hypolais,Omnivore,Oceanian
Zosterops hypolais,Omnivore,Oceanian
Zosterops hypolais,Omnivore,Oceanian
Zosterops hypoxanthus,Omnivore,Oceanian
Zosterops inornatus,Omnivore,Australian
Zosterops japonicus,Omnivore,Sino-Japanese
Zosterops kaffensis,Invertivore,Afrotropical
Zosterops kikuyuensis,Invertivore,Afrotropical
Zosterops kirki,Invertivore,Madagascan
Zosterops kuehni,Omnivore,Oceanian
Zosterops kulalensis,Invertivore,Afrotropical
Zosterops kulambangrae,Omnivore,Oceanian
Zosterops lacertosus,Omnivore,Oceanian
Zosterops lateralis,Omnivore,Australian
Zosterops leucophaeus,Omnivore,Afrotropical
Zosterops lugubris,Frugivore,Afrotropical
Zosterops luteirostris,Omnivore,Oceanian
Zosterops luteus,Invertivore,Australian
Zosterops maderaspatanus,Invertivore,Madagascan
Zosterops mauritianus,Invertivore,Oceanian
Zosterops mayottensis,Omnivore,Madagascan
Zosterops mbuluensis,Invertivore,Afrotropical
Zosterops meeki,Omnivore,Oceanian
Zosterops melanocephalus,Invertivore,Afrotropical
Zosterops melanurus,Omnivore,Oriental
Zosterops metcalfii,Invertivore,Oceanian
Zosterops meyeni,Omnivore,Oriental
Zosterops minor,Invertivore,Oceanian
Zosterops minutus,Invertivore,Australian
Zosterops modestus,Omnivore,Madagascan
Zosterops mouroniensis,Frugivore,Madagascan
Zosterops murphyi,Invertivore,Oceanian
Zosterops mysorensis,Invertivore,Oceanian
Zosterops natalis,Omnivore,Oriental
Zosterops natalis,Omnivore,Oriental
Zosterops natalis,Omnivore,Oriental
Zosterops nehrkorni,Omnivore,Oceanian
Zosterops nigrorum,Invertivore,Sino-Japanese
Zosterops novaeguineae,Omnivore,Oceanian
Zosterops oleagineus,Omnivore,Oceanian
Zosterops oleagineus,Omnivore,Oceanian
Zosterops oleagineus,Omnivore,Oceanian
Zosterops oleagineus,Omnivore,Oceanian
Zosterops olivaceus,Nectarivore,Oceanian
Zosterops pallidus,Omnivore,Afrotropical
Zosterops palpebrosus,Omnivore,Oriental
Zosterops poliogastrus,Invertivore,Afrotropical
Zosterops ponapensis,Omnivore,Oceanian
Zosterops rendovae,Omnivore,Oceanian
Zosterops rennellianus,Invertivore,Oceanian
Zosterops rennellianus,Invertivore,Oceanian
Zosterops rotensis,Invertivore,Oceanian
Zosterops samoensis,Omnivore,Oceanian
Zosterops sanctaecrucis,Omnivore,Oceanian
Zosterops saypani,Omnivore,Oceanian
Zosterops semperi,Invertivore,Oceanian
Zosterops senegalensis,Invertivore,Afrotropical
Zosterops silvanus,Invertivore,Afrotropical
Zosterops simplex,Omnivore,Oriental
Zosterops somadikartai,Omnivore,Oriental
Zosterops splendidus,Omnivore,Oceanian
Zosterops stalkeri,Omnivore,Oceanian
Zosterops stresemanni,Omnivore,Oceanian
Zosterops superciliosus,Invertivore,Oceanian
Zosterops superciliosus,Invertivore,Oceanian
Zosterops superciliosus,Invertivore,Oceanian
Zosterops superciliosus,Invertivore,Oceanian
Zosterops tenuirostris,Invertivore,Australian
Zosterops uropygialis,Omnivore,Oceanian
Zosterops vaughani,Frugivore,Afrotropical
Zosterops vellalavella,Omnivore,Oceanian
Zosterops virens,Omnivore,Afrotropical
Zosterops winifredae,Invertivore,Afrotropical
Zosterops xanthochroa,Invertivore,Oceanian
Zosterornis hypogrammicus,Invertivore,Oriental
Zosterornis latistriatus,Invertivore,Oriental
Zosterornis nigrorum,Invertivore,Oriental
Zosterornis striatus,Invertivore,Oriental
Zosterornis whiteheadi,Invertivore,Oriental
Agamia agami,Aquatic predator,Neotropical
Ardea alba,Aquatic predator,Afrotropical
Ardea brachyrhyncha,Aquatic predator,Afrotropical
Ardea cinerea,Aquatic predator,Saharo-Arabian
Ardea cocoi,Aquatic predator,Neotropical
Ardea goliath,Aquatic predator,Afrotropical
Ardea herodias,Aquatic predator,Nearctic
Ardea humbloti,Aquatic predator,Madagascan
Ardea insignis,Aquatic predator,Oriental
Ardea intermedia,Aquatic predator,Oriental
Ardea melanocephala,Omnivore,Afrotropical
Ardea occidentalis,Aquatic predator,NA
Ardea pacifica,Omnivore,Australian
Ardea plumifera,Aquatic predator,Australian
Ardea purpurea,Aquatic predator,Saharo-Arabian
Ardea sumatrana,Aquatic predator,Oceanian
Ardeola bacchus,Aquatic predator,Sino-Japanese
Ardeola grayii,Aquatic predator,Oriental
Ardeola idae,Aquatic predator,Madagascan
Ardeola ralloides,Aquatic predator,Afrotropical
Ardeola rufiventris,Aquatic predator,Afrotropical
Ardeola speciosa,Aquatic predator,Oriental
Botaurus lentiginosus,Aquatic predator,Nearctic
Botaurus pinnatus,Aquatic predator,Neotropical
Botaurus poiciloptilus,Omnivore,Australian
Botaurus stellaris,Aquatic predator,Palearctic
Bubulcus ibis,Omnivore,Afrotropical
Butorides striata,Aquatic predator,Afrotropical
Calherodius leuconotus,Aquatic predator,Afrotropical
Cochlearius cochlearius,Aquatic predator,Neotropical
Egretta ardesiaca,Aquatic predator,Afrotropical
Egretta caerulea,Aquatic predator,Neotropical
Egretta eulophotes,Aquatic predator,Sino-Japanese
Egretta garzetta,Aquatic predator,Oriental
Egretta gularis,Aquatic predator,Afrotropical
Egretta novaehollandiae,Aquatic predator,Australian
Egretta picata,Aquatic predator,Australian
Egretta rufescens,Aquatic predator,Neotropical
Egretta sacra,Aquatic predator,Oceanian
Egretta thula,Aquatic predator,Neotropical
Egretta tricolor,Aquatic predator,Neotropical
Egretta vinaceigula,Aquatic predator,Afrotropical
Gorsachius goisagi,Aquatic predator,Sino-Japanese
Gorsachius melanolophus,Omnivore,Oriental
Ixobrychus cinnamomeus,Aquatic predator,Oriental
Ixobrychus dubius,Aquatic predator,Australian
Ixobrychus eurhythmus,Aquatic predator,Palearctic
Ixobrychus exilis,Aquatic predator,Neotropical
Ixobrychus flavicollis,Aquatic predator,Oriental
Ixobrychus involucris,Aquatic predator,Neotropical
Ixobrychus minutus,Aquatic predator,Saharo-Arabian
Ixobrychus sinensis,Aquatic predator,Oriental
Ixobrychus sturmii,Aquatic predator,Afrotropical
Nyctanassa violacea,Aquatic predator,Neotropical
Nycticorax caledonicus,Aquatic predator,Australian
Nycticorax nycticorax,Aquatic predator,Afrotropical
Oroanassa magnifica,Aquatic predator,Sino-Japanese
Pilherodius pileatus,Aquatic predator,Neotropical
Syrigma sibilatrix,Omnivore,Neotropical
Tigriornis leucolopha,Aquatic predator,Afrotropical
Tigrisoma fasciatum,Aquatic predator,Neotropical
Tigrisoma lineatum,Aquatic predator,Neotropical
Tigrisoma mexicanum,Aquatic predator,Neotropical
Zebrilus undulatus,Aquatic predator,Neotropical
Zonerodius heliosylus,Aquatic predator,Oceanian
Balaeniceps rex,Aquatic predator,Afrotropical
Pelecanus conspicillatus,Aquatic predator,Australian
Pelecanus crispus,Aquatic predator,Palearctic
Pelecanus erythrorhynchos,Aquatic predator,Nearctic
Pelecanus occidentalis,Aquatic predator,Neotropical
Pelecanus onocrotalus,Aquatic predator,Saharo-Arabian
Pelecanus philippensis,Aquatic predator,Oriental
Pelecanus rufescens,Aquatic predator,Afrotropical
Pelecanus thagus,Aquatic predator,Neotropical
Scopus umbretta,Omnivore,Afrotropical
Bostrychia bocagei,Invertivore,Afrotropical
Bostrychia carunculata,Invertivore,Afrotropical
Bostrychia hagedash,Invertivore,Afrotropical
Bostrychia olivacea,Omnivore,Afrotropical
Bostrychia rara,Aquatic predator,Afrotropical
Cercibis oxycerca,Aquatic predator,Neotropical
Eudocimus albus,Aquatic predator,Neotropical
Eudocimus ruber,Aquatic predator,Neotropical
Geronticus calvus,Invertivore,Afrotropical
Geronticus eremita,Invertivore,Saharo-Arabian
Lophotibis cristata,Invertivore,Madagascan
Mesembrinibis cayennensis,Aquatic predator,Neotropical
Nipponia nippon,Aquatic predator,Sino-Japanese
Phimosus infuscatus,Aquatic predator,Neotropical
Platalea ajaja,Aquatic predator,Neotropical
Platalea alba,Aquatic predator,Afrotropical
Platalea flavipes,Aquatic predator,Australian
Platalea leucorodia,Aquatic predator,Palearctic
Platalea minor,Aquatic predator,Sino-Japanese
Platalea regia,Aquatic predator,Australian
Plegadis chihi,Aquatic predator,Neotropical
Plegadis falcinellus,Aquatic predator,Madagascan
Plegadis ridgwayi,Aquatic predator,Neotropical
Pseudibis davisoni,Aquatic predator,Oriental
Pseudibis papillosa,Omnivore,Oriental
Thaumatibis gigantea,Aquatic predator,Oriental
Theristicus branickii,Omnivore,Neotropical
Theristicus caerulescens,Invertivore,Neotropical
Theristicus caudatus,Omnivore,Neotropical
Theristicus melanopis,Omnivore,Neotropical
Threskiornis aethiopicus,Aquatic predator,Afrotropical
Threskiornis bernieri,Aquatic predator,Madagascan
Threskiornis melanocephalus,Aquatic predator,Oriental
Threskiornis moluccus,Aquatic predator,Australian
Threskiornis spinicollis,Omnivore,Australian
Phaethon aethereus,Aquatic predator,Afrotropical
Phaethon lepturus,Aquatic predator,Madagascan
Phaethon rubricauda,Aquatic predator,Australian
Phoeniconaias minor,Herbivore aquatic,Afrotropical
Phoenicoparrus andinus,Herbivore aquatic,Neotropical
Phoenicoparrus jamesi,Herbivore aquatic,Neotropical
Phoenicopterus chilensis,Aquatic predator,Neotropical
Phoenicopterus roseus,Aquatic predator,Afrotropical
Phoenicopterus ruber,Aquatic predator,Neotropical
Bucco capensis,Invertivore,Neotropical
Chelidoptera tenebrosa,Invertivore,Neotropical
Cyphos macrodactylus,Invertivore,Neotropical
Hapaloptila castanea,Invertivore,Neotropical
Hypnelus bicinctus,Invertivore,Neotropical
Hypnelus ruficollis,Invertivore,Neotropical
Malacoptila fulvogularis,Invertivore,Neotropical
Malacoptila fusca,Invertivore,Neotropical
Malacoptila minor,Invertivore,Neotropical
Malacoptila mystacalis,Invertivore,Neotropical
Malacoptila panamensis,Invertivore,Neotropical
Malacoptila rufa,Invertivore,Neotropical
Malacoptila semicincta,Invertivore,Neotropical
Malacoptila striata,Invertivore,Neotropical
Micromonacha lanceolata,Invertivore,Neotropical
Monasa atra,Invertivore,Neotropical
Monasa flavirostris,Invertivore,Neotropical
Monasa morphoeus,Invertivore,Neotropical
Monasa nigrifrons,Invertivore,Neotropical
Nonnula amaurocephala,Invertivore,Neotropical
Nonnula brunnea,Invertivore,Neotropical
Nonnula frontalis,Invertivore,Neotropical
Nonnula rubecula,Invertivore,Neotropical
Nonnula ruficapilla,Invertivore,Neotropical
Nonnula sclateri,Invertivore,Neotropical
Notharchus hyperrhynchus,Invertivore,Neotropical
Notharchus macrorhynchos,Invertivore,Neotropical
Notharchus ordii,Invertivore,Neotropical
Notharchus pectoralis,Invertivore,Neotropical
Notharchus subtectus,Invertivore,Neotropical
Notharchus swainsoni,Invertivore,Neotropical
Notharchus tectus,Invertivore,Neotropical
Nystactes noanamae,Invertivore,Neotropical
Nystactes tamatia,Invertivore,Neotropical
Nystalus chacuru,Invertivore,Neotropical
Nystalus maculatus,Invertivore,Neotropical
Nystalus radiatus,Invertivore,Neotropical
Nystalus striolatus,Invertivore,Neotropical
Capito auratus,Frugivore,Neotropical
Capito aurovirens,Frugivore,Neotropical
Capito brunneipectus,Frugivore,Neotropical
Capito dayi,Frugivore,Neotropical
Capito fitzpatricki,Frugivore,Neotropical
Capito hypoleucus,Frugivore,Neotropical
Capito maculicoronatus,Frugivore,Neotropical
Capito niger,Frugivore,Neotropical
Capito quinticolor,Frugivore,Neotropical
Capito squamatus,Frugivore,Neotropical
Capito wallacei,Frugivore,Neotropical
Eubucco aurantiicollis,Frugivore,Neotropical
Eubucco bourcierii,Frugivore,Neotropical
Eubucco glaucogularis,Frugivore,Neotropical
Eubucco richardsoni,Frugivore,Neotropical
Eubucco steerii,Frugivore,Neotropical
Eubucco tucinkae,Frugivore,Neotropical
Eubucco versicolor,Frugivore,Neotropical
Brachygalba albogularis,Invertivore,Neotropical
Brachygalba goeringi,Invertivore,Neotropical
Brachygalba lugubris,Invertivore,Neotropical
Brachygalba salmoni,Invertivore,Neotropical
Galbalcyrhynchus leucotis,Invertivore,Neotropical
Galbalcyrhynchus purusianus,Invertivore,Neotropical
Galbula albirostris,Invertivore,Neotropical
Galbula chalcocephala,Invertivore,Neotropical
Galbula chalcothorax,Invertivore,Neotropical
Galbula cyanescens,Invertivore,Neotropical
Galbula cyanicollis,Invertivore,Neotropical
Galbula dea,Invertivore,Neotropical
Galbula galbula,Invertivore,Neotropical
Galbula leucogastra,Invertivore,Neotropical
Galbula pastazae,Invertivore,Neotropical
Galbula ruficauda,Invertivore,Neotropical
Galbula tombacea,Invertivore,Neotropical
Jacamaralcyon tridactyla,Invertivore,Neotropical
Jacamerops aureus,Invertivore,Neotropical
Indicator archipelagicus,Invertivore,Oriental
Indicator exilis,Invertivore,Afrotropical
Indicator indicator,Invertivore,Afrotropical
Indicator maculatus,Invertivore,Afrotropical
Indicator meliphilus,Invertivore,Afrotropical
Indicator minor,Invertivore,Afrotropical
Indicator pumilio,Invertivore,Afrotropical
Indicator variegatus,Invertivore,Afrotropical
Indicator willcocksi,Invertivore,Afrotropical
Indicator xanthonotus,Invertivore,Sino-Japanese
Melichneutes robustus,Invertivore,Afrotropical
Melignomon eisentrauti,Omnivore,Afrotropical
Melignomon zenkeri,Invertivore,Afrotropical
Prodotiscus insignis,Invertivore,Afrotropical
Prodotiscus regulus,Invertivore,Afrotropical
Prodotiscus zambesiae,Invertivore,Afrotropical
Buccanodon dowsetti,Frugivore,NA
Buccanodon duchaillui,Frugivore,Afrotropical
Cryptolybia olivacea,Frugivore,Afrotropical
Gymnobucco bonapartei,Frugivore,Afrotropical
Gymnobucco calvus,Frugivore,Afrotropical
Gymnobucco cinereiceps,Frugivore,Afrotropical
Gymnobucco peli,Frugivore,Afrotropical
Gymnobucco sladeni,Frugivore,Afrotropical
Gymnobucco vernayi,Frugivore,Afrotropical
Lybius chaplini,Frugivore,Afrotropical
Lybius guifsobalito,Frugivore,Afrotropical
Lybius leucocephalus,Frugivore,Afrotropical
Lybius leucogaster,Frugivore,Afrotropical
Lybius rubrifacies,Frugivore,Afrotropical
Lybius senex,Frugivore,Afrotropical
Lybius torquatus,Frugivore,Afrotropical
Lybius undatus,Frugivore,Afrotropical
Lybius vieilloti,Frugivore,Afrotropical
Pogoniulus atroflavus,Frugivore,Afrotropical
Pogoniulus bilineatus,Frugivore,Afrotropical
Pogoniulus chrysoconus,Frugivore,Afrotropical
Pogoniulus coryphaea,Frugivore,Afrotropical
Pogoniulus leucomystax,Frugivore,Afrotropical
Pogoniulus makawai,Frugivore,Afrotropical
Pogoniulus pusillus,Frugivore,Afrotropical
Pogoniulus scolopaceus,Frugivore,Afrotropical
Pogoniulus simplex,Frugivore,Afrotropical
Pogoniulus subsulphureus,Frugivore,Afrotropical
Pogonornis bidentatus,Frugivore,Afrotropical
Pogonornis dubius,Frugivore,Afrotropical
Pogonornis macclounii,Frugivore,Afrotropical
Pogonornis melanopterus,Omnivore,Afrotropical
Pogonornis minor,Frugivore,Afrotropical
Pogonornis rolleti,Frugivore,Afrotropical
Stactolaema anchietae,Frugivore,Afrotropical
Stactolaema leucogrammica,Frugivore,Afrotropical
Stactolaema leucotis,Frugivore,Afrotropical
Stactolaema whytii,Frugivore,Afrotropical
Trachylaemus goffinii,Invertivore,Afrotropical
Trachylaemus purpuratus,Invertivore,Afrotropical
Trachylaemus togoensis,Invertivore,Afrotropical
Trachyphonus darnaudii,Omnivore,Afrotropical
Trachyphonus emini,Omnivore,Afrotropical
Trachyphonus erythrocephalus,Omnivore,Afrotropical
Trachyphonus margaritatus,Omnivore,Afrotropical
Trachyphonus usambiro,Omnivore,Afrotropical
Trachyphonus vaillantii,Omnivore,Afrotropical
Tricholaema diademata,Frugivore,Afrotropical
Tricholaema frontata,Frugivore,Afrotropical
Tricholaema hirsuta,Frugivore,Afrotropical
Tricholaema lacrymosa,Frugivore,Afrotropical
Tricholaema leucomelas,Omnivore,Afrotropical
Tricholaema melanocephala,Invertivore,Afrotropical
Caloramphus fuliginosus,Frugivore,Oriental
Caloramphus hayii,Frugivore,Oriental
Psilopogon annamensis,Frugivore,Oriental
Psilopogon armillaris,Frugivore,Oriental
Psilopogon asiaticus,Frugivore,Oriental
Psilopogon auricularis,Frugivore,Oriental
Psilopogon australis,Frugivore,Oriental
Psilopogon chersonesus,Frugivore,Oriental
Psilopogon chrysopogon,Frugivore,Oriental
Psilopogon corvinus,Frugivore,Oriental
Psilopogon cyanotis,Frugivore,Oriental
Psilopogon duvaucelii,Frugivore,Oriental
Psilopogon eximius,Frugivore,Oriental
Psilopogon faber,Frugivore,Sino-Japanese
Psilopogon faiostrictus,Frugivore,Oriental
Psilopogon flavifrons,Frugivore,Oriental
Psilopogon franklinii,Frugivore,Oriental
Psilopogon haemacephalus,Frugivore,Oriental
Psilopogon henricii,Frugivore,Oriental
Psilopogon incognitus,Frugivore,Oriental
Psilopogon javensis,Frugivore,Oriental
Psilopogon lagrandieri,Frugivore,Oriental
Psilopogon lineatus,Frugivore,Oriental
Psilopogon malabaricus,Frugivore,Oriental
Psilopogon monticola,Frugivore,Oriental
Psilopogon mystacophanos,Frugivore,Oriental
Psilopogon nuchalis,Frugivore,Oriental
Psilopogon oorti,Frugivore,Oriental
Psilopogon pulcherrimus,Frugivore,Oriental
Psilopogon pyrolophus,Frugivore,Oriental
Psilopogon rafflesii,Frugivore,Oriental
Psilopogon rubricapillus,Frugivore,Oriental
Psilopogon virens,Frugivore,Oriental
Psilopogon viridis,Frugivore,Oriental
Psilopogon zeylanicus,Frugivore,Oriental
Blythipicus pyrrhotis,Invertivore,Oriental
Blythipicus rubiginosus,Invertivore,Oriental
Campephilus gayaquilensis,Invertivore,Neotropical
Campephilus guatemalensis,Invertivore,Neotropical
Campephilus haematogaster,Invertivore,Neotropical
Campephilus imperialis,Invertivore,NA
Campephilus leucopogon,Invertivore,Neotropical
Campephilus magellanicus,Invertivore,Neotropical
Campephilus melanoleucos,Invertivore,Neotropical
Campephilus pollens,Invertivore,Neotropical
Campephilus principalis,Invertivore,NA
Campephilus robustus,Invertivore,Neotropical
Campephilus rubricollis,Invertivore,Neotropical
Campephilus splendens,Invertivore,Neotropical
Campethera abingoni,Invertivore,Afrotropical
Campethera bennettii,Invertivore,Afrotropical
Campethera cailliautii,Invertivore,Afrotropical
Campethera caroli,Invertivore,Afrotropical
Campethera maculosa,Invertivore,Afrotropical
Campethera mombassica,Invertivore,Afrotropical
Campethera nivosa,Invertivore,Afrotropical
Campethera notata,Invertivore,Afrotropical
Campethera nubica,Invertivore,Afrotropical
Campethera punctuligera,Invertivore,Afrotropical
Campethera scriptoricauda,Invertivore,Afrotropical
Campethera taeniolaema,Invertivore,Afrotropical
Campethera tullbergi,Invertivore,Afrotropical
Celeus castaneus,Invertivore,Neotropical
Celeus elegans,Invertivore,Neotropical
Celeus flavescens,Invertivore,Neotropical
Celeus flavus,Invertivore,Neotropical
Celeus galeatus,Invertivore,Neotropical
Celeus loricatus,Invertivore,Neotropical
Celeus lugubris,Invertivore,Neotropical
Celeus obrieni,Invertivore,Neotropical
Celeus occidentalis,Invertivore,Neotropical
Celeus ochraceus,Invertivore,Neotropical
Celeus spectabilis,Invertivore,Neotropical
Celeus tinnunculus,Invertivore,Neotropical
Celeus torquatus,Invertivore,Neotropical
Celeus undatus,Invertivore,Neotropical
Chrysocolaptes erythrocephalus,Invertivore,Oriental
Chrysocolaptes festivus,Invertivore,Oriental
Chrysocolaptes guttacristatus,Invertivore,Oriental
Chrysocolaptes haematribon,Invertivore,Oriental
Chrysocolaptes lucidus,Invertivore,Oriental
Chrysocolaptes stricklandi,Invertivore,Oriental
Chrysocolaptes strictus,Invertivore,Oriental
Chrysocolaptes validus,Invertivore,Oriental
Chrysocolaptes xanthocephalus,Invertivore,Oceanian
Chrysocolaptes xanthocephalus,Invertivore,Oceanian
Chrysocolaptes xanthocephalus,Invertivore,Oceanian
Chrysophlegma flavinucha,Invertivore,Oriental
Chrysophlegma humii,Invertivore,Oriental
Chrysophlegma mentale,Invertivore,Oriental
Chrysophlegma miniaceum,Invertivore,Oriental
Colaptes aeruginosus,Invertivore,Nearctic
Colaptes atriceps,Invertivore,Neotropical
Colaptes atricollis,Invertivore,Neotropical
Colaptes auratus,Invertivore,Nearctic
Colaptes auricularis,Omnivore,Nearctic
Colaptes cafer,Invertivore,Nearctic
Colaptes campestris,Invertivore,Neotropical
Colaptes campestroides,Invertivore,Neotropical
Colaptes chrysoides,Invertivore,Nearctic
Colaptes cinereicapillus,Invertivore,Neotropical
Colaptes fernandinae,Invertivore,Neotropical
Colaptes melanochloros,Invertivore,Neotropical
Colaptes melanolaimus,Invertivore,Neotropical
Colaptes mexicanoides,Invertivore,Neotropical
Colaptes pitius,Invertivore,Neotropical
Colaptes punctigula,Invertivore,Neotropical
Colaptes rivolii,Invertivore,Neotropical
Colaptes rubiginosus,Invertivore,Neotropical
Colaptes rupicola,Invertivore,Neotropical
Dendrocopos analis,Invertivore,Oriental
Dendrocopos assimilis,Invertivore,Saharo-Arabian
Dendrocopos atratus,Invertivore,Oriental
Dendrocopos darjellensis,Invertivore,Sino-Japanese
Dendrocopos himalayensis,Invertivore,Saharo-Arabian
Dendrocopos hyperythrus,Invertivore,Sino-Japanese
Dendrocopos leucopterus,Invertivore,Palearctic
Dendrocopos leucotos,Invertivore,Palearctic
Dendrocopos macei,Invertivore,Oriental
Dendrocopos major,Omnivore,Palearctic
Dendrocopos noguchii,Invertivore,Oriental
Dendrocopos owstoni,Invertivore,Oriental
Dendrocopos syriacus,Invertivore,Saharo-Arabian
Dendropicos abyssinicus,Invertivore,Afrotropical
Dendropicos dorae,Invertivore,Saharo-Arabian
Dendropicos elachus,Invertivore,Afrotropical
Dendropicos elliotii,Invertivore,Afrotropical
Dendropicos fuscescens,Invertivore,Afrotropical
Dendropicos gabonensis,Invertivore,Afrotropical
Dendropicos goertae,Invertivore,Afrotropical
Dendropicos griseocephalus,Invertivore,Afrotropical
Dendropicos johnstoni,Invertivore,Afrotropical
Dendropicos lugubris,Invertivore,Afrotropical
Dendropicos namaquus,Invertivore,Afrotropical
Dendropicos obsoletus,Invertivore,Afrotropical
Dendropicos poecilolaemus,Invertivore,Afrotropical
Dendropicos pyrrhogaster,Invertivore,Afrotropical
Dendropicos spodocephalus,Invertivore,Afrotropical
Dendropicos stierlingi,Invertivore,Afrotropical
Dendropicos xantholophus,Invertivore,Afrotropical
Dinopium benghalense,Invertivore,Oriental
Dinopium everetti,Invertivore,Oriental
Dinopium javanense,Invertivore,Oriental
Dinopium psarodes,Invertivore,Oriental
Dinopium rafflesii,Invertivore,Oriental
Dinopium shorii,Invertivore,Oriental
Dryobates cathpharius,Invertivore,Oriental
Dryobates minor,Invertivore,Palearctic
Dryobates nuttallii,Invertivore,Nearctic
Dryobates pernyii,Invertivore,Oriental
Dryobates pubescens,Invertivore,Nearctic
Dryobates scalaris,Invertivore,Nearctic
Dryocopus hodgei,Invertivore,Oriental
Dryocopus hodgei,Invertivore,Oriental
Dryocopus javensis,Invertivore,Oriental
Dryocopus martius,Invertivore,Palearctic
Gecinulus grantia,Invertivore,Oriental
Gecinulus viridis,Invertivore,Oriental
Geocolaptes olivaceus,Invertivore,Afrotropical
Hemicircus canente,Invertivore,Oriental
Hemicircus concretus,Invertivore,Oriental
Hemicircus sordidus,Invertivore,Oriental
Hylatomus fuscipennis,Invertivore,Neotropical
Hylatomus lineatus,Invertivore,Neotropical
Hylatomus pileatus,Invertivore,Nearctic
Hylatomus schulzii,Invertivore,Neotropical
Jynx ruficollis,Invertivore,Afrotropical
Jynx torquilla,Invertivore,Palearctic
Leiopicus auriceps,Invertivore,Oriental
Leiopicus mahrattensis,Invertivore,Oriental
Leiopicus medius,Invertivore,Palearctic
Leuconotopicus albolarvatus,Invertivore,Nearctic
Leuconotopicus arizonae,Invertivore,Nearctic
Leuconotopicus borealis,Invertivore,Nearctic
Leuconotopicus fumigatus,Invertivore,Neotropical
Leuconotopicus stricklandi,Invertivore,Nearctic
Leuconotopicus villosus,Invertivore,Nearctic
Meiglyptes grammithorax,Invertivore,Oriental
Meiglyptes jugularis,Invertivore,Oriental
Meiglyptes tristis,Invertivore,Oriental
Meiglyptes tukki,Invertivore,Oriental
Melanerpes aurifrons,Omnivore,Neotropical
Melanerpes cactorum,Invertivore,Neotropical
Melanerpes candidus,Frugivore,Neotropical
Melanerpes carolinus,Omnivore,Nearctic
Melanerpes chrysauchen,Invertivore,Neotropical
Melanerpes chrysogenys,Invertivore,Nearctic
Melanerpes cruentatus,Invertivore,Neotropical
Melanerpes erythrocephalus,Invertivore,Nearctic
Melanerpes flavifrons,Omnivore,Neotropical
Melanerpes formicivorus,Granivore,Nearctic
Melanerpes herminieri,Invertivore,Neotropical
Melanerpes hoffmannii,Invertivore,Neotropical
Melanerpes hypopolius,Frugivore,Neotropical
Melanerpes lewis,Invertivore,Nearctic
Melanerpes portoricensis,Invertivore,Neotropical
Melanerpes pucherani,Invertivore,Neotropical
Melanerpes pulcher,Invertivore,Neotropical
Melanerpes pygmaeus,Invertivore,Neotropical
Melanerpes radiolatus,Omnivore,Neotropical
Melanerpes rubricapillus,Invertivore,Neotropical
Melanerpes striatus,Invertivore,Neotropical
Melanerpes superciliaris,Invertivore,Neotropical
Melanerpes uropygialis,Omnivore,Nearctic
Micropternus brachyurus,Invertivore,Oriental
Mulleripicus fuliginosus,Invertivore,Oriental
Mulleripicus fulvus,Invertivore,Oriental
Mulleripicus funebris,Invertivore,Oriental
Mulleripicus pulverulentus,Invertivore,Oriental
Nesoctites micromegas,Invertivore,Neotropical
Picoides arcticus,Invertivore,Nearctic
Picoides canicapillus,Invertivore,Sino-Japanese
Picoides funebris,Invertivore,Sino-Japanese
Picoides kizuki,Invertivore,Palearctic
Picoides maculatus,Invertivore,Oceanian
Picoides maculatus,Invertivore,Oceanian
Picoides moluccensis,Invertivore,Oriental
Picoides nanus,Invertivore,Oriental
Picoides ramsayi,Invertivore,Oceanian
Picoides temminckii,Invertivore,Oriental
Picoides tridactylus,Invertivore,Saharo-Arabian
Piculus aurulentus,Invertivore,Neotropical
Piculus callopterus,Invertivore,Neotropical
Piculus chrysochloros,Invertivore,Neotropical
Piculus flavigula,Invertivore,Neotropical
Piculus leucolaemus,Invertivore,Neotropical
Piculus litae,Invertivore,Neotropical
Piculus simplex,Invertivore,Neotropical
Picumnus albosquamatus,Invertivore,Neotropical
Picumnus aurifrons,Invertivore,Neotropical
Picumnus castelnau,Invertivore,Neotropical
Picumnus cinnamomeus,Invertivore,Neotropical
Picumnus cirratus,Invertivore,Neotropical
Picumnus dorbignyanus,Invertivore,Neotropical
Picumnus exilis,Invertivore,Neotropical
Picumnus fulvescens,Invertivore,Neotropical
Picumnus fuscus,Invertivore,Neotropical
Picumnus granadensis,Invertivore,Neotropical
Picumnus innominatus,Invertivore,Oriental
Picumnus lafresnayi,Invertivore,Neotropical
Picumnus limae,Invertivore,Neotropical
Picumnus minutissimus,Invertivore,Neotropical
Picumnus nebulosus,Invertivore,Neotropical
Picumnus nigropunctatus,Invertivore,Neotropical
Picumnus olivaceus,Invertivore,Neotropical
Picumnus pumilus,Invertivore,Neotropical
Picumnus pygmaeus,Invertivore,Neotropical
Picumnus rufiventris,Invertivore,Neotropical
Picumnus sclateri,Invertivore,Neotropical
Picumnus spilogaster,Invertivore,Neotropical
Picumnus squamulatus,Invertivore,Neotropical
Picumnus steindachneri,Invertivore,Neotropical
Picumnus subtilis,Invertivore,Neotropical
Picumnus temminckii,Invertivore,Neotropical
Picumnus varzeae,Invertivore,Neotropical
Picus awokera,Invertivore,Sino-Japanese
Picus canus,Invertivore,Palearctic
Picus chlorolophus,Invertivore,Oriental
Picus dedemi,Invertivore,Oriental
Picus erythropygius,Invertivore,Oriental
Picus guerini,Invertivore,Sino-Japanese
Picus puniceus,Invertivore,Oriental
Picus rabieri,Invertivore,Oriental
Picus sharpei,Invertivore,Palearctic
Picus squamatus,Invertivore,Saharo-Arabian
Picus vaillantii,Invertivore,Saharo-Arabian
Picus viridanus,Invertivore,Oriental
Picus viridis,Invertivore,Palearctic
Picus vittatus,Invertivore,Oriental
Picus xanthopygaeus,Invertivore,Oriental
Sasia abnormis,Invertivore,Oriental
Sasia ochracea,Invertivore,Oriental
Sphyrapicus nuchalis,Omnivore,Nearctic
Sphyrapicus ruber,Invertivore,Nearctic
Sphyrapicus thyroideus,Invertivore,Nearctic
Sphyrapicus varius,Omnivore,Nearctic
Veniliornis affinis,Invertivore,Neotropical
Veniliornis callonotus,Invertivore,Neotropical
Veniliornis cassini,Invertivore,Neotropical
Veniliornis chocoensis,Invertivore,Neotropical
Veniliornis dignus,Invertivore,Neotropical
Veniliornis frontalis,Invertivore,Neotropical
Veniliornis kirkii,Invertivore,Neotropical
Veniliornis lignarius,Invertivore,Neotropical
Veniliornis maculifrons,Invertivore,Neotropical
Veniliornis mixtus,Invertivore,Neotropical
Veniliornis nigriceps,Invertivore,Neotropical
Veniliornis passerinus,Invertivore,Neotropical
Veniliornis sanguineus,Invertivore,Neotropical
Veniliornis spilogaster,Invertivore,Neotropical
Verreauxia africana,Invertivore,Afrotropical
Xiphidiopicus percussus,Invertivore,Neotropical
Andigena cucullata,Frugivore,Neotropical
Andigena hypoglauca,Frugivore,Neotropical
Andigena laminirostris,Frugivore,Neotropical
Andigena nigrirostris,Frugivore,Neotropical
Aulacorhynchus albivitta,Frugivore,Neotropical
Aulacorhynchus atrogularis,Frugivore,Neotropical
Aulacorhynchus caeruleogularis,Frugivore,Neotropical
Aulacorhynchus calorhynchus,Frugivore,Neotropical
Aulacorhynchus coeruleicinctis,Frugivore,Neotropical
Aulacorhynchus cyanolaemus,Frugivore,Neotropical
Aulacorhynchus derbianus,Frugivore,Neotropical
Aulacorhynchus haematopygus,Frugivore,Neotropical
Aulacorhynchus huallagae,Omnivore,Neotropical
Aulacorhynchus prasinus,Frugivore,Neotropical
Aulacorhynchus sulcatus,Omnivore,Neotropical
Aulacorhynchus wagleri,Frugivore,Neotropical
Aulacorhynchus whitelianus,Frugivore,Neotropical
Pteroglossus aracari,Frugivore,Neotropical
Pteroglossus azara,Frugivore,Neotropical
Pteroglossus bailloni,Frugivore,Neotropical
Pteroglossus beauharnaisii,Frugivore,Neotropical
Pteroglossus bitorquatus,Frugivore,Neotropical
Pteroglossus castanotis,Frugivore,Neotropical
Pteroglossus erythropygius,Frugivore,Neotropical
Pteroglossus frantzii,Frugivore,Neotropical
Pteroglossus humboldti,Frugivore,Neotropical
Pteroglossus inscriptus,Frugivore,Neotropical
Pteroglossus pluricinctus,Frugivore,Neotropical
Pteroglossus sanguineus,Frugivore,Neotropical
Pteroglossus sturmii,Frugivore,Neotropical
Pteroglossus torquatus,Frugivore,Neotropical
Pteroglossus viridis,Frugivore,Neotropical
Ramphastos ambiguus,Frugivore,Neotropical
Ramphastos ariel,Frugivore,Neotropical
Ramphastos brevis,Frugivore,Neotropical
Ramphastos citreolaemus,Frugivore,Neotropical
Ramphastos culminatus,Frugivore,Neotropical
Ramphastos cuvieri,Frugivore,Neotropical
Ramphastos dicolorus,Frugivore,Neotropical
Ramphastos sulfuratus,Frugivore,Neotropical
Ramphastos toco,Frugivore,Neotropical
Ramphastos tucanus,Frugivore,Neotropical
Ramphastos vitellinus,Frugivore,Neotropical
Selenidera gouldii,Frugivore,Neotropical
Selenidera langsdorffii,Frugivore,Neotropical
Selenidera maculirostris,Frugivore,Neotropical
Selenidera nattereri,Frugivore,Neotropical
Selenidera piperivora,Frugivore,Neotropical
Selenidera reinwardtii,Frugivore,Neotropical
Selenidera spectabilis,Frugivore,Neotropical
Semnornis frantzii,Frugivore,Neotropical
Semnornis ramphastinus,Frugivore,Neotropical
Aechmophorus clarkii,Aquatic predator,Nearctic
Aechmophorus occidentalis,Aquatic predator,Nearctic
Podiceps auritus,Aquatic predator,Saharo-Arabian
Podiceps cristatus,Aquatic predator,Palearctic
Podiceps gallardoi,Aquatic predator,Neotropical
Podiceps grisegena,Aquatic predator,Saharo-Arabian
Podiceps juninensis,Aquatic predator,Neotropical
Podiceps major,Aquatic predator,Neotropical
Podiceps nigricollis,Aquatic predator,Palearctic
Podiceps occipitalis,Aquatic predator,Neotropical
Podiceps taczanowskii,Aquatic predator,Neotropical
Podilymbus podiceps,Aquatic predator,Neotropical
Poliocephalus poliocephalus,Aquatic predator,Australian
Poliocephalus rufopectus,Aquatic predator,Australian
Rollandia microptera,Aquatic predator,Neotropical
Rollandia rolland,Aquatic predator,Neotropical
Tachybaptus dominicus,Aquatic predator,Neotropical
Tachybaptus novaehollandiae,Aquatic predator,Australian
Tachybaptus pelzelnii,Aquatic predator,Madagascan
Tachybaptus ruficollis,Aquatic predator,Saharo-Arabian
Diomedea amsterdamensis,Aquatic predator,Madagascan
Diomedea antipodensis,Aquatic predator,Neotropical
Diomedea dabbenena,Aquatic predator,Madagascan
Diomedea epomophora,Aquatic predator,Madagascan
Diomedea exulans,Aquatic predator,Madagascan
Diomedea sanfordi,Aquatic predator,Madagascan
Phoebastria albatrus,Aquatic predator,Saharo-Arabian
Phoebastria immutabilis,Aquatic predator,Saharo-Arabian
Phoebastria irrorata,Aquatic predator,Neotropical
Phoebastria nigripes,Aquatic predator,Afrotropical
Phoebetria fusca,Aquatic predator,Madagascan
Phoebetria palpebrata,Aquatic predator,Madagascan
Thalassarche bulleri,Aquatic predator,Neotropical
Thalassarche carteri,Aquatic predator,Australian
Thalassarche cauta,Aquatic predator,Madagascan
Thalassarche chlororhynchos,Aquatic predator,Neotropical
Thalassarche chrysostoma,Aquatic predator,Neotropical
Thalassarche eremita,Aquatic predator,Neotropical
Thalassarche impavida,Aquatic predator,Madagascan
Thalassarche melanophris,Aquatic predator,Madagascan
Thalassarche salvini,Aquatic predator,Madagascan
Thalassarche steadi,Aquatic predator,Madagascan
Hydrobates castro,Aquatic predator,Neotropical
Hydrobates cheimomnestes,Aquatic predator,Neotropical
Hydrobates furcatus,Aquatic predator,Nearctic
Hydrobates homochroa,Aquatic predator,Nearctic
Hydrobates hornbyi,Aquatic predator,Neotropical
Hydrobates jabejabe,Aquatic predator,Neotropical
Hydrobates leucorhous,Aquatic predator,Neotropical
Hydrobates macrodactylus,Aquatic predator,NA
Hydrobates markhami,Aquatic predator,Neotropical
Hydrobates matsudairae,Aquatic predator,Oceanian
Hydrobates melania,Aquatic predator,Nearctic
Hydrobates microsoma,Aquatic predator,Neotropical
Hydrobates monorhis,Aquatic predator,Oriental
Hydrobates monteiroi,Aquatic predator,Saharo-Arabian
Hydrobates pelagicus,Aquatic predator,Afrotropical
Hydrobates socorroensis,Aquatic predator,Neotropical
Hydrobates tethys,Aquatic predator,Neotropical
Hydrobates tristrami,Aquatic predator,Saharo-Arabian
Fregetta grallaria,Aquatic predator,Neotropical
Fregetta maoriana,Aquatic predator,Australian
Fregetta tropica,Aquatic predator,Neotropical
Garrodia nereis,Aquatic predator,Madagascan
Nesofregetta fuliginosa,Aquatic predator,Neotropical
Oceanites gracilis,Aquatic predator,Neotropical
Oceanites oceanicus,Aquatic predator,Neotropical
Oceanites pincoyae,Aquatic predator,Neotropical
Pelagodroma marina,Aquatic predator,Afrotropical
Aphrodroma brevirostris,Aquatic predator,Madagascan
Ardenna bulleri,Aquatic predator,Neotropical
Ardenna carneipes,Aquatic predator,Afrotropical
Ardenna creatopus,Aquatic predator,Neotropical
Ardenna gravis,Aquatic predator,Neotropical
Ardenna grisea,Aquatic predator,Madagascan
Ardenna pacifica,Aquatic predator,Afrotropical
Ardenna tenuirostris,Aquatic predator,Afrotropical
Bulweria bulwerii,Aquatic predator,Afrotropical
Bulweria fallax,Aquatic predator,Madagascan
Calonectris borealis,Aquatic predator,Afrotropical
Calonectris diomedea,Aquatic predator,Afrotropical
Calonectris edwardsii,Aquatic predator,Neotropical
Calonectris leucomelas,Aquatic predator,Oceanian
Daption capense,Aquatic predator,Neotropical
Fulmarus glacialis,Aquatic predator,Saharo-Arabian
Fulmarus glacialoides,Aquatic predator,Madagascan
Halobaena caerulea,Aquatic predator,Madagascan
Macronectes giganteus,Omnivore,Madagascan
Macronectes halli,Omnivore,Madagascan
Pachyptila belcheri,Aquatic predator,Madagascan
Pachyptila crassirostris,Aquatic predator,Australian
Pachyptila desolata,Aquatic predator,Madagascan
Pachyptila macgillivrayi,Aquatic predator,Afrotropical
Pachyptila salvini,Aquatic predator,Australian
Pachyptila turtur,Aquatic predator,Madagascan
Pachyptila vittata,Aquatic predator,Madagascan
Pagodroma nivea,Aquatic predator,Neotropical
Pelecanoides garnotii,Aquatic predator,Neotropical
Pelecanoides georgicus,Aquatic predator,Madagascan
Pelecanoides magellani,Aquatic predator,Neotropical
Pelecanoides urinatrix,Aquatic predator,Madagascan
Pelecanoides whenuahouensis,Aquatic predator,Australian
Procellaria aequinoctialis,Aquatic predator,Neotropical
Procellaria cinerea,Aquatic predator,Madagascan
Procellaria conspicillata,Aquatic predator,Neotropical
Procellaria parkinsoni,Aquatic predator,Neotropical
Procellaria westlandica,Aquatic predator,Neotropical
Pseudobulweria aterrima,Aquatic predator,Madagascan
Pseudobulweria becki,Aquatic predator,Oceanian
Pseudobulweria macgillivrayi,Aquatic predator,Australian
Pseudobulweria rostrata,Aquatic predator,Neotropical
Pterodroma alba,Aquatic predator,Neotropical
Pterodroma arminjoniana,Aquatic predator,Afrotropical
Pterodroma atrata,Aquatic predator,Neotropical
Pterodroma axillaris,Aquatic predator,Neotropical
Pterodroma baraui,Aquatic predator,Madagascan
Pterodroma brevipes,Aquatic predator,Neotropical
Pterodroma cahow,Aquatic predator,Neotropical
Pterodroma caribbaea,Aquatic predator,NA
Pterodroma cervicalis,Aquatic predator,Neotropical
Pterodroma cookii,Aquatic predator,Neotropical
Pterodroma defilippiana,Aquatic predator,Neotropical
Pterodroma deserta,Aquatic predator,Neotropical
Pterodroma externa,Aquatic predator,Neotropical
Pterodroma feae,Aquatic predator,Neotropical
Pterodroma gouldi,Aquatic predator,Madagascan
Pterodroma hasitata,Aquatic predator,Neotropical
Pterodroma heraldica,Aquatic predator,Neotropical
Pterodroma hypoleuca,Aquatic predator,Oriental
Pterodroma incerta,Aquatic predator,Neotropical
Pterodroma inexpectata,Aquatic predator,Neotropical
Pterodroma lessonii,Aquatic predator,Madagascan
Pterodroma leucoptera,Aquatic predator,Neotropical
Pterodroma longirostris,Aquatic predator,Neotropical
Pterodroma macroptera,Aquatic predator,Madagascan
Pterodroma madeira,Aquatic predator,Afrotropical
Pterodroma magentae,Aquatic predator,Australian
Pterodroma mollis,Aquatic predator,Madagascan
Pterodroma neglecta,Aquatic predator,Neotropical
Pterodroma nigripennis,Aquatic predator,Neotropical
Pterodroma phaeopygia,Aquatic predator,Neotropical
Pterodroma pycrofti,Aquatic predator,Neotropical
Pterodroma sandwichensis,Aquatic predator,Nearctic
Pterodroma solandri,Aquatic predator,Saharo-Arabian
Pterodroma ultima,Aquatic predator,Neotropical
Puffinus assimilis,Aquatic predator,Australian
Puffinus auricularis,Aquatic predator,Neotropical
Puffinus bailloni,Aquatic predator,Afrotropical
Puffinus bannermani,Aquatic predator,Sino-Japanese
Puffinus bryani,Aquatic predator,Oceanian
Puffinus elegans,Aquatic predator,Madagascan
Puffinus gavia,Aquatic predator,Australian
Puffinus heinrothi,Aquatic predator,Oceanian
Puffinus huttoni,Aquatic predator,Australian
Puffinus lherminieri,Aquatic predator,Neotropical
Puffinus mauretanicus,Aquatic predator,Palearctic
Puffinus myrtae,Aquatic predator,Australian
Puffinus myrtae,Aquatic predator,Australian
Puffinus nativitatis,Aquatic predator,Neotropical
Puffinus newelli,Aquatic predator,Nearctic
Puffinus opisthomelas,Aquatic predator,Nearctic
Puffinus persicus,Aquatic predator,Saharo-Arabian
Puffinus puffinus,Aquatic predator,Neotropical
Puffinus subalaris,Aquatic predator,Neotropical
Puffinus yelkouan,Aquatic predator,Saharo-Arabian
Thalassoica antarctica,Aquatic predator,Madagascan
Cacatua alba,Omnivore,Oceanian
Cacatua ducorpsii,Omnivore,Oceanian
Cacatua galerita,Omnivore,Australian
Cacatua goffiniana,Granivore,Oriental
Cacatua haematuropygia,Granivore,Sino-Japanese
Cacatua leadbeateri,Granivore,Australian
Cacatua moluccensis,Granivore,Oceanian
Cacatua ophthalmica,Granivore,Oceanian
Cacatua ophthalmica,Granivore,Oceanian
Cacatua pastinator,Granivore,Australian
Cacatua sanguinea,Granivore,Australian
Cacatua sulphurea,Granivore,Oceanian
Cacatua tenuirostris,Granivore,Australian
Callocephalon fimbriatum,Omnivore,Australian
Calyptorhynchus banksii,Granivore,Australian
Calyptorhynchus lathami,Granivore,Australian
Eolophus roseicapilla,Granivore,Australian
Nymphicus hollandicus,Granivore,Australian
Probosciger aterrimus,Omnivore,Oceanian
Zanda baudinii,Granivore,Australian
Zanda funerea,Granivore,Australian
Zanda latirostris,Granivore,Australian
Agapornis canus,Omnivore,Madagascan
Agapornis fischeri,Granivore,Afrotropical
Agapornis lilianae,Granivore,Afrotropical
Agapornis nigrigenis,Granivore,Afrotropical
Agapornis personatus,Granivore,Afrotropical
Agapornis pullarius,Granivore,Afrotropical
Agapornis roseicollis,Granivore,Afrotropical
Agapornis swindernianus,Omnivore,Afrotropical
Agapornis taranta,Granivore,Afrotropical
Alexandrinus eques,Frugivore,Oceanian
Alexandrinus krameri,Omnivore,Saharo-Arabian
Alipiopsitta xanthops,Frugivore,Neotropical
Alisterus amboinensis,Frugivore,Oceanian
Alisterus chloropterus,Frugivore,Oceanian
Alisterus scapularis,Frugivore,Australian
Amazona aestiva,Frugivore,Neotropical
Amazona agilis,Omnivore,Neotropical
Amazona albifrons,Omnivore,Neotropical
Amazona amazonica,Frugivore,Neotropical
Amazona arausiaca,Frugivore,Neotropical
Amazona auropalliata,Omnivore,Neotropical
Amazona autumnalis,Frugivore,Neotropical
Amazona barbadensis,Omnivore,Neotropical
Amazona bodini,Frugivore,Neotropical
Amazona brasiliensis,Omnivore,Neotropical
Amazona collaria,Omnivore,Neotropical
Amazona diadema,Frugivore,Neotropical
Amazona dufresniana,Omnivore,Neotropical
Amazona farinosa,Omnivore,Neotropical
Amazona festiva,Frugivore,Neotropical
Amazona finschi,Omnivore,Nearctic
Amazona guatemalae,Omnivore,Neotropical
Amazona guildingii,Omnivore,Neotropical
Amazona imperialis,Omnivore,Neotropical
Amazona kawalli,Frugivore,Neotropical
Amazona leucocephala,Omnivore,Neotropical
Amazona lilacina,Frugivore,Neotropical
Amazona mercenarius,Frugivore,Neotropical
Amazona ochrocephala,Omnivore,Neotropical
Amazona oratrix,Omnivore,Neotropical
Amazona pretrei,Omnivore,Neotropical
Amazona rhodocorytha,Frugivore,Neotropical
Amazona tucumana,Omnivore,Neotropical
Amazona ventralis,Omnivore,Neotropical
Amazona versicolor,Omnivore,Neotropical
Amazona vinacea,Omnivore,Neotropical
Amazona viridigenalis,Omnivore,Nearctic
Amazona vittata,Omnivore,Neotropical
Amazona xantholora,Frugivore,Neotropical
Anodorhynchus glaucus,Frugivore,NA
Anodorhynchus hyacinthinus,Frugivore,Neotropical
Anodorhynchus leari,Frugivore,Neotropical
Aprosmictus erythropterus,Omnivore,Australian
Aprosmictus jonquillaceus,Omnivore,Oriental
Ara ambiguus,Granivore,Neotropical
Ara ararauna,Omnivore,Neotropical
Ara chloropterus,Omnivore,Neotropical
Ara glaucogularis,Frugivore,Neotropical
Ara macao,Omnivore,Neotropical
Ara militaris,Frugivore,Neotropical
Ara rubrogenys,Granivore,Neotropical
Ara severus,Omnivore,Neotropical
Aratinga auricapillus,Omnivore,Neotropical
Aratinga jandaya,Frugivore,Neotropical
Aratinga maculata,Frugivore,Neotropical
Aratinga nenday,Omnivore,Neotropical
Aratinga solstitialis,Frugivore,Neotropical
Aratinga weddellii,Frugivore,Neotropical
Barnardius zonarius,Omnivore,Australian
Belocercus longicaudus,Omnivore,Oriental
Bolbopsittacus lunulatus,Frugivore,Oceanian
Bolborhynchus ferrugineifrons,Omnivore,Neotropical
Bolborhynchus lineola,Omnivore,Neotropical
Bolborhynchus orbygnesius,Omnivore,Neotropical
Brotogeris chiriri,Omnivore,Neotropical
Brotogeris chrysoptera,Frugivore,Neotropical
Brotogeris cyanoptera,Frugivore,Neotropical
Brotogeris jugularis,Omnivore,Neotropical
Brotogeris pyrrhoptera,Omnivore,Neotropical
Brotogeris sanctithomae,Omnivore,Neotropical
Brotogeris tirica,Omnivore,Neotropical
Brotogeris versicolurus,Omnivore,Neotropical
Chalcopsitta atra,Nectarivore,Oceanian
Chalcopsitta cardinalis,Nectarivore,Oceanian
Chalcopsitta duivenbodei,Nectarivore,Oceanian
Chalcopsitta scintillata,Nectarivore,Oceanian
Charmosyna amabilis,Nectarivore,Oceanian
Charmosyna diadema,Omnivore,NA
Charmosyna josefinae,Nectarivore,Oceanian
Charmosyna margarethae,Omnivore,Oceanian
Charmosyna meeki,Omnivore,Oceanian
Charmosyna multistriata,Omnivore,Oceanian
Charmosyna palmarum,Nectarivore,Oceanian
Charmosyna papou,Omnivore,Oceanian
Charmosyna placentis,Omnivore,Oceanian
Charmosyna pulchella,Nectarivore,Oceanian
Charmosyna rubrigularis,Omnivore,Oceanian
Charmosyna rubronotata,Nectarivore,Oceanian
Charmosyna stellae,Omnivore,Oceanian
Charmosyna toxopei,Nectarivore,Oceanian
Charmosyna wilhelminae,Nectarivore,Oceanian
Coracopsis barklyi,Frugivore,Madagascan
Coracopsis nigra,Frugivore,Madagascan
Coracopsis sibilans,Frugivore,Madagascan
Coracopsis vasa,Frugivore,Madagascan
Cyanoliseus patagonus,Omnivore,Neotropical
Cyanopsitta spixii,Omnivore,NA
Cyanoramphus auriceps,Granivore,Australian
Cyanoramphus forbesi,Omnivore,Australian
Cyanoramphus malherbi,Omnivore,Australian
Cyanoramphus novaezelandiae,Omnivore,Australian
Cyanoramphus unicolor,Herbivore terrestrial,Australian
Cyclopsitta amabilis,Granivore,Oceanian
Cyclopsitta coxeni,Omnivore,Australian
Cyclopsitta diophthalma,Omnivore,Oceanian
Cyclopsitta gulielmitertii,Granivore,Oceanian
Cyclopsitta melanogenia,Granivore,Oceanian
Cyclopsitta nigrifrons,Granivore,Oceanian
Deroptyus accipitrinus,Frugivore,Neotropical
Diopsittaca cumanensis,Omnivore,Neotropical
Diopsittaca nobilis,Omnivore,Neotropical
Eclectus cornelia,Omnivore,Oriental
Eclectus polychloros,Omnivore,Oceanian
Eclectus riedeli,Omnivore,Oriental
Eclectus roratus,Omnivore,Oceanian
Enicognathus ferrugineus,Omnivore,Neotropical
Enicognathus leptorhynchus,Omnivore,Neotropical
Eos bornea,Nectarivore,Oceanian
Eos cyanogenia,Nectarivore,Oceanian
Eos cyanogenia,Nectarivore,Oceanian
Eos histrio,Frugivore,Oceanian
Eos histrio,Frugivore,Oceanian
Eos reticulata,Omnivore,Oriental
Eos semilarvata,Nectarivore,Oceanian
Eos squamata,Omnivore,Oceanian
Eunymphicus cornutus,Omnivore,Oceanian
Eunymphicus uvaeensis,Omnivore,Australian
Eupsittula astec,Frugivore,Neotropical
Eupsittula aurea,Omnivore,Neotropical
Eupsittula cactorum,Omnivore,Neotropical
Eupsittula canicularis,Frugivore,Neotropical
Eupsittula nana,Frugivore,Neotropical
Eupsittula pertinax,Omnivore,Neotropical
Forpus coelestis,Omnivore,Neotropical
Forpus conspicillatus,Omnivore,Neotropical
Forpus cyanopygius,Frugivore,Nearctic
Forpus modestus,Frugivore,Neotropical
Forpus passerinus,Granivore,Neotropical
Forpus spengeli,Omnivore,Neotropical
Forpus xanthops,Omnivore,Neotropical
Forpus xanthopterygius,Omnivore,Neotropical
Geoffroyus geoffroyi,Omnivore,Oceanian
Geoffroyus heteroclitus,Frugivore,Oceanian
Geoffroyus hyacinthinus,Frugivore,Oceanian
Geoffroyus hyacinthinus,Frugivore,Oceanian
Geoffroyus hyacinthinus,Frugivore,Oceanian
Geoffroyus hyacinthinus,Frugivore,Oceanian
Geoffroyus simplex,Granivore,Oceanian
Glossopsitta concinna,Omnivore,Australian
Glossopsitta porphyrocephala,Nectarivore,Australian
Glossopsitta pusilla,Omnivore,Australian
Graydidascalus brachyurus,Frugivore,Neotropical
Guaruba guarouba,Frugivore,Neotropical
Hapalopsittaca amazonina,Omnivore,Neotropical
Hapalopsittaca fuertesi,Frugivore,Neotropical
Hapalopsittaca melanotis,Frugivore,Neotropical
Hapalopsittaca pyrrhops,Omnivore,Neotropical
Himalayapsitta cyanocephala,Frugivore,Oriental
Himalayapsitta finschii,Omnivore,Oriental
Himalayapsitta himalayana,Omnivore,Sino-Japanese
Himalayapsitta roseata,Omnivore,Oriental
Lathamus discolor,Nectarivore,Australian
Leptosittaca branickii,Granivore,Neotropical
Loriculus amabilis,Frugivore,Oceanian
Loriculus aurantiifrons,Nectarivore,Oceanian
Loriculus beryllinus,Omnivore,Oriental
Loriculus catamene,Omnivore,Oceanian
Loriculus catamene,Omnivore,Oceanian
Loriculus catamene,Omnivore,Oceanian
Loriculus catamene,Omnivore,Oceanian
Loriculus catamene,Omnivore,Oceanian
Loriculus exilis,Omnivore,Oriental
Loriculus flosculus,Frugivore,Oriental
Loriculus galgulus,Frugivore,Oriental
Loriculus philippensis,Omnivore,Oceanian
Loriculus pusillus,Omnivore,Oriental
Loriculus sclateri,Omnivore,Oceanian
Loriculus stigmatus,Omnivore,Oriental
Loriculus tener,Omnivore,Oceanian
Loriculus vernalis,Frugivore,Oriental
Lorius albidinucha,Nectarivore,Oceanian
Lorius chlorocercus,Omnivore,Oceanian
Lorius domicella,Nectarivore,Oceanian
Lorius garrulus,Nectarivore,Oceanian
Lorius hypoinochrous,Nectarivore,Oceanian
Lorius lory,Nectarivore,Oceanian
Melopsittacus undulatus,Granivore,Australian
Micropsitta bruijnii,Herbivore terrestrial,Oceanian
Micropsitta finschii,Herbivore terrestrial,Oceanian
Micropsitta geelvinkiana,Herbivore terrestrial,Oceanian
Micropsitta keiensis,Herbivore terrestrial,Oceanian
Micropsitta meeki,Herbivore terrestrial,Oceanian
Micropsitta pusio,Herbivore terrestrial,Oceanian
Myiopsitta luchsi,Omnivore,Neotropical
Myiopsitta monachus,Omnivore,Neotropical
Nannopsittaca dachilleae,Omnivore,Neotropical
Nannopsittaca panychlora,Frugivore,Neotropical
Neophema chrysogaster,Granivore,Australian
Neophema chrysostoma,Granivore,Australian
Neophema elegans,Granivore,Australian
Neophema petrophila,Granivore,Australian
Neophema pulchella,Omnivore,Australian
Neophema splendida,Granivore,Australian
Neopsephotus bourkii,Granivore,Australian
Neopsittacus musschenbroekii,Frugivore,Oceanian
Neopsittacus pullicauda,Omnivore,Oceanian
Nicopsitta calthrapae,Frugivore,Oriental
Nicopsitta columboides,Omnivore,Oriental
Northiella haematogaster,Omnivore,Australian
Ognorhynchus icterotis,Frugivore,Neotropical
Oreopsittacus arfaki,Omnivore,Oceanian
Orthopsittaca manilatus,Frugivore,Neotropical
Palaeornis eupatria,Omnivore,Oriental
Pezoporus occidentalis,Granivore,Australian
Pezoporus wallicus,Granivore,Australian
Phigys solitarius,Nectarivore,Oceanian
Pionites leucogaster,Frugivore,Neotropical
Pionites melanocephalus,Granivore,Neotropical
Pionites xanthomerius,Frugivore,Neotropical
Pionites xanthurus,Frugivore,Neotropical
Pionopsitta pileata,Omnivore,Neotropical
Pionus chalcopterus,Frugivore,Neotropical
Pionus fuscus,Frugivore,Neotropical
Pionus maximiliani,Granivore,Neotropical
Pionus menstruus,Omnivore,Neotropical
Pionus reichenowi,Omnivore,Neotropical
Pionus senilis,Omnivore,Neotropical
Pionus seniloides,Frugivore,Neotropical
Pionus sordidus,Frugivore,Neotropical
Pionus tumultuosus,Frugivore,Neotropical
Platycercus adscitus,Omnivore,Australian
Platycercus caledonicus,Omnivore,Australian
Platycercus elegans,Omnivore,Australian
Platycercus eximius,Omnivore,Australian
Platycercus icterotis,Granivore,Australian
Platycercus venustus,Granivore,Australian
Poicephalus crassus,Granivore,Afrotropical
Poicephalus cryptoxanthus,Omnivore,Afrotropical
Poicephalus flavifrons,Omnivore,Afrotropical
Poicephalus fuscicollis,Omnivore,Afrotropical
Poicephalus gulielmi,Omnivore,Afrotropical
Poicephalus meyeri,Omnivore,Afrotropical
Poicephalus robustus,Omnivore,Afrotropical
Poicephalus rueppellii,Omnivore,Afrotropical
Poicephalus rufiventris,Omnivore,Afrotropical
Poicephalus senegalus,Omnivore,Afrotropical
Polytelis alexandrae,Granivore,Australian
Polytelis anthopeplus,Omnivore,Australian
Polytelis swainsonii,Omnivore,Australian
Primolius auricollis,Omnivore,Neotropical
Primolius couloni,Omnivore,Neotropical
Primolius maracana,Frugivore,Neotropical
Prioniturus discurus,Frugivore,Oceanian
Prioniturus flavicans,Frugivore,Oriental
Prioniturus luconensis,Frugivore,Oriental
Prioniturus mada,Frugivore,Oceanian
Prioniturus mindorensis,Frugivore,Oriental
Prioniturus montanus,Frugivore,Oriental
Prioniturus platenae,Frugivore,Oriental
Prioniturus platurus,Frugivore,Oriental
Prioniturus verticalis,Frugivore,Oriental
Prioniturus waterstradti,Frugivore,Oriental
Prosopeia personata,Omnivore,Oceanian
Prosopeia splendens,Frugivore,Oceanian
Prosopeia splendens,Frugivore,Oceanian
Prosopeia tabuensis,Frugivore,Oceanian
Psephotellus chrysopterygius,Granivore,Australian
Psephotellus dissimilis,Granivore,Australian
Psephotellus varius,Granivore,Australian
Psephotus haematonotus,Granivore,Australian
Pseudeos fuscata,Nectarivore,Oceanian
Psilopsiagon aurifrons,Omnivore,Neotropical
Psilopsiagon aymara,Omnivore,Neotropical
Psittacara acuticaudatus,Frugivore,Neotropical
Psittacara chloropterus,Frugivore,Neotropical
Psittacara erythrogenys,Frugivore,Neotropical
Psittacara euops,Omnivore,Neotropical
Psittacara finschi,Omnivore,Neotropical
Psittacara frontatus,Frugivore,Neotropical
Psittacara holochlorus,Omnivore,Neotropical
Psittacara leucophthalmus,Omnivore,Neotropical
Psittacara mitratus,Granivore,Neotropical
Psittacara rubritorquis,Frugivore,Neotropical
Psittacara wagleri,Frugivore,Neotropical
Psittacella brehmii,Omnivore,Oceanian
Psittacella lorentzi,Omnivore,Oceanian
Psittacella madaraszi,Omnivore,Oceanian
Psittacella modesta,Omnivore,Oceanian
Psittacella picta,Omnivore,Oceanian
Psittacula alexandri,Omnivore,Oriental
Psittacula caniceps,Frugivore,Oriental
Psittacula derbiana,Omnivore,Sino-Japanese
Psittaculirostris cervicalis,Frugivore,Oceanian
Psittaculirostris desmarestii,Frugivore,Oceanian
Psittaculirostris edwardsii,Frugivore,Oceanian
Psittaculirostris godmani,Frugivore,Oceanian
Psittaculirostris salvadorii,Granivore,Oceanian
Psittacus erithacus,Omnivore,Afrotropical
Psittacus timneh,Omnivore,Afrotropical
Psitteuteles goldiei,Nectarivore,Oceanian
Psitteuteles versicolor,Nectarivore,Australian
Psittinus abbotti,Omnivore,Oriental
Psittinus cyanurus,Omnivore,Oriental
Psittrichas fulgidus,Frugivore,Oceanian
Purpureicephalus spurius,Omnivore,Australian
Pyrilia aurantiocephala,Frugivore,Neotropical
Pyrilia barrabandi,Omnivore,Neotropical
Pyrilia caica,Granivore,Neotropical
Pyrilia haematotis,Omnivore,Neotropical
Pyrilia pulchra,Frugivore,Neotropical
Pyrilia pyrilia,Omnivore,Neotropical
Pyrilia vulturina,Frugivore,Neotropical
Pyrrhura albipectus,Frugivore,Neotropical
Pyrrhura amazonum,Frugivore,Neotropical
Pyrrhura caeruleiceps,Frugivore,Neotropical
Pyrrhura calliptera,Frugivore,Neotropical
Pyrrhura chapmani,Frugivore,Neotropical
Pyrrhura cruentata,Omnivore,Neotropical
Pyrrhura devillei,Omnivore,Neotropical
Pyrrhura egregia,Frugivore,Neotropical
Pyrrhura eisenmanni,Frugivore,Neotropical
Pyrrhura emma,Omnivore,Neotropical
Pyrrhura frontalis,Omnivore,Neotropical
Pyrrhura griseipectus,Omnivore,Neotropical
Pyrrhura hoematotis,Omnivore,Neotropical
Pyrrhura hoffmanni,Omnivore,Neotropical
Pyrrhura lepida,Frugivore,Neotropical
Pyrrhura leucotis,Omnivore,Neotropical
Pyrrhura lucianii,Frugivore,Neotropical
Pyrrhura melanura,Frugivore,Neotropical
Pyrrhura molinae,Frugivore,Neotropical
Pyrrhura orcesi,Frugivore,Neotropical
Pyrrhura pacifica,Frugivore,Neotropical
Pyrrhura parvifrons,Frugivore,Neotropical
Pyrrhura perlata,Frugivore,Neotropical
Pyrrhura peruviana,Frugivore,Neotropical
Pyrrhura pfrimeri,Omnivore,Neotropical
Pyrrhura picta,Frugivore,Neotropical
Pyrrhura rhodocephala,Frugivore,Neotropical
Pyrrhura roseifrons,Frugivore,Neotropical
Pyrrhura rupicola,Frugivore,Neotropical
Pyrrhura snethlageae,Frugivore,Neotropical
Pyrrhura subandina,Frugivore,NA
Pyrrhura viridicata,Frugivore,Neotropical
Rhynchopsitta pachyrhyncha,Granivore,Nearctic
Rhynchopsitta terrisi,Granivore,Nearctic
Tanygnathus everetti,Frugivore,NA
Tanygnathus gramineus,Frugivore,Oceanian
Tanygnathus lucionensis,Frugivore,Oceanian
Tanygnathus megalorynchos,Frugivore,Oceanian
Tanygnathus sumatranus,Frugivore,Oceanian
Touit batavicus,Omnivore,Neotropical
Touit costaricensis,Frugivore,Neotropical
Touit dilectissimus,Frugivore,Neotropical
Touit huetii,Frugivore,Neotropical
Touit melanonotus,Frugivore,Neotropical
Touit purpuratus,Frugivore,Neotropical
Touit stictopterus,Omnivore,Neotropical
Touit surdus,Frugivore,Neotropical
Trichoglossus capistratus,Omnivore,Oceanian
Trichoglossus chlorolepidotus,Nectarivore,Australian
Trichoglossus euteles,Nectarivore,Oriental
Trichoglossus flavoviridis,Omnivore,Oceanian
Trichoglossus forsteni,Omnivore,Oriental
Trichoglossus haematodus,Omnivore,Oceanian
Trichoglossus iris,Nectarivore,Oriental
Trichoglossus johnstoniae,Nectarivore,Oriental
Trichoglossus meyeri,Omnivore,Oriental
Trichoglossus moluccanus,Omnivore,Australian
Trichoglossus ornatus,Nectarivore,Oriental
Trichoglossus rosenbergii,Omnivore,Oceanian
Trichoglossus rubiginosus,Nectarivore,Oceanian
Trichoglossus rubritorquis,Omnivore,Australian
Trichoglossus weberi,Omnivore,Oriental
Triclaria malachitacea,Omnivore,Neotropical
Vini australis,Nectarivore,Oceanian
Vini kuhlii,Herbivore terrestrial,Oceanian
Vini peruviana,Nectarivore,Oceanian
Vini stepheni,Omnivore,Oceanian
Vini ultramarina,Omnivore,Neotropical
Vini ultramarina,Omnivore,Neotropical
Nestor meridionalis,Omnivore,Australian
Nestor notabilis,Omnivore,Australian
Strigops habroptila,Omnivore,Australian
Pterocles alchata,Granivore,Saharo-Arabian
Pterocles bicinctus,Granivore,Afrotropical
Pterocles burchelli,Granivore,Afrotropical
Pterocles coronatus,Granivore,Saharo-Arabian
Pterocles decoratus,Granivore,Afrotropical
Pterocles exustus,Granivore,Afrotropical
Pterocles gutturalis,Granivore,Afrotropical
Pterocles indicus,Granivore,Oriental
Pterocles lichtensteinii,Granivore,Afrotropical
Pterocles namaqua,Granivore,Afrotropical
Pterocles orientalis,Granivore,Palearctic
Pterocles personatus,Granivore,Madagascan
Pterocles quadricinctus,Granivore,Afrotropical
Pterocles senegallus,Granivore,Afrotropical
Syrrhaptes paradoxus,Granivore,Palearctic
Syrrhaptes tibetanus,Herbivore terrestrial,Sino-Japanese
Aptenodytes forsteri,Aquatic predator,Madagascan
Aptenodytes patagonicus,Aquatic predator,Neotropical
Eudyptes chrysocome,Aquatic predator,Neotropical
Eudyptes chrysolophus,Aquatic predator,Neotropical
Eudyptes moseleyi,Aquatic predator,Madagascan
Eudyptes pachyrhynchus,Aquatic predator,Australian
Eudyptes robustus,Aquatic predator,Australian
Eudyptes schlegeli,Aquatic predator,Australian
Eudyptes sclateri,Aquatic predator,Australian
Eudyptula minor,Aquatic predator,Australian
Megadyptes antipodes,Aquatic predator,Australian
Pygoscelis adeliae,Aquatic predator,Australian
Pygoscelis antarcticus,Aquatic predator,Neotropical
Pygoscelis papua,Aquatic predator,Neotropical
Spheniscus demersus,Aquatic predator,Afrotropical
Spheniscus humboldti,Aquatic predator,Neotropical
Spheniscus magellanicus,Aquatic predator,Neotropical
Spheniscus mendiculus,Aquatic predator,Neotropical
Aegolius acadicus,Vertivore,Nearctic
Aegolius funereus,Vertivore,Palearctic
Aegolius harrisii,Vertivore,Neotropical
Aegolius ridgwayi,Vertivore,Neotropical
Asio abyssinicus,Vertivore,Afrotropical
Asio capensis,Vertivore,Afrotropical
Asio clamator,Vertivore,Neotropical
Asio flammeus,Vertivore,Palearctic
Asio madagascariensis,Vertivore,Madagascan
Asio otus,Vertivore,Palearctic
Asio stygius,Vertivore,Neotropical
Athene blewitti,Vertivore,Oriental
Athene brama,Invertivore,Oriental
Athene cunicularia,Vertivore,Neotropical
Athene noctua,Omnivore,Palearctic
Athene superciliaris,Invertivore,Madagascan
Bubo africanus,Vertivore,Afrotropical
Bubo ascalaphus,Vertivore,Saharo-Arabian
Bubo bengalensis,Vertivore,Oriental
Bubo blakistoni,Aquatic predator,Palearctic
Bubo bubo,Vertivore,Palearctic
Bubo capensis,Vertivore,Afrotropical
Bubo cinerascens,Vertivore,Afrotropical
Bubo coromandus,Vertivore,Oriental
Bubo lacteus,Vertivore,Afrotropical
Bubo leucostictus,Invertivore,Afrotropical
Bubo magellanicus,Vertivore,Neotropical
Bubo nipalensis,Vertivore,Oriental
Bubo philippensis,Vertivore,Oriental
Bubo poensis,Vertivore,Afrotropical
Bubo scandiacus,Vertivore,Nearctic
Bubo shelleyi,Vertivore,Afrotropical
Bubo sumatranus,Vertivore,Oriental
Bubo virginianus,Vertivore,Nearctic
Ciccaba albitarsis,Omnivore,Neotropical
Ciccaba huhula,Invertivore,Neotropical
Ciccaba nigrolineata,Invertivore,Neotropical
Ciccaba virgata,Vertivore,Neotropical
Glaucidium albertinum,Invertivore,Afrotropical
Glaucidium bolivianum,Omnivore,Neotropical
Glaucidium brasilianum,Invertivore,Neotropical
Glaucidium brodiei,Vertivore,Oriental
Glaucidium californicum,Vertivore,Nearctic
Glaucidium capense,Invertivore,Afrotropical
Glaucidium castaneum,Omnivore,Afrotropical
Glaucidium castanopterum,Invertivore,Oriental
Glaucidium castanotum,Invertivore,Oriental
Glaucidium cobanense,Invertivore,Neotropical
Glaucidium costaricanum,Invertivore,Neotropical
Glaucidium cuculoides,Invertivore,Oriental
Glaucidium gnoma,Invertivore,Nearctic
Glaucidium griseiceps,Invertivore,Neotropical
Glaucidium hardyi,Invertivore,Neotropical
Glaucidium hoskinsii,Invertivore,Nearctic
Glaucidium jardinii,Vertivore,Neotropical
Glaucidium minutissimum,Invertivore,Neotropical
Glaucidium mooreorum,Omnivore,NA
Glaucidium nana,Vertivore,Neotropical
Glaucidium nubicola,Omnivore,Neotropical
Glaucidium palmarum,Vertivore,Nearctic
Glaucidium parkeri,Vertivore,Neotropical
Glaucidium passerinum,Vertivore,Palearctic
Glaucidium perlatum,Invertivore,Afrotropical
Glaucidium peruanum,Omnivore,Neotropical
Glaucidium radiatum,Invertivore,Oriental
Glaucidium sanchezi,Omnivore,Nearctic
Glaucidium siju,Invertivore,Neotropical
Glaucidium sjostedti,Invertivore,Afrotropical
Glaucidium tephronotum,Invertivore,Afrotropical
Glaucidium tucumanum,Invertivore,Neotropical
Jubula lettii,Invertivore,Afrotropical
Ketupa flavipes,Aquatic predator,Sino-Japanese
Ketupa ketupu,Aquatic predator,Oriental
Ketupa zeylonensis,Aquatic predator,Oriental
Lophostrix cristata,Invertivore,Neotropical
Margarobyas lawrencii,Invertivore,Neotropical
Megascops albogularis,Invertivore,Neotropical
Megascops asio,Invertivore,Nearctic
Megascops atricapilla,Invertivore,Neotropical
Megascops barbarus,Invertivore,Neotropical
Megascops choliba,Invertivore,Neotropical
Megascops clarkii,Invertivore,Neotropical
Megascops colombianus,Omnivore,Neotropical
Megascops cooperi,Invertivore,Neotropical
Megascops gilesi,Invertivore,Neotropical
Megascops guatemalae,Invertivore,Neotropical
Megascops hoyi,Invertivore,Neotropical
Megascops ingens,Invertivore,Neotropical
Megascops kennicottii,Invertivore,Nearctic
Megascops koepckeae,Invertivore,Neotropical
Megascops marshalli,Invertivore,Neotropical
Megascops nudipes,Invertivore,Neotropical
Megascops petersoni,Invertivore,Neotropical
Megascops roboratus,Invertivore,Neotropical
Megascops sanctaecatarinae,Invertivore,Neotropical
Megascops seductus,Invertivore,Nearctic
Megascops trichopsis,Invertivore,Nearctic
Megascops vermiculatus,Invertivore,Neotropical
Megascops watsonii,Invertivore,Neotropical
Micrathene whitneyi,Invertivore,Nearctic
Nesasio solomonensis,Vertivore,Oceanian
Nesasio solomonensis,Vertivore,Oceanian
Ninox affinis,Invertivore,Oriental
Ninox affinis,Invertivore,Oriental
Ninox boobook,Invertivore,Australian
Ninox burhani,Invertivore,Oriental
Ninox connivens,Vertivore,Australian
Ninox forbesi,Invertivore,Oriental
Ninox granti,Invertivore,Oceanian
Ninox hantu,Invertivore,Oceanian
Ninox hypogramma,Invertivore,Oceanian
Ninox ios,Invertivore,Oceanian
Ninox jacquinoti,Invertivore,Oceanian
Ninox japonica,Invertivore,Sino-Japanese
Ninox leucopsis,Invertivore,Australian
Ninox leventisi,Omnivore,Oriental
Ninox malaitae,Invertivore,Oceanian
Ninox meeki,Invertivore,Oceanian
Ninox mindorensis,Omnivore,Oriental
Ninox natalis,Invertivore,Oriental
Ninox natalis,Invertivore,Oriental
Ninox natalis,Invertivore,Oriental
Ninox novaeseelandiae,Invertivore,Australian
Ninox obscura,Invertivore,Oriental
Ninox obscura,Invertivore,Oriental
Ninox obscura,Invertivore,Oriental
Ninox ochracea,Invertivore,Oriental
Ninox odiosa,Omnivore,Oceanian
Ninox odiosa,Omnivore,Oceanian
Ninox philippensis,Omnivore,Sino-Japanese
Ninox punctulata,Omnivore,Oriental
Ninox randi,Invertivore,Sino-Japanese
Ninox reyi,Omnivore,Oceanian
Ninox roseoaxillaris,Invertivore,Oceanian
Ninox rudolfi,Invertivore,Oriental
Ninox rufa,Vertivore,Oceanian
Ninox rumseyi,Omnivore,Oriental
Ninox scutulata,Invertivore,Oriental
Ninox spilocephala,Omnivore,Oriental
Ninox spilonotus,Omnivore,Sino-Japanese
Ninox squamipila,Invertivore,Oceanian
Ninox strenua,Vertivore,Australian
Ninox sumbaensis,Invertivore,Oriental
Ninox theomacha,Invertivore,Oceanian
Ninox variegata,Invertivore,Oceanian
Otus alfredi,Invertivore,Oriental
Otus alius,NA,Oriental
Otus angelinae,Invertivore,Oriental
Otus bakkamoena,Invertivore,Oriental
Otus balli,Invertivore,Oriental
Otus balli,Invertivore,Oriental
Otus beccarii,NA,Oceanian
Otus brookii,Invertivore,Oriental
Otus brucei,Invertivore,Palearctic
Otus capnodes,Invertivore,Madagascan
Otus collari,Invertivore,Oceanian
Otus collari,Invertivore,Oceanian
Otus collari,Invertivore,Oceanian
Otus collari,Invertivore,Oceanian
Otus collari,Invertivore,Oceanian
Otus cyprius,Invertivore,Saharo-Arabian
Otus elegans,Invertivore,Sino-Japanese
Otus enganensis,Invertivore,Oriental
Otus everetti,Invertivore,Oriental
Otus feae,Invertivore,Afrotropical
Otus feae,Invertivore,Afrotropical
Otus fuliginosus,Invertivore,Oriental
Otus gurneyi,Vertivore,Oriental
Otus hartlaubi,NA,Afrotropical
Otus icterorhynchus,Invertivore,Afrotropical
Otus insularis,Invertivore,Oceanian
Otus ireneae,Invertivore,Afrotropical
Otus jolandae,Invertivore,Oriental
Otus lempiji,Invertivore,Oriental
Otus lettia,Invertivore,Oriental
Otus longicornis,Invertivore,Oriental
Otus magicus,Invertivore,Oceanian
Otus manadensis,Invertivore,Oriental
Otus mantananensis,Invertivore,Sino-Japanese
Otus mayottensis,Invertivore,Madagascan
Otus megalotis,Invertivore,Oriental
Otus mendeni,Invertivore,Oceanian
Otus mendeni,Invertivore,Oceanian
Otus mentawi,Invertivore,Oriental
Otus mindorensis,Invertivore,Oriental
Otus mirus,NA,Oriental
Otus moheliensis,Invertivore,Madagascan
Otus nigrorum,Invertivore,Oceanian
Otus nigrorum,Invertivore,Oceanian
Otus nigrorum,Invertivore,Oceanian
Otus nigrorum,Invertivore,Oceanian
Otus nigrorum,Invertivore,Oceanian
Otus nigrorum,Invertivore,Oceanian
Otus nigrorum,Invertivore,Oceanian
Otus nigrorum,Invertivore,Oceanian
Otus pamelae,Invertivore,Saharo-Arabian
Otus pauliani,Invertivore,Madagascan
Otus pembaensis,Invertivore,Afrotropical
Otus rufescens,Invertivore,Oriental
Otus rutilus,Invertivore,Madagascan
Otus sagittatus,Invertivore,Oriental
Otus scops,Invertivore,Palearctic
Otus semitorques,Invertivore,Palearctic
Otus senegalensis,Invertivore,Afrotropical
Otus siaoensis,NA,Oriental
Otus silvicola,Invertivore,Oceanian
Otus silvicola,Invertivore,Oceanian
Otus silvicola,Invertivore,Oceanian
Otus socotranus,Invertivore,Afrotropical
Otus spilocephalus,Invertivore,Oriental
Otus sulaensis,Invertivore,Oceanian
Otus sulaensis,Invertivore,Oceanian
Otus sulaensis,Invertivore,Oceanian
Otus sunia,Invertivore,Sino-Japanese
Otus tempestatis,Invertivore,Oriental
Otus thilohoffmanni,Invertivore,Oriental
Otus umbra,Invertivore,Oriental
Pseudoscops grammicus,Invertivore,Neotropical
Psiloscops flammeolus,Invertivore,Nearctic
Ptilopsis granti,Invertivore,Afrotropical
Ptilopsis leucotis,Vertivore,Afrotropical
Pulsatrix koeniswaldiana,Vertivore,Neotropical
Pulsatrix melanota,Vertivore,Neotropical
Pulsatrix perspicillata,Vertivore,Neotropical
Pyrroglaux podargina,Invertivore,Oceanian
Scotopelia bouvieri,Aquatic predator,Afrotropical
Scotopelia peli,Aquatic predator,Afrotropical
Scotopelia ussheri,Aquatic predator,Afrotropical
Strix aluco,Vertivore,Palearctic
Strix butleri,Vertivore,Saharo-Arabian
Strix chacoensis,Vertivore,Neotropical
Strix fulvescens,Vertivore,Neotropical
Strix hadorami,Vertivore,Saharo-Arabian
Strix hylophila,Vertivore,Neotropical
Strix leptogrammica,Vertivore,Oriental
Strix nebulosa,Vertivore,Palearctic
Strix nivicolum,Vertivore,Sino-Japanese
Strix occidentalis,Vertivore,Nearctic
Strix ocellata,Vertivore,Oriental
Strix rufipes,Vertivore,Neotropical
Strix seloputo,Vertivore,Oriental
Strix uralensis,Vertivore,Palearctic
Strix varia,Vertivore,Nearctic
Strix woodfordii,Invertivore,Afrotropical
Surnia ulula,Vertivore,Saharo-Arabian
Uroglaux dimorpha,Omnivore,Oceanian
Xenoglaux loweryi,Invertivore,Neotropical
Phodilus assimilis,Vertivore,Oriental
Phodilus badius,Vertivore,Oriental
Phodilus prigoginei,Vertivore,Afrotropical
Tyto alba,Vertivore,Afrotropical
Tyto almae,Vertivore,Oceanian
Tyto aurantia,Vertivore,Oceanian
Tyto capensis,Vertivore,Afrotropical
Tyto glaucops,Vertivore,Neotropical
Tyto inexspectata,Vertivore,Oceanian
Tyto longimembris,Vertivore,Oriental
Tyto multipunctata,Vertivore,Australian
Tyto nigrobrunnea,Vertivore,Oceanian
Tyto novaehollandiae,Vertivore,Australian
Tyto rosenbergii,Vertivore,Oriental
Tyto soumagnei,Vertivore,Madagascan
Tyto tenebricosa,Vertivore,Oceanian
Apteryx australis,Invertivore,Australian
Apteryx haastii,Invertivore,Australian
Apteryx mantelli,Invertivore,Australian
Apteryx owenii,Invertivore,Australian
Apteryx rowi,Invertivore,Australian
Casuarius bennetti,Frugivore,Oceanian
Casuarius casuarius,Frugivore,Oceanian
Casuarius unappendiculatus,Frugivore,Oceanian
Dromaius novaehollandiae,Omnivore,Australian
Rhea americana,Omnivore,Neotropical
Rhea pennata,Omnivore,Neotropical
Rhea tarapacensis,Omnivore,Neotropical
Struthio camelus,Omnivore,Afrotropical
Struthio molybdophanes,Omnivore,Afrotropical
Crypturellus atrocapillus,Omnivore,Neotropical
Crypturellus bartletti,Omnivore,Neotropical
Crypturellus berlepschi,Omnivore,Neotropical
Crypturellus boucardi,Omnivore,Neotropical
Crypturellus brevirostris,Omnivore,Neotropical
Crypturellus casiquiare,Omnivore,Neotropical
Crypturellus cinereus,Omnivore,Neotropical
Crypturellus cinnamomeus,Omnivore,Neotropical
Crypturellus duidae,Omnivore,Neotropical
Crypturellus erythropus,Omnivore,Neotropical
Crypturellus kerriae,Omnivore,Neotropical
Crypturellus noctivagus,Omnivore,Neotropical
Crypturellus obsoletus,Omnivore,Neotropical
Crypturellus occidentalis,Omnivore,Nearctic
Crypturellus parvirostris,Omnivore,Neotropical
Crypturellus ptaritepui,Omnivore,Neotropical
Crypturellus soui,Omnivore,Neotropical
Crypturellus strigulosus,Omnivore,Neotropical
Crypturellus tataupa,Omnivore,Neotropical
Crypturellus transfasciatus,Omnivore,Neotropical
Crypturellus undulatus,Omnivore,Neotropical
Crypturellus variegatus,Omnivore,Neotropical
Eudromia elegans,Omnivore,Neotropical
Eudromia formosa,Omnivore,Neotropical
Nothocercus bonapartei,Omnivore,Neotropical
Nothocercus julius,Omnivore,Neotropical
Nothocercus nigrocapillus,Omnivore,Neotropical
Nothoprocta cinerascens,Omnivore,Neotropical
Nothoprocta curvirostris,Omnivore,Neotropical
Nothoprocta ornata,Omnivore,Neotropical
Nothoprocta pentlandii,Omnivore,Neotropical
Nothoprocta perdicaria,Omnivore,Neotropical
Nothoprocta taczanowskii,Omnivore,Neotropical
Nothura boraquira,Omnivore,Neotropical
Nothura darwinii,Omnivore,Neotropical
Nothura maculosa,Omnivore,Neotropical
Nothura minor,Omnivore,Neotropical
Rhynchotus maculicollis,Omnivore,Neotropical
Rhynchotus rufescens,Omnivore,Neotropical
Taoniscus nanus,Omnivore,Neotropical
Tinamotis ingoufi,Omnivore,Neotropical
Tinamotis pentlandii,Omnivore,Neotropical
Tinamus guttatus,Omnivore,Neotropical
Tinamus major,Omnivore,Neotropical
Tinamus osgoodi,Omnivore,Neotropical
Tinamus solitarius,Omnivore,Neotropical
Tinamus tao,Omnivore,Neotropical
Anhinga anhinga,Aquatic predator,Neotropical
Anhinga melanogaster,Aquatic predator,Oriental
Anhinga novaehollandiae,Aquatic predator,Australian
Anhinga rufa,Aquatic predator,Afrotropical
Fregata andrewsi,Aquatic predator,Oriental
Fregata aquila,Aquatic predator,Afrotropical
Fregata ariel,Aquatic predator,Afrotropical
Fregata magnificens,Aquatic predator,Neotropical
Fregata minor,Aquatic predator,Neotropical
Gulosus aristotelis,Aquatic predator,Palearctic
Leucocarbo atriceps,Aquatic predator,Neotropical
Leucocarbo bougainvilliorum,Aquatic predator,Neotropical
Leucocarbo campbelli,Aquatic predator,Palearctic
Leucocarbo carunculatus,Aquatic predator,NA
Leucocarbo chalconotus,Aquatic predator,Australian
Leucocarbo colensoi,Aquatic predator,Neotropical
Leucocarbo magellanicus,Aquatic predator,Neotropical
Leucocarbo onslowi,Aquatic predator,Australian
Leucocarbo ranfurlyi,Aquatic predator,Australian
Leucocarbo verrucosus,Aquatic predator,Madagascan
Microcarbo africanus,Aquatic predator,Afrotropical
Microcarbo coronatus,Aquatic predator,Afrotropical
Microcarbo melanoleucos,Aquatic predator,Australian
Microcarbo niger,Aquatic predator,Oriental
Microcarbo pygmaeus,Aquatic predator,Saharo-Arabian
Nannopterum auritus,Aquatic predator,Nearctic
Nannopterum brasilianus,Aquatic predator,Neotropical
Nannopterum harrisi,Aquatic predator,Neotropical
Phalacrocorax capensis,Aquatic predator,Afrotropical
Phalacrocorax capillatus,Aquatic predator,Sino-Japanese
Phalacrocorax carbo,Aquatic predator,Oriental
Phalacrocorax featherstoni,Aquatic predator,Australian
Phalacrocorax fuscescens,Aquatic predator,Australian
Phalacrocorax fuscicollis,Aquatic predator,Oriental
Phalacrocorax neglectus,Aquatic predator,Madagascan
Phalacrocorax nigrogularis,Aquatic predator,Saharo-Arabian
Phalacrocorax punctatus,Aquatic predator,Australian
Phalacrocorax sulcirostris,Aquatic predator,Australian
Phalacrocorax varius,Aquatic predator,Australian
Poikilocarbo gaimardi,Aquatic predator,Neotropical
Urile pelagicus,Aquatic predator,Palearctic
Urile penicillatus,Aquatic predator,Nearctic
Urile urile,Aquatic predator,Palearctic
Morus bassanus,Aquatic predator,Saharo-Arabian
Morus capensis,Aquatic predator,Afrotropical
Morus serrator,Aquatic predator,Australian
Papasula abbotti,Aquatic predator,Oriental
Sula dactylatra,Aquatic predator,Afrotropical
Sula granti,Aquatic predator,Neotropical
Sula leucogaster,Aquatic predator,Neotropical
Sula nebouxii,Aquatic predator,Neotropical
Sula sula,Aquatic predator,Afrotropical
Sula variegata,Aquatic predator,Neotropical
Apalharpactes mackloti,Invertivore,Oriental
Apalharpactes reinwardtii,Invertivore,Oriental
Apaloderma aequatoriale,Invertivore,Afrotropical
Apaloderma narina,Invertivore,Afrotropical
Apaloderma vittatum,Invertivore,Afrotropical
Euptilotis neoxenus,Invertivore,Nearctic
Harpactes ardens,Invertivore,Oceanian
Harpactes diardii,Invertivore,Oriental
Harpactes duvaucelii,Invertivore,Oriental
Harpactes erythrocephalus,Invertivore,Oriental
Harpactes fasciatus,Invertivore,Oriental
Harpactes kasumba,Invertivore,Oriental
Harpactes oreskios,Invertivore,Oriental
Harpactes orrhophaeus,Invertivore,Oriental
Harpactes wardi,Invertivore,Sino-Japanese
Harpactes whiteheadi,Invertivore,Oriental
Pharomachrus antisianus,Frugivore,Neotropical
Pharomachrus auriceps,Frugivore,Neotropical
Pharomachrus fulgidus,Frugivore,Neotropical
Pharomachrus mocinno,Frugivore,Neotropical
Pharomachrus pavoninus,Frugivore,Neotropical
Priotelus temnurus,Frugivore,Neotropical
Temnotrogon roseigaster,Invertivore,Neotropical
Trogon ambiguus,Omnivore,Nearctic
Trogon aurantius,Invertivore,Neotropical
Trogon bairdii,Frugivore,Neotropical
Trogon chionurus,Frugivore,Neotropical
Trogon citreolus,Omnivore,Nearctic
Trogon clathratus,Frugivore,Neotropical
Trogon collaris,Invertivore,Neotropical
Trogon comptus,Omnivore,Neotropical
Trogon curucui,Invertivore,Neotropical
Trogon elegans,Omnivore,Neotropical
Trogon massena,Frugivore,Neotropical
Trogon melanocephalus,Omnivore,Neotropical
Trogon melanurus,Frugivore,Neotropical
Trogon mesurus,Frugivore,Neotropical
Trogon mexicanus,Invertivore,Nearctic
Trogon personatus,Omnivore,Neotropical
Trogon rufus,Omnivore,Neotropical
Trogon surrucura,Invertivore,Neotropical
Trogon violaceus,Frugivore,Neotropical
Trogon viridis,Frugivore,Neotropical
